character,AA,AE,AH,AO,AW,AY,EH,ER,EY,IH,IY,OW,OY,UH,UW
1H4_Falstaff,2.383979341626286,3.088208967530723,1.9110386901623617,1.8591143666831873,2.725088716828184,2.4115485497677276,1.468558671918662,1.2805146954509732,1.788423514225645,1.5940303857874172,1.8476245429147684,1.701770642957433,1.263085136728579,2.316804169198139,1.445587815273151
1H4_HenryIV,0.10007343440789004,0.02207638575512721,0.4364101339042711,0.09612217088410777,0.5748534738864923,-0.2333598237994657,0.28818114211457935,0.2189929406227893,-0.18667567444280214,0.16451075833300507,0.3539552045026377,-0.08558968573386709,0.3282594140650545,-0.22650320089925938,0.10612845908611995
1H4_HenryV,1.4932560378111115,1.6800591892337826,1.4600354547432206,1.412787228506205,2.439659259800526,1.3178431952926448,1.3600182094079418,0.8397132887850324,1.0414308723574501,1.161570666557511,1.1909250924059869,1.0968179163234546,0.7956722753968167,0.83320820330799,0.5431151994024563
1H4_Hotspur,1.5503536854915714,0.9759843000853126,1.480305263076665,1.2677309085986859,1.1837696488788298,1.0747975609648488,1.2853966414318216,1.4514376898724604,1.383274962703912,1.4178430927678258,1.1587339428712427,1.1380646931394076,0.17245512695446705,1.3277401919380396,0.8091071282906611
1H4_Worcester,-0.6650350445102725,-0.7728468761866939,-0.4047869119336775,-0.3948376811105726,-0.5288070932871193,-0.7480446964936223,-0.6344127892265428,-0.5096787724372353,-0.4145717346737768,-0.5082043604690712,-0.7662967993064604,-0.7592870403944341,-0.7623705957090575,-0.721035189529309,-0.6728479040864797
1H6_Charles,-0.8705865761599282,-0.8636952489800449,-0.8583238733944992,-0.885797533105253,-0.2624062667279716,-0.9124579197153666,-0.8447099353410633,-0.8245369200557644,-0.8577029629006719,-0.8966172564440796,-0.8628702479106931,-0.9792698500795172,-0.45076202148788264,-1.003624897317909,-1.1763326266248673
1H6_Gloucester,-0.6079373968298126,-0.5457259442033164,-0.5517430223511505,-0.5287358225636672,-0.30046352766499274,-0.605076676300801,-0.6140614525057827,-0.6716058197839073,-0.5411806570243183,-0.5882894936597947,-0.6182175114466372,-0.8142827428157049,-0.45076202148788264,-0.932977470370759,-0.5778507866264065
1H6_HenryVI,-0.8249084580155602,-0.7501347829883561,-0.43265789839216373,-0.2274650042942043,-0.7000647675037142,-0.7980835035611097,-0.41054808529818226,-0.5096787724372353,-0.7564158250202387,-0.6843916534886627,-0.7534203394925628,-0.8142827428157049,0.17245512695446705,-0.721035189529309,-0.5968502101184212
1H6_Pucelle,-0.11689762677785756,-0.40945338501329,-0.13114449943217615,-0.4171540380194217,-0.14823448391690838,-0.27625022985731207,-0.3223589595082221,-0.25779225434241193,-0.11071032103247726,-0.2359149076206118,-0.19329433758801373,-0.4843085282880802,-0.7623705957090575,-0.5797403356350092,-0.25486058726215793
1H6_Suffolk,-0.6878741035824565,-0.7577054807211354,-0.6150861733931646,-0.7518993916521584,-0.7190933979722247,-0.8123803055803918,-0.6547641259473028,-0.563654454886126,-0.6551286871398055,-0.5882894936597947,-0.5087676030285069,-0.8142827428157049,-0.60656630859847,-0.756358903002884,-0.682347615832487
1H6_Talbot,0.4997569681711093,0.3324749927990764,0.6391082172387166,0.6317147366964864,0.6699966262290451,0.8460487286563347,0.59345119292598,0.5428470353161335,0.7882130276563671,0.5128810877126517,0.4634051129207679,0.02440171910867446,0.4840637011756419,-0.15585577395210942,0.20112557654619306
1H6_York,-0.6536155149741806,-0.6290036192638881,-0.5669453786012338,-0.5622103579269409,-0.4907498323500982,-0.5621862702429545,-0.5462236634365826,-0.5006828253624201,-0.4525544113789392,-0.6203235469360839,-0.7727350292134093,-0.7042913379731633,-0.2949577343772952,-0.756358903002884,-0.8533424272606186
2H4_Archbishop,-0.7107131626546405,-0.9696850172389544,-0.6910979546435817,-0.7072666778344601,-0.3575494190705244,-0.9982387318310594,-0.7633045884580231,-0.7615652905320586,-0.8830247473707802,-0.8565746898487179,-0.7341056497717162,-0.8005338172103872,-0.7623705957090575,-0.791682616476459,-0.8913412742446479
2H4_ChiefJustice,-0.5850983377576287,-0.8258417603161486,-0.7240363931854291,-0.5287358225636672,-0.8713224417203091,-1.0125355338503415,-0.7972234829926231,-0.8335328671305795,-0.9210074240759426,-0.8405576632105732,-0.8628702479106931,-0.938023073263564,-0.2949577343772952,-0.756358903002884,-0.558851363134392
2H4_Falstaff,1.8701005125021468,2.702103383158981,2.1821473766221824,1.8479561882287627,1.1457123879418087,1.668114844765057,1.7873962805439028,1.874247202388771,1.6871363763452119,2.2307071946536676,1.8798156924495126,2.1692341135382343,1.5746937109497539,2.564070163513164,1.8635751320974727
2H4_HenryIV,-0.12831715631394952,-0.3413171054182767,0.07915476202731099,-0.36136314574729894,0.8793115613826611,-0.05464979855843914,0.15928934288309907,0.012086157902041593,-0.11071032103247726,0.18052778497114974,-0.05809150954208809,-0.2780746442083148,0.3282594140650545,-0.3324743413199843,-0.36885712821424566
2H4_HenryV,0.24852731837708578,-0.008206405175989782,0.07915476202731099,0.09612217088410777,0.19428086451628146,0.0883182216343821,-0.017088908696821357,-0.185824677743891,-0.18667567444280214,0.11645967841857104,0.13505538766637712,0.10689527274058062,0.9514765625074042,-0.12053206047853443,0.1346275943241419
2H4_MistressQuickly,-0.5850983377576287,-0.5684380374016542,-0.7468399275605542,-0.58452671483579,-0.39560668000754545,-0.5693346712525956,-0.7361694728303431,-0.7705612376068737,-0.6551286871398055,-0.9286513097203689,-0.624655741353586,-0.37431712344553864,-0.7623705957090575,0.3739999281515152,-0.5208525161503627
2H4_Shallow,-0.05979997909739766,-0.5078724555394202,-0.6733618723518178,-0.684950320925611,-0.6810361370352037,-0.7408962954839812,-0.3223589595082221,-0.563654454886126,-0.5158588725542099,-0.7524640167007776,-0.34137362544783706,-0.539304230709351,-0.7623705957090575,0.3386762146779403,-0.6063499218644285
2H6_Cade,-0.16257574492222546,0.0675005721518027,-0.16154921193234298,0.018014921703135893,0.44165306060691856,-0.3334374379344406,-0.06457536104526147,-0.31176793679130266,-0.09804942879742311,-0.22790639430153944,-0.06452973944903692,-0.4568106770774448,-0.13915344726670778,-0.5090929086878592,-0.4733539574203261
2H6_Gloucester,0.11149296394398202,0.1280661540140367,0.06901985786058873,0.19654577697392875,-0.015034070637334546,0.18839583576935698,0.02361376474469874,-0.07787331284610959,0.028559493553118362,-0.01968504800565869,0.05135839887604219,-0.23682786739236172,-0.13915344726670778,-0.3324743413199843,-0.3118588577382018
2H6_HenryVI,0.14575155255225797,-0.23532733715936724,0.12982928286092235,0.48665841678896715,0.5748534738864923,-0.026056194519874894,0.06431643818621884,0.09304968157537766,0.2817773382542013,0.06840859850413702,0.05779662878299103,-0.11308753694450248,0.4840637011756419,-0.15585577395210942,-0.14086404631007018
2H6_QueenMargaret,0.2371077888409938,-0.197473848495471,0.1830375297362143,0.40855116760799526,-0.015034070637334546,0.059724617595817854,0.037181322558538774,-0.338755778015748,-0.060066752092260665,0.14048521837578806,0.32176405496789345,-0.09933861133918478,0.016650839843879633,0.23270507425721534,-0.14086404631007018
2H6_Suffolk,-0.014121860953029745,0.0675005721518027,0.00821043286025509,0.15191306315623054,-0.09114859251137673,0.0883182216343821,-0.15276448683522167,-0.09586520699573982,-0.1233712132675314,-0.0437105879628757,0.012729019434349152,-0.23682786739236172,0.016650839843879633,-0.08520834700495945,-0.17886289329409943
2H6_Warwick,-0.6764545740463646,-0.8409831557817071,-0.7823120921440821,-0.8411648192875547,-0.7571506589092458,-0.8910127166864434,-0.9193315033171835,-0.8605207083550248,-0.8197202861955095,-0.8685874598273264,-0.8564320180037442,-1.116759106132694,-1.0739791699302323,-0.827006329950034,-0.9388398329746844
2H6_York,0.3398835546658216,0.7034391817052595,0.5200230932797298,1.0110928041469212,-0.09114859251137673,0.4671834751453584,0.49169450932217984,0.2189929406227893,0.5349951829552843,0.4448087245005369,0.2895729054331493,-0.08558968573386709,0.3282594140650545,-0.014560920057809502,0.31512211749828084
3H6_Clifford,-0.7449717512629164,-0.8712659467128241,-0.8811274077696243,-0.8411648192875547,-0.7381220284407353,-0.619373478320083,-0.7836559251787831,-0.8515247612802097,-0.9083465318408885,-0.8765959731463987,-0.9723201563288233,-0.8692784452369756,-0.45076202148788264,-0.721035189529309,-0.9483395447206917
3H6_EdwardIV,0.3170444955936376,0.5823080179807916,0.6745803818222444,1.2230981947809876,2.192287063709889,0.49577707918392266,0.9326401382719809,1.0196322302813348,1.0034481956522876,0.6730513540940984,0.9269576662210844,0.3818737848469345,0.4840637011756419,-0.19117948742568439,0.4386183701963759
3H6_HenryVI,0.5111764977072013,-0.0006357074432105337,0.23117832452814507,0.5870820228787881,0.6509679957605345,0.7030807084635134,0.7223429921574603,0.497867299942058,0.07920306249333495,0.24459589152372843,0.3925845839443307,0.134393123951216,1.1072808496179916,0.2680287877307903,0.020631053372054137
3H6_QueenMargaret,0.042975786727430146,-0.09905477796934077,-0.12607704734881503,0.2300203123372024,0.5367962129494713,-0.05464979855843914,0.003262428023938691,-0.04188952454684911,-0.11071032103247726,-0.12779997781313523,-0.2769913263783486,-0.31932142102426786,0.9514765625074042,-0.04988463353138448,-0.26436029900816527
3H6_RichardIII,0.2713663774492697,0.39304057466131037,0.48455092869620187,0.9218273765115247,0.8222256699771295,0.7173775104827956,0.5391809616706199,0.7227659768124359,0.7755521354213131,0.5048725743935794,0.43765219329297256,0.10689527274058062,0.7956722753968167,0.4446473550986652,0.381620099720332
3H6_Warwick,0.47691790909892534,0.5066010406529992,0.7784631495311478,1.3569963362340824,1.469199105906488,0.5458158862514101,1.0886670531311413,0.884693024159108,0.5856387518955009,0.781166283901575,0.6565520101292331,0.23063560318843987,0.7956722753968167,-0.29715062784640933,0.5906137581324928
3H6_York,-0.5280006900771688,-0.7577054807211354,-0.5694791046429144,-0.7295830347433092,-0.14823448391690838,-0.41921825005013336,-0.709034357202663,-0.6086341902602015,-0.6551286871398055,-0.8205363799128924,-0.7276674198647675,-0.8417805940263402,-0.60656630859847,-0.6857114760557341,-0.7203464628165163
AWW_Bertram,-0.1397366858500415,-0.24289803489214648,-0.2983704181830936,0.029173100157560448,-0.7190933979722247,0.15265383072115168,-0.4308994220189423,-0.02389763039721888,-0.30062370455828946,-0.1478212611108161,-0.29630601609919516,-0.12683646254982017,-0.2949577343772952,-0.6857114760557341,-0.09336548758003362
AWW_Countess,-0.32244915842751315,-0.18990315076269176,-0.11847586922377332,-0.03777597056898688,-0.5668643542241404,-0.13328220966449084,0.003262428023938691,0.2099969935479742,-0.16135388997269384,-0.1958723410252501,-0.032338589914292726,-0.360568197840221,-0.2949577343772952,0.2680287877307903,0.0681296121020907
AWW_Diana,-0.8591670466238361,-0.8864073421783827,-1.0382184223538196,-1.0308538530127722,-0.9474369635943513,-0.7051542904357758,-0.9057639455033435,-1.040439649851327,-0.870363855135726,-0.8806002298059349,-0.8306790983759489,-0.6217977843412571,-0.9181748828196449,-0.791682616476459,-0.8248432920225967
AWW_Fool,-0.6193569263659047,-0.26561012809048423,-0.4503939806839277,-0.4059958595649972,-1.0616087464054145,-0.5907798742815188,-0.47160209546046244,-0.5096787724372353,-0.5158588725542099,-0.5242213871072159,-0.5667116721910465,-0.5118063794987155,-0.9181748828196449,0.23270507425721534,-0.6443487688484577
AWW_Helen,0.48833743863501733,0.7867168567658314,0.7733956974477867,0.78792923505843,0.1752522340477709,1.1820235761094646,0.8308834546681806,0.8667011300094778,0.6109605363656091,1.1255323566216855,0.6436755503153354,0.9318308090596422,-0.13915344726670778,0.3739999281515152,0.7996074165446537
AWW_King,0.2827859069853617,0.1432075494795952,0.19570615994461713,0.15191306315623054,0.9934833441937244,0.2455830438464855,0.36280271009069953,0.6957781355879905,0.6489432130707715,0.39675764458610285,0.23806706617755855,-0.01684505770727862,0.016650839843879633,0.4093236416250902,0.31512211749828084
AWW_LORDS.DUMAINE.1,-0.6764545740463646,-0.7955589693850317,-0.718968941102068,-0.9973793176494985,-0.6620075065666932,-1.0911679449563931,-0.9261152822241034,-0.6536139256342771,-0.8830247473707802,-0.7524640167007776,-0.7405438796786651,-0.7317891891837986,-0.60656630859847,-0.5797403356350092,-0.8723418507526333
AWW_Lafew,-0.025541390489121723,0.10535406081569895,-0.02219427963991173,-0.20514864738535518,-0.43366394094456656,0.03827941456689467,-0.2545211704390219,0.10204562865019277,0.00323770908301007,-0.23991916428014795,-0.25123840675055326,-0.19558109057640863,-0.2949577343772952,0.3739999281515152,0.020631053372054137
AWW_Parolles,0.13433202301616598,0.3324749927990764,0.5453603536965355,0.21886213388277787,0.06108045123670764,0.46003507413571737,0.4374242780668197,0.4888713528672428,0.42104715283979693,0.709089664029924,0.43121396338602375,0.32687808242566374,0.17245512695446705,0.6565896359401151,0.4956166406724198
AYL_Celia,0.10007343440789004,-0.20504454622825025,-0.1032735129736899,-0.20514864738535518,0.0039945598311759995,-0.2976954328862353,-0.34271029622898214,0.057065893276117184,-0.11071032103247726,-0.21589362432293094,-0.19973256749496257,-0.09933861133918478,-1.2297834570408197,0.09141022036291543,-0.14086404631007018
AYL_Jaques,-0.49374210146889286,-0.3034636167543805,-0.31864022651653817,-0.45062857338269535,-0.6620075065666932,-0.39777304702121014,-0.4648183165535424,-0.5546585078113109,-0.5411806570243183,-0.2839659875350458,-0.3220589357269905,-0.6767934867625279,0.016650839843879633,-0.5090929086878592,-0.1503637580560775
AYL_Oliver,-0.7335522217268244,-0.8409831557817071,-0.7696434619356793,-0.9862211391950739,-0.7381220284407353,-0.840973909618956,-0.742953251737263,-0.7795571846816888,-0.8577029629006719,-0.6523576002123733,-0.8886231675384885,-0.7730359659997518,-0.13915344726670778,-0.721035189529309,-0.6728479040864797
AYL_Orlando,0.16859061162444192,-0.06120128930544452,0.01834533702697736,-0.06009232747783598,-0.414635310476056,0.43858987110679415,-0.11206181339370158,-0.10486115407055493,-0.4145717346737768,0.06440434184460085,0.08998777831773523,-0.09933861133918478,0.016650839843879633,0.4799710685722402,0.08712903559410533
AYL_Rosalind,2.3611402825541017,2.5128359398395,2.019988909954626,2.1492270064982257,1.431141844969467,2.125612509382085,1.8552340696131029,2.099145879259149,1.8264061909308074,2.094562468229438,2.221041877517801,1.9355023782478338,-0.13915344726670778,3.835723848561863,3.079538235586409
AYL_Touchstone,0.16859061162444192,0.014505688022347963,0.04114887140210247,0.14075488470180597,-0.3194921581335033,-0.12613380865484977,0.15250556397617904,0.17401320524871372,-0.32594548902839776,0.1605065016734689,-0.0065856702864973676,-0.18183216497109095,-0.13915344726670778,0.3033525012043653,-0.16936318154809213
Ado_Beatrice,-0.07121950863348964,0.21134382907460844,-0.042464087973356275,-0.03777597056898688,-0.5097784628186087,-0.047501397548798084,-0.01030512978990134,-0.40172740753945385,-0.11071032103247726,0.23258312154511993,-0.05809150954208809,-0.09933861133918478,-0.7623705957090575,0.6565896359401151,-0.02686750535798243
Ado_Benedick,0.8766014428621446,1.2561001161981447,0.7784631495311478,0.7990874135128546,0.13719497311074982,1.3535852003408502,0.49169450932217984,0.9476646536828138,0.7628912431862589,0.8972897270281239,1.0943516438017542,0.9455797346649599,0.6398679882862294,1.5750061862530644,0.8186068400366684
Ado_Claudio,-0.32244915842751315,-0.40945338501329,-0.3642472952667884,-0.23862318274862884,-0.3194921581335033,-0.16902421471269616,-0.302007622787462,-0.36574361924019333,-0.2119974589129104,-0.023689304665194855,-0.10959734879767881,0.12064419834589832,-0.45076202148788264,0.020762793415765476,-0.24536087551615063
Ado_Dogberry,-0.23109292213877733,-0.348887803151056,-0.6150861733931646,-0.4617867518371199,-0.6620075065666932,-0.840973909618956,-0.49195343218122245,-0.491686878287605,-0.27530192008818116,-0.5282256437667521,-0.6890380404230744,-0.5255553051040333,-0.7623705957090575,-0.36779805479355926,-0.3878565517062603
Ado_DonPedro,-0.1397366858500415,0.02964708348790646,0.11209320056915838,-0.06009232747783598,0.0039945598311759995,-0.2976954328862353,0.04396510146545879,-0.17682873066907587,0.0918639547283891,0.1845320416306859,0.4762815727346656,-0.04434290891791401,-0.2949577343772952,0.5859422089929651,0.07762932384809801
Ado_Leonato,-0.0369609200252137,0.15077824721237443,-0.050065266098397974,0.3639184537902971,-0.18629174485392946,0.49577707918392266,0.0914515538138989,0.4708794587176126,0.053881278023226654,0.21256183824743907,0.24450529608450738,0.39562271045225217,-0.13915344726670778,-0.12053206047853443,0.41011923495835395
Ant_Antony,2.772243345853413,2.3689926829166943,1.966780663079334,2.3277578617690184,2.801203238702226,2.7904138032787036,2.2486932462144638,2.449987815176939,2.1682502812772695,2.1546263181224807,2.7682914196084525,2.4029658488286354,1.5746937109497539,1.9635670344623892,1.8065768616214288
Ant_Cleopatra,1.6188708627081232,1.6119229096387695,1.3865573995344842,0.988776447238072,1.4882277363749985,1.5823340326493642,1.5770991344293823,1.1815592776280068,1.699797268580266,1.4338601194059706,2.0987155092857734,1.9492513038531514,0.9514765625074042,1.6103298997266395,0.714110010830588
Ant_Enobarbus,-0.0369609200252137,0.3021922018679594,0.05888495369386645,-0.16051593356765698,-0.30046352766499274,-0.26195342783802994,-0.017088908696821357,0.5158591940916882,-0.047405859857206516,0.1845320416306859,0.540663871804154,0.20313775197780448,0.016650839843879633,-0.12053206047853443,-0.055366640596004366
Ant_Octavius,0.43123979095455744,0.5520252270496746,0.5149556411963687,0.1630712416106551,0.13719497311074982,-0.047501397548798084,0.23391091085921922,0.3269443055205707,0.16782930813871397,0.43279595452192837,0.7338107690126192,0.4368694872682053,0.4840637011756419,0.1267339338364904,0.48611692892641245
Cor_Aufidius,-0.27677104028314525,-0.18990315076269176,-0.33637630880830216,-0.16051593356765698,-0.14823448391690838,-0.1761726157223372,-0.19346716027674177,-0.338755778015748,-0.2119974589129104,-0.22390213764200328,-0.1546649581463207,0.134393123951216,-0.2949577343772952,-0.5090929086878592,-0.4638542456743188
Cor_Cominius,-0.23109292213877733,-0.3640291986166145,-0.3819833775585524,-0.20514864738535518,-0.5288070932871193,-0.6694122853875705,-0.17989960246290174,-0.3567476721653782,-0.2879628123232353,-0.2719532175564373,-0.23192371702970677,-0.31932142102426786,0.3282594140650545,0.05608650688934045,-0.29285943424618716
Cor_Coriolanus,2.669467580028585,2.7929517559523322,2.5115317620406565,2.260808791042471,2.0020007590247832,2.826155808326909,2.750692885326545,2.55793918007472,3.3203914746671965,2.066532671612685,2.272547716773392,2.8841782450147546,4.84658374027209,2.2108330287774143,3.2220339117765184
Cor_Menenius,1.127831092656168,1.324236395793158,1.292809535992303,1.189623659417714,0.4606816910754291,0.44573827211643524,1.2311264101764616,1.1455754893287464,1.2186833636482082,1.1896004631742643,1.422701369056145,1.2893028747979023,0.016650839843879633,1.8222721805680893,2.110567637493663
Cor_TRIBUNES.Brutus,-0.390966335644065,-0.500301757806641,-0.5390743921427477,-0.4729449302915445,-0.6620075065666932,-1.1412067520238807,-0.3155751806013021,-0.41072335461426895,-0.5918242259645349,-0.45614902389510104,-0.3993176946103766,-0.37431712344553864,0.016650839843879633,-0.5444166221614342,-0.3118588577382018
Cor_TRIBUNES.Sicinius,-0.20825386306659338,-0.12176687116767851,-0.30090414422477424,-0.4059958595649972,-0.47172120188158767,-0.9124579197153666,-0.17311582355598173,-0.32975983094093286,-0.30062370455828946,-0.0677361279200927,-0.06452973944903692,-0.18183216497109095,0.3282594140650545,-0.3324743413199843,-0.09336548758003362
Cor_Volumnia,0.08865390487179807,0.17349034041071218,-0.09820606089032877,-0.026617792114562323,0.631939365292024,-0.16902421471269616,-0.07135913995218149,0.1560213110990835,-0.24998013561807286,-0.047714844622411864,-0.08384442916988344,0.1756399007671691,0.6398679882862294,0.1620576473100654,0.03963047686406876
Cym_Belarius,0.41982026141846546,0.02207638575512721,-0.0019244713064671829,0.006856743248711339,0.23233812545330254,-0.20476621976090145,-0.04422402432450142,0.0660618403509323,0.18049020037376812,0.028366031908775333,0.06423485868993987,0.25813345439907526,1.8863022851709286,-0.014560920057809502,-0.08386577583402631
Cym_Cloten,-0.05979997909739766,-0.2126152439610295,-0.29583669214141306,-0.4617867518371199,-0.47172120188158767,-0.21191462077054252,-0.302007622787462,-0.01490168332240376,-0.4145717346737768,-0.055723357941484204,-0.3671265450756324,-0.22307894178704402,-0.2949577343772952,-0.29715062784640933,-0.3023591459921945
Cym_Cymbeline,-0.3681272765718811,-0.3034636167543805,-0.2857017879746908,-0.09356686284110964,0.6509679957605345,-0.4621086561079797,-0.4376832009258623,0.20100104647315906,-0.4905370880841017,-0.2559361909182926,-0.19973256749496257,-0.19558109057640863,1.263085136728579,-0.29715062784640933,-0.3213585694842091
Cym_Guiderius,-0.7563912807990084,-0.7879882716522524,-0.8785936817279437,-0.9527466038318003,-0.7952079198462669,-0.8910127166864434,-0.9125477244102634,-0.7885531317565039,-0.8830247473707802,-0.8765959731463987,-0.7727350292134093,-0.7867848916050695,-0.7623705957090575,-0.791682616476459,-0.8438427155146113
Cym_Iachimo,0.5796936749237531,0.6504442975758049,0.748058437030981,0.6540310936053354,0.0039945598311759995,0.6030030943285386,0.3221000366491794,0.8397132887850324,0.5223342907202301,0.6970768940513155,0.5471021017111029,0.32687808242566374,0.4840637011756419,0.6212659224665401,0.27712327051425156
Cym_Imogen,1.2534459175531798,1.6119229096387695,0.8950145474484539,1.3123636224163842,0.9173688223196822,1.7395988548614676,0.980126590620421,1.262522801301343,1.1427180102378833,1.2176302597910174,1.50639835784648,1.3305496516138553,0.3282594140650545,1.8929196075152392,1.2365941568609902
Cym_Pisanio,-0.6992936331185484,-0.40945338501329,-0.6074849952681229,-0.4729449302915445,-0.8903510721888197,-0.4835538591369029,-0.6751154626680629,-0.4826909312127899,-0.6551286871398055,-0.48417882051185424,-0.6890380404230744,-0.4843085282880802,-0.13915344726670778,-0.3324743413199843,-0.4543545339283115
Cym_Posthumus,0.6139522635320291,0.6428735998430256,0.5048207370296465,0.8883528411482511,-0.07211996204286618,0.7316743125020777,0.57309985620522,0.9386687066079987,0.9401437344770169,0.7371194606466771,0.3603934344095865,1.0830689907181368,0.3282594140650545,0.5859422089929651,0.7616085695606245
Cym_Queen,-0.6992936331185484,-0.7728468761866939,-0.8355203390193741,-0.8523229977419793,-0.5288070932871193,-0.8552707116382382,-0.8514937142479833,-0.40172740753945385,-0.6171460104346431,-0.7764895566579946,-0.7598585693995116,-0.8555295196316579,-0.60656630859847,-1.0389486107914838,-0.5968502101184212
Err_Adriana,-0.4709030423967089,-0.37917059408217296,-0.3287751306832605,-0.1493577551132324,-0.12920585344839783,-0.1404306106741319,-0.2070347180905818,-0.4557030899883445,0.16782930813871397,0.020357518589702996,0.006290789527400312,-0.3468192722349033,-0.9181748828196449,-0.12053206047853443,-0.3213585694842091
Err_AntipholusOfEphesus,-0.5508397491493527,-0.5911501305999919,-0.5745465567262755,-0.4059958595649972,-0.09114859251137673,-0.1761726157223372,-0.5597912212504226,-0.5366666136616806,-0.2119974589129104,-0.35604260740669685,-0.39287946470342777,-0.4568106770774448,-1.2297834570408197,-0.6503877625821591,-0.5018530926583481
Err_AntipholusOfSyracuse,-0.1968343335305014,-0.4321654782116277,-0.42505672026712205,-0.1047250412955342,0.2703953863903236,0.12406022668258743,-0.1663320446490617,-0.2308044131179666,-0.32594548902839776,-0.2439234209396841,0.03204370915519567,-0.2780746442083148,-0.7623705957090575,-0.5444166221614342,-0.27386001075417254
Err_DromioOfEphesus,-0.7449717512629164,-0.5154431532721995,-0.8760599556862632,-0.7965321054698565,-0.7000647675037142,-0.45496025509833865,-0.9125477244102634,-0.5546585078113109,-0.6171460104346431,-0.7204299634244882,-0.8499937880967954,-0.2643257186029971,-1.2297834570408197,-0.756358903002884,-0.6158496336104358
Err_DromioOfSyracuse,-0.425224924252341,0.1432075494795952,-0.3870508296419135,-0.26093953965747796,-0.7381220284407353,-0.27625022985731207,-0.2070347180905818,0.04806994620130207,0.053881278023226654,-0.4161064572997394,-0.3220589357269905,-0.360568197840221,-0.45076202148788264,-0.29715062784640933,-0.34035799297622377
Err_Egeon,-0.7792303398711923,-0.8712659467128241,-0.7696434619356793,-0.8300066408331301,-0.7952079198462669,-0.6908574884164937,-0.8447099353410633,-0.9324882849535457,-0.7184331483150763,-0.9166385397417605,-0.8950613974454372,-0.7455381147891164,0.016650839843879633,-0.862330043423609,-1.052836373926772
H5_BishopOfCanterbury,-0.48232257193280087,-0.4170240827460692,-0.13367822547385672,-0.5398940010180918,-0.7000647675037142,-0.9196063207250077,-0.3834129696705022,-0.3567476721653782,-0.22465835114796456,-0.1318042344726714,-0.6954762703300232,-0.7042913379731633,-0.9181748828196449,-0.47376919521428423,-0.4638542456743188
H5_Chorus,-0.5622592786854447,-0.530584548737758,-0.12100959526545388,-0.12704139820438332,-0.18629174485392946,-0.8338255086093149,-0.36306163294974214,-0.5726504019609411,-0.5031979803191559,-0.1077786945154544,-0.502329373121558,-0.4430617514721271,0.17245512695446705,-0.827006329950034,-0.682347615832487
H5_Fluellen,-0.16257574492222546,0.2719094109368424,0.3249261880703261,0.21886213388277787,-0.623950245629672,-0.26910182884767103,-0.2477373915321019,-0.4467071429135294,-0.022084075387098223,0.39675764458610285,-0.141788498332423,-0.4430617514721271,-0.9181748828196449,0.727237062887265,0.4576177936883905
H5_HenryV,4.14258689018445,3.7165768793514005,4.216729388091679,4.269280912838891,5.02755300351796,2.69748459015337,4.317745812825069,4.168213706466626,4.244636607826149,4.405018560781807,3.5988230776048526,3.8328541117816752,3.132736582055628,3.0939258656167885,2.880044288920255
H5_Pistol,-0.8249084580155602,-0.9469729240406166,-0.8152505306859296,-0.8523229977419793,-0.5288070932871193,-0.6336702803393652,-1.0007368502002236,-1.1393950676742934,-0.7564158250202387,-0.9406640796989775,-0.9272525469801814,-0.6905424123678456,0.17245512695446705,-0.827006329950034,-1.109834644402816
H8_Buckingham,-0.48232257193280087,-0.4927310600738617,-0.5112034056842614,-0.7184248562888846,-0.7571506589092458,-0.6265218793297241,-0.5597912212504226,-0.6266260844098318,-0.4525544113789392,-0.5402384137453606,-0.6053410516327394,-0.3468192722349033,-0.9181748828196449,-0.6857114760557341,-0.6633481923404724
H8_Chamberlain,-0.8477475170877442,-0.9999678081700714,-0.8431215171444157,-0.8523229977419793,-0.6049216151611615,-1.062574340917829,-0.702250578295743,-0.9324882849535457,-0.4398935191438851,-0.8005150966152116,-0.824240868469,-0.8005338172103872,-0.9181748828196449,-0.6503877625821591,-0.682347615832487
H8_Cranmer,-0.984781871520848,-0.7349933875227976,-0.7924469963108044,-0.9304302469229512,-0.8713224417203091,-0.8910127166864434,-0.8650612720618234,-0.7705612376068737,-0.4525544113789392,-0.9887151596134115,-0.9530054666079768,-0.9105252220529287,-0.60656630859847,-0.756358903002884,-0.9578392564666991
H8_HenryVIII,0.8309233247177766,0.5595959247824539,0.7961992318229117,0.564765665969939,0.44165306060691856,0.638745099376744,0.8308834546681806,0.8127254475605871,0.6995867820109881,0.6530300707964176,0.5792932512458471,0.1481420495565337,0.6398679882862294,0.76256077636084,1.2270944451149828
H8_Katherine,0.5796936749237531,0.18106103814349145,0.4060054214041043,0.8325619488761283,-0.1672631143854189,0.4743318761549995,0.3085324788353394,0.08405373450056254,0.35774269166452616,0.424787441202856,0.31532582506094464,0.45061841287352294,0.016650839843879633,0.9038556302551399,0.5811140463864856
H8_Norfolk,-0.48232257193280087,-0.6668571079277844,-0.4681300629756917,-0.3948376811105726,-0.6620075065666932,-0.9053095187057256,-0.47160209546046244,-0.5726504019609411,-0.4905370880841017,-0.3640511207257692,-0.8049261787481535,-0.7730359659997518,-0.7623705957090575,-0.6150640491085841,-0.5873504983724138
H8_Wolsey,0.2713663774492697,0.5823080179807916,0.8190027661980369,0.8325619488761283,0.1752522340477709,0.5172222822128458,0.59345119292598,0.5878267706902092,0.686925889775934,0.43279595452192837,0.5277874119902564,0.5743587433213821,1.8863022851709286,1.4337113323587645,0.5811140463864856
Ham_Claudius,0.9793772086869724,1.2106759298014693,1.3004107141173449,1.2007818378721387,1.3359986926269143,0.21698943980792124,1.000477927341181,1.3434863249746791,0.8641783810666921,1.5980346424469534,0.9333958961280332,1.0830689907181368,1.263085136728579,0.727237062887265,1.322091562575056
Ham_Gertrude,-0.961942812448664,-0.7652761784539146,-0.8811274077696243,-1.008537496103923,-0.7571506589092458,-0.8767159146671614,-0.9057639455033435,-1.0134518086268818,-0.9210074240759426,-0.8205363799128924,-0.8564320180037442,-0.6492956355518925,-0.45076202148788264,-0.721035189529309,-0.8913412742446479
Ham_Hamlet,6.141004559000547,6.154341549306319,6.54522362039612,5.429731472099045,4.380579567588601,4.934934106171022,5.708420488743672,5.769492285783717,6.346344718845137,6.391129863911747,5.401527451550527,6.651383860871802,4.690779453161502,5.672556949187762,5.948451182880618
Ham_Horatio,-0.11689762677785756,-0.48516036234108245,-0.15648175984898183,0.006856743248711339,-0.47172120188158767,-0.14757901168377296,-0.34271029622898214,-0.4377111958387143,-0.24998013561807286,0.06840859850413702,-0.36068831516868355,-0.31932142102426786,-0.13915344726670778,-0.22650320089925938,-0.16936318154809213
Ham_Laertes,-0.6992936331185484,-0.8182710625833693,-0.5238720358926642,-0.6403176071079127,-0.7381220284407353,-0.5550378692333136,-0.5869263368781027,-0.6806017668587224,-0.5665024414944265,-0.5802809803407223,-0.8371173282828978,-0.4293128258668094,0.7956722753968167,-1.0389486107914838,-0.6633481923404724
Ham_Ophelia,-0.7221326921907324,-0.8939780399111619,-0.8684587775612215,-0.5175776441092427,-0.7000647675037142,-0.7766383005321864,-0.8854126087825834,-1.0764234381505877,-0.6424677949047514,-0.8966172564440796,-0.824240868469,-0.4568106770774448,-1.0739791699302323,-0.6857114760557341,-0.8248432920225967
Ham_Polonius,0.11149296394398202,0.13563685174681595,0.2134422422363811,0.29696938306374976,-0.414635310476056,0.30991865293325505,0.12537044834849898,-0.0868692599209247,-0.009423183152044077,0.29264697143816243,0.3603934344095865,0.134393123951216,-0.7623705957090575,-0.014560920057809502,0.6286126051165222
JC_Antony,0.3513030842019136,0.02964708348790646,0.11969437869420008,-0.1493577551132324,-0.03406270110584509,-0.24765662581874784,0.14572178506925904,0.2099969935479742,-0.1233712132675314,0.08842988180181786,0.3925845839443307,0.4093716360575699,0.016650839843879633,0.19738136078364035,0.5336154876564491
JC_Brutus,2.5324332255954816,2.020740587208849,1.8578304432870698,1.513210834596026,1.849771715276699,1.803934463948237,2.296179698562904,1.9821985672865523,1.1427180102378833,1.6981410589353576,2.4528181541679595,2.265476592775458,1.5746937109497539,2.140185601830264,1.9965710965415753
JC_Caesar,-0.7792303398711923,-0.6971398988589014,-0.8557901473528187,-0.9304302469229512,-0.8713224417203091,-0.9124579197153666,-0.6547641259473028,-0.878512602504655,-0.8197202861955095,-0.8966172564440796,-0.5795881320049441,-0.8417805940263402,-0.9181748828196449,-0.791682616476459,-0.862842139006626
JC_Casca,-0.8134889284794683,-0.8712659467128241,-0.8684587775612215,-0.9862211391950739,-0.9664655940628618,-0.8981611176960845,-0.6751154626680629,-0.9055004437291004,-0.9843118852512134,-0.8325491498915009,-0.7276674198647675,-0.7730359659997518,-0.45076202148788264,-0.5090929086878592,-0.8533424272606186
JC_Cassius,0.9793772086869724,0.8472824386280653,0.8291376703647592,0.5089747736978163,0.6129107348235134,0.6101514953381797,1.0411806007827011,1.190555224702822,0.5349951829552843,0.9333280369639494,0.8754518269654937,1.2755539491925845,0.016650839843879633,0.9391793437287149,1.170096174638939
Jn_Bastard,1.2877045061614558,1.3772312799226127,1.2725397276588586,1.1449909456000158,1.6214281496545724,1.0319071549070025,1.000477927341181,1.3344903778998638,1.0667526568275585,0.973370603559311,0.9849017353836239,0.6568522969532884,1.4188894238391663,0.6919133494136901,0.866105398766705
Jn_Constance,0.008717198119154211,-0.22018594169380876,-0.2933029660997325,-0.21630682583977973,0.34650990826436584,-0.12613380865484977,-0.28165628606670196,-0.26678820141722703,-0.13603210550258554,-0.13580849113220758,-0.2061707974019114,-0.04434290891791401,0.9514765625074042,-0.12053206047853443,-0.3878565517062603
Jn_Dauphin,-0.7107131626546405,-0.7198519920572392,-0.6809630504768595,-0.7072666778344601,-0.5097784628186087,-0.7623414985129043,-0.8447099353410633,-0.7435733963824283,-0.5665024414944265,-0.8245406365724286,-0.8049261787481535,-0.7592870403944341,-0.13915344726670778,-1.074272324265059,-0.8723418507526333
Jn_Hubert,-0.8477475170877442,-0.9166901331094996,-0.9039309421447494,-0.8411648192875547,-0.8522938112517986,-0.6765606863972116,-0.8854126087825834,-0.9684720732528063,-1.0855990231316466,-0.8966172564440796,-1.0045113058635675,-1.0205166268954702,-0.13915344726670778,-1.003624897317909,-0.8533424272606186
Jn_KingJohn,0.41982026141846546,0.4838889474546614,0.8443400266148425,0.7098219858774583,1.6214281496545724,0.4886286781742816,0.6138025296467401,0.5338510882413184,0.5603169674253925,0.7050854073703878,0.6436755503153354,0.32687808242566374,0.7956722753968167,0.020762793415765476,0.4576177936883905
Jn_KingPhilip,-0.6421959854380885,-0.6062915260655505,-0.4377253504755249,-0.6514757855623373,-0.11017722297988727,-1.0125355338503415,-0.5326561056227426,-0.491686878287605,-0.37658905796861436,-0.4761703071927819,-0.5989028217257907,-0.6080488587359394,0.4840637011756419,-0.791682616476459,-0.6253493453564432
Jn_Pandulph,-0.5165811605410768,-0.6592864101950052,-0.5846814608929979,-0.7518993916521584,-0.3765780495390349,-1.0411291378889058,-0.6208452314127028,-0.7345774493076132,-0.6044851181995889,-0.7604725300198498,-0.824240868469,-0.47055960268276253,-1.0739791699302323,-0.862330043423609,-0.8438427155146113
Jn_Salisbury,-0.7563912807990084,-0.8712659467128241,-0.5998838171430813,-0.7184248562888846,-0.623950245629672,-0.948199924763572,-0.7972234829926231,-0.7795571846816888,-0.7943985017254012,-0.6803873968291265,-0.7662967993064604,-0.7042913379731633,-1.2297834570408197,-0.968301183844334,-0.6633481923404724
LLL_Armado,-0.44806398332452496,-0.4927310600738617,-0.17421784214074582,-0.5398940010180918,-0.5097784628186087,-0.3405858389440816,-0.5530074423435026,-0.5276706665868655,-0.4019108424387226,-0.21188936766339478,-0.35425008526173474,-0.5805510075253041,1.263085136728579,-0.721035189529309,-0.682347615832487
LLL_Berowne,1.4018998015223756,1.0971154638097804,1.3941585776595258,1.7363744036845172,0.6509679957605345,1.575185631639723,1.2718290836179817,1.199551171777637,2.1049458201019986,1.449877146044115,1.583657116729866,1.5780303125095738,1.1072808496179916,1.0804741976230148,1.4360881035271438
LLL_Boy,-0.8020693989433763,-0.7879882716522524,-0.759508557768957,-0.7072666778344601,-0.8713224417203091,-0.955348325773213,-1.0346557447348237,-0.7705612376068737,-0.870363855135726,-0.8485661765296456,-0.9143760871662838,-0.8692784452369756,-0.9181748828196449,-1.1095960377386338,-0.682347615832487
LLL_Boyet,-0.24251245167486932,-0.31103431448715974,-0.47066378901737227,-0.5175776441092427,-0.5668643542241404,-0.49785066115618504,-0.308791401694382,-0.4467071429135294,-0.27530192008818116,-0.22790639430153944,-0.5087676030285069,-0.31932142102426786,-0.45076202148788264,-0.756358903002884,-0.42585539869028954
LLL_Costard,-0.5280006900771688,-0.4473068736771862,-0.6404234338099704,-0.7407412131977338,-0.7761792893777564,-0.6408186813490063,-0.7972234829926231,-0.21281251896833636,-0.4525544113789392,-0.5642639537025776,-0.6825998105161255,-0.19558109057640863,-0.60656630859847,-0.6857114760557341,-0.6063499218644285
LLL_Holofernes,-0.7221326921907324,-0.8107003648505902,-0.3870508296419135,-0.8188484623787057,-0.9664655940628618,-0.8695675136575203,-0.7972234829926231,-0.5456625607364957,-0.6298069026696973,-0.5962980069788669,-0.7920497189342558,-0.8142827428157049,-0.2949577343772952,-0.756358903002884,-0.7393458863085308
LLL_King,0.07723437533570608,0.03721778122068571,0.00821043286025509,-0.026617792114562323,0.13719497311074982,-0.09754020461628551,0.037181322558538774,-0.11385710114537005,0.16782930813871397,0.020357518589702996,-0.019462130100395048,0.09314634713526293,-0.7623705957090575,-0.40312176826713425,-0.017367793611975116
LLL_Princess,-0.11689762677785756,-0.3715998963493937,-0.25022962339116284,0.10728034933853232,0.023023190299686545,-0.49070226014654394,-0.0035213508829813247,-0.17682873066907587,0.42104715283979693,-0.0677361279200927,-0.2190472572158091,-0.14058538815513785,-0.9181748828196449,-0.22650320089925938,-0.055366640596004366
LLL_Rosaline,-0.8134889284794683,-0.5760087351344334,-0.8025819004775266,-0.7965321054698565,-0.7761792893777564,-0.7408962954839812,-0.7565208095511031,-0.6895977139335376,-0.4145717346737768,-0.5882894936597947,-0.9272525469801814,-0.8005338172103872,-0.60656630859847,-0.5090929086878592,-0.4543545339283115
Lr_Albany,-0.7906498694072843,-1.0378212968339675,-0.8659250515195409,-0.9973793176494985,-0.8142365503147775,-0.9267547217346488,-0.702250578295743,-0.6895977139335376,-0.7057722560800221,-0.8806002298059349,-1.023825995584414,-0.8280316684210225,-1.0739791699302323,-1.074272324265059,-0.8818415624986405
Lr_Edgar,0.671049911212489,0.21891452680738768,0.2945214755701593,0.1853875985195042,0.2894240168588342,0.40284786605858885,0.23391091085921922,0.23698483477241955,0.20581198484387642,0.2486001481832646,0.10286423813163291,0.47811626408415836,-0.13915344726670778,0.9038556302551399,0.03963047686406876
Lr_Edmund,0.3398835546658216,0.02964708348790646,0.17036889952781145,-0.17167411202208152,-0.3194921581335033,0.26702824687540866,-0.13919692902138164,0.3719240408946463,0.028559493553118362,0.13247670505671572,-0.19973256749496257,-0.360568197840221,-0.13915344726670778,-0.08520834700495945,-0.07436606408801899
Lr_Fool,-0.5736788082215367,-0.2807515235560427,-0.6530920640183732,-0.4617867518371199,0.023023190299686545,-0.44781185408869756,-0.3291427384151421,-0.716585555157983,-0.5411806570243183,-0.6603661135314457,-0.6053410516327394,-0.40181497465617405,-0.45076202148788264,-0.5797403356350092,-0.6538484805944651
Lr_Gloucester,-0.10547809724176557,-0.008206405175989782,0.0310139672353802,-0.09356686284110964,-0.015034070637334546,0.09546662264402317,0.3017486999284194,0.14702536402426836,0.18049020037376812,0.2646171748214093,-0.019462130100395048,0.09314634713526293,0.3282594140650545,0.3739999281515152,0.11562817083212726
Lr_Goneril,-0.5394202196132608,-0.4170240827460692,-0.5796140088096366,-0.4729449302915445,-0.7571506589092458,-0.5478894682236725,-0.6004938946919427,-0.41072335461426895,-0.5538415492593723,-0.5922937503193307,-0.8499937880967954,-0.4980574538933979,-0.7623705957090575,-0.5090929086878592,-0.42585539869028954
Lr_Kent,0.11149296394398202,0.13563685174681595,0.09689084431907496,0.41970934606241983,-0.05309133157435564,0.10261502365366423,0.02361376474469874,0.33594025259538585,0.35774269166452616,0.15249798835439657,-0.19329433758801373,0.5606098177160646,0.016650839843879633,0.09141022036291543,0.4956166406724198
Lr_Lear,2.5895308732759412,1.6724884915010034,1.6703347162027078,2.2050178987703486,3.257890369946479,2.261432128565265,1.8484502907061828,2.989744639665846,2.4341290182134063,1.5700048458302003,2.06008612984408,2.320472295196729,2.5095194336132782,1.5750061862530644,2.0345699435256046
Lr_Regan,-0.7107131626546405,-0.7274226897900185,-0.7265701192271097,-0.6514757855623373,-0.623950245629672,-0.6765606863972116,-0.6615479048542229,-0.2308044131179666,-0.6171460104346431,-0.6403448302337648,-0.7662967993064604,-0.41556390026149176,-0.9181748828196449,-0.5797403356350092,-0.3973562634522676
MM_Angelo,0.008717198119154211,-0.03848919610710678,-0.0019244713064671829,0.3081275615181743,-0.2433776362594611,0.11691182567294636,0.08466777490697888,-0.02389763039721888,0.29443823048925544,-0.12779997781313523,0.03848193906214451,0.07939742152994524,-0.45076202148788264,0.05608650688934045,0.04913018861007607
MM_Duke,2.1099106327600783,2.8610880355473456,2.9143942026678666,3.5774738486645683,1.7355999324656357,1.904012078083212,2.791395558768065,3.178659528236963,2.3455027725680275,3.2678096694735355,2.703909120538964,3.5578755996753215,0.3282594140650545,2.458099023092439,4.219503645107286
MM_Escalus,-0.5965178672937207,-0.6517157124622259,-0.5846814608929979,-0.5064194656548181,-0.833265180783288,-0.9339031227442899,-0.6411965681334628,-0.5816463490357562,-0.7310940405501305,-0.5162128737881436,-0.7341056497717162,-0.47055960268276253,-0.2949577343772952,-0.6150640491085841,0.0016316298800395106
MM_Isabella,0.2256882593049018,0.6807270885069219,0.4820172026545213,0.34160209688144794,-0.07211996204286618,0.44573827211643524,0.4577756147875798,0.5878267706902092,0.07920306249333495,0.5689406809461581,0.4247757334790749,0.6980990737692414,-0.45076202148788264,0.83320820330799,0.42911865845036856
MM_Lucio,-0.07121950863348964,-0.22018594169380876,-0.08553743068192593,0.051489457066409554,-0.33852078860201384,-0.047501397548798084,-0.2002509391836618,-0.2398003601927817,-0.16135388997269384,0.14448947503532422,0.07711131850383755,0.18938882637248677,-0.9181748828196449,0.3739999281515152,0.2391244235302223
MM_Pompey,-0.7678108103351003,-0.5760087351344334,-0.7544411056855959,-0.5064194656548181,-0.7761792893777564,-0.8552707116382382,-0.7836559251787831,-0.21281251896833636,-0.7057722560800221,-0.7444555033817052,-0.7083527301439209,-0.9517719988688818,-1.0739791699302323,-0.04988463353138448,-0.6348490571024504
MM_Provost,-0.8705865761599282,-0.7728468761866939,-0.7113677629770262,-0.45062857338269535,-1.1567518987479672,-0.9267547217346488,-0.7768721462718632,-0.797549078831319,-0.9969727774862676,-0.6043065202979393,-0.7727350292134093,-0.6630445611572102,-1.0739791699302323,-0.791682616476459,-0.7013470393245016
MND_Bottom,-0.32244915842751315,-0.197473848495471,-0.33130885672494104,-0.21630682583977973,-0.5097784628186087,-0.06894660057772127,-0.4308994220189423,-0.3927314604646387,0.07920306249333495,-0.4121022006402032,-0.3284971656339394,-0.33307034662958557,-0.2949577343772952,0.23270507425721534,-0.017367793611975116
MND_Demetrius,-0.5965178672937207,-1.052962692299526,-0.9926113536035693,-0.8746393546508284,-0.6810361370352037,-0.6694122853875705,-0.8582774931549033,-0.9144963908039155,-1.0096336697213217,-0.9366598230394413,-0.8821849376315396,-0.7317891891837986,-1.2297834570408197,-0.5090929086878592,-0.8248432920225967
MND_Helena,-0.3110296288914212,-0.4170240827460692,-0.47066378901737227,-0.21630682583977973,-0.5478357237556298,-0.3048438338958763,-0.47160209546046244,-0.5186747195120504,-0.5285197647892641,-0.5722724670216499,-0.1289120385185253,0.07939742152994524,0.17245512695446705,-0.08520834700495945,0.0681296121020907
MND_Hermia,-0.8134889284794683,-0.7122812943244599,-0.8684587775612215,-0.9527466038318003,-0.5858929846926509,-0.3334374379344406,-0.7565208095511031,-0.5096787724372353,-0.6424677949047514,-0.8806002298059349,-0.6117792815396883,-0.4430617514721271,-0.9181748828196449,-0.827006329950034,-0.6443487688484577
MND_Lysander,-0.6878741035824565,-0.8485538535144864,-0.6682944202684565,-0.684950320925611,-0.4526925714130771,-0.4263666510597744,-0.6276290103196228,-0.8245369200557644,-0.7184331483150763,-0.7524640167007776,-0.36068831516868355,-0.539304230709351,-0.45076202148788264,-0.6503877625821591,-0.5778507866264065
MND_Oberon,-0.6307764559019966,-0.6441450147294466,-0.4199892681837609,-0.8300066408331301,-0.05309133157435564,-0.44781185408869756,-0.40376430639126226,-0.5276706665868655,-0.32594548902839776,-0.408097943980667,-0.34137362544783706,-0.9242741476582464,-0.13915344726670778,-0.862330043423609,-0.710846751070509
MND_RobinGoodfellow,-0.7107131626546405,-0.5760087351344334,-0.6125524473514841,-0.6180012501990637,-0.18629174485392946,-0.605076676300801,-0.6683316837611429,-0.8515247612802097,-0.8830247473707802,-0.7804938133175306,-0.6310939712605348,-0.6492956355518925,-0.60656630859847,-0.6857114760557341,-0.9483395447206917
MND_Theseus,-0.6878741035824565,-0.42459478047884847,-0.08807115672360649,-0.3390467888384498,-0.6049216151611615,-0.6908574884164937,-0.288440064973622,-0.4646990370631596,-0.4019108424387226,-0.29197450085411814,-0.26411486656445093,-0.5942999331306218,0.6398679882862294,-0.5797403356350092,-0.34985770472223104
MND_Titania,-0.8477475170877442,-0.9999678081700714,-0.7493736536022347,-0.8746393546508284,-0.4907498323500982,-0.8338255086093149,-0.8582774931549033,-0.9504801791031761,-0.8577029629006719,-0.8846044864654711,-0.7791732591203582,-1.0205166268954702,-0.2949577343772952,-1.2862146051065086,-1.0338369504347575
MV_Antonio,-0.5736788082215367,-0.6290036192638881,-0.6074849952681229,-0.43947039492827084,-0.8903510721888197,-0.5621862702429545,-0.5258723267158225,-0.9684720732528063,-0.5031979803191559,-0.6643703701909818,-0.6504086609813814,-0.7317891891837986,-0.9181748828196449,-1.0389486107914838,-0.3213585694842091
MV_Bassanio,0.008717198119154211,-0.1520496620987955,0.16276772140276974,-0.0824086843866851,-0.3575494190705244,0.40284786605858885,0.16607312179001907,-0.05088547162166423,0.015898601318064216,0.22057035156651142,0.1994376867358655,0.3681248592416168,-0.45076202148788264,0.09141022036291543,0.5241157759104417
MV_Gratiano,-0.6421959854380885,-0.530584548737758,-0.7088340369353456,-0.7407412131977338,-0.7952079198462669,-0.5335926662043904,-0.729385693923423,-0.8155409729809493,-0.7690767172552929,-0.7684810433389222,-0.8113644086551024,-0.6492956355518925,0.016650839843879633,-0.43844548174070924,-0.53035222789637
MV_LanceletGobbo,-0.32244915842751315,-0.33374640768549746,-0.6049512692264424,-0.5510521794725164,-0.9854942245313724,-0.5478894682236725,-0.715818136109583,-0.5006828253624201,-0.8577029629006719,-0.6964044234672712,-0.7083527301439209,-0.5668020819199864,-0.9181748828196449,-0.40312176826713425,-0.378356839960253
MV_Lorenzo,-0.8020693989433763,-0.7349933875227976,-0.5821477348513172,-0.684950320925611,-0.6049216151611615,-0.7694898995225454,-0.6683316837611429,-0.8425288142053946,-0.7564158250202387,-0.5882894936597947,-0.7727350292134093,-0.7180402635784809,-0.60656630859847,-1.1095960377386338,-0.6348490571024504
MV_Portia,1.0364748563674322,1.3393777912587166,1.4853727151600262,1.7363744036845172,0.8222256699771295,1.3106947942830038,1.7806125016369827,0.9476646536828138,1.1427180102378833,1.6260644390637065,1.5772188868229173,0.9593286602702776,0.4840637011756419,1.3630639054116147,1.8540754203514656
MV_Shylock,0.6938889702846729,0.3476163882646349,0.3654658047372152,0.2077039554283533,0.08010908170521819,0.5887062923092565,0.2203433530453792,-0.09586520699573982,0.16782930813871397,0.1965448116092944,0.2960111353400981,0.27188238000439297,-0.7623705957090575,0.19738136078364035,0.4766172171804051
Mac_LadyMacbeth,-0.28819056981923724,-0.3413171054182767,-0.2882355140163714,-0.28325589656632705,-0.09114859251137673,-0.5764830722622367,-0.3834129696705022,-0.3927314604646387,-0.11071032103247726,-0.32000429747087134,-0.48945291330766033,-0.4568106770774448,-0.2949577343772952,-0.08520834700495945,-0.21686174027812868
Mac_Macbeth,1.4361583901306516,1.6952005846993412,2.1061355953717653,1.4239454069606297,2.306458846520952,1.9611992861603404,1.7806125016369827,1.568385001845057,2.1049458201019986,1.874328351954949,1.6995452550549452,1.6467749405361622,2.353715146502691,2.104861888356689,1.3980892565431144
Mac_Macduff,-0.7792303398711923,-0.9242608308422788,-0.7519073796439153,-0.8969557115596775,-0.6620075065666932,-0.8195287065900329,-0.6751154626680629,-0.8155409729809493,-0.7310940405501305,-0.8405576632105732,-0.7984879488412047,-0.6217977843412571,0.17245512695446705,-0.791682616476459,-0.8723418507526333
Mac_Malcolm,-0.6536155149741806,-0.47001896687552397,-0.39465200776695525,-0.5064194656548181,-0.4907498323500982,-0.5621862702429545,-0.5258723267158225,-0.644617978559462,-0.5031979803191559,-0.5242213871072159,-0.5602734422840976,-0.41556390026149176,-0.13915344726670778,-0.15585577395210942,-0.7203464628165163
Oth_Brabantio,-0.6764545740463646,-0.8712659467128241,-0.8177842567276101,-0.9192720684685266,-0.6049216151611615,-0.9624967267828541,-0.9396828400379436,-0.8245369200557644,-0.870363855135726,-0.9246470530608327,-0.9143760871662838,-0.896776296447611,-1.2297834570408197,-0.6503877625821591,-0.8818415624986405
Oth_Cassio,-0.11689762677785756,-0.318605012219939,-0.12354332130713445,-0.45062857338269535,-0.30046352766499274,-0.15472741269341403,-0.14598070792830165,-0.40172740753945385,-0.1486929977376397,-0.32400855413040747,-0.0065856702864973676,0.010652793503356767,-0.7623705957090575,-0.43844548174070924,-0.3878565517062603
Oth_Desdemona,0.13433202301616598,0.16591964267793294,0.00821043286025509,0.7990874135128546,-0.1672631143854189,0.8674939316852579,0.04396510146545879,-0.185824677743891,-0.07272764432731481,0.23258312154511993,0.2766964456192516,0.49186518968947607,-0.60656630859847,0.4446473550986652,0.5716143346404783
Oth_Emilia,-0.3567077470357891,-0.3867412918149522,-0.47826496714241395,-0.0824086843866851,-0.5097784628186087,-0.36203104197300484,-0.4444669798327824,-0.5276706665868655,-0.4019108424387226,-0.5362341570858244,-0.3735647749825812,-0.0718407601285494,-0.7623705957090575,0.3739999281515152,-0.42585539869028954
Oth_Iago,3.685805708740771,3.799854554411972,3.8189343995478295,3.6555810978455403,2.7821746082337153,3.769744741599529,3.9853406463859877,3.5025136229303073,3.4090177203125758,4.248852551059897,3.978678642114834,3.887849814202946,1.7304979980603412,5.001406393189837,4.656490385423623
Oth_Othello,3.0919901728639885,2.3084271010544604,2.6052796255828374,1.937221615864159,2.192287063709889,3.040607838616141,2.452206613422064,2.315048609054712,2.1809111735123237,2.214690168015523,2.794044339236248,2.9254250218307076,1.5746937109497539,2.387451596145289,2.082068502255641
Per_Gower,-0.5165811605410768,-0.42459478047884847,-0.24262844526612115,0.0626476355208341,-0.30046352766499274,-0.4692570571176208,-0.19346716027674177,-0.06887736577129447,-0.16135388997269384,-0.007672278027050183,-0.26411486656445093,-0.23682786739236172,-0.60656630859847,-0.5797403356350092,-0.18836260504010674
Per_Marina,-0.5051616310049848,-0.8334124580489279,-0.8228517088109712,-0.7407412131977338,-0.9284083331258408,-0.4692570571176208,-0.9600341767587036,-0.5096787724372353,-0.7057722560800221,-0.7564682733603136,-0.663285120795279,-0.8280316684210225,-1.2297834570408197,-0.15585577395210942,-0.5873504983724138
Per_Pericles,1.264865447089272,1.1652517434047938,1.2598710974504557,1.6471089760491207,1.3169700621584037,1.9969412912085458,1.6992071547539427,1.5413971606206116,1.2440051481183165,1.2376515430886983,1.422701369056145,0.7393458505851945,0.7956722753968167,0.6565896359401151,1.5405849327332242
Per_Simonides,-0.6878741035824565,-0.8712659467128241,-0.9165995723531523,-0.7072666778344601,-1.004522854999883,-0.8695675136575203,-0.742953251737263,-0.6176301373350167,-0.7184331483150763,-0.7044129367863435,-0.8757467077245907,-0.8830273708422933,-0.45076202148788264,-1.1802434646857838,-0.48285366916633343
R2_Gaunt,-0.44806398332452496,-0.47001896687552397,-0.5568104744345116,-0.6291594286534882,-0.3194921581335033,-0.4263666510597744,-0.5055209899950625,-0.644617978559462,-0.5285197647892641,-0.44413625391649253,-0.7019145002369721,-0.6630445611572102,0.4840637011756419,-0.756358903002884,-0.7203464628165163
R2_HenryIV,0.2827859069853617,0.49903034292021986,0.7328560807808976,0.8102455919672792,0.23233812545330254,0.8174551246177705,0.36958648899761953,0.5698348765405788,0.4970125062501218,0.5128810877126517,0.43121396338602375,0.2993802312150283,2.665323720723866,0.1620576473100654,0.29612269400626623
R2_Mowbray,-0.7906498694072843,-0.8788366444456034,-0.8025819004775266,-1.008537496103923,-0.8713224417203091,-0.41921825005013336,-0.9125477244102634,-1.031443702776512,-0.7310940405501305,-0.8605789465082541,-1.0624553750261072,-0.8142827428157049,-0.13915344726670778,-0.862330043423609,-0.8913412742446479
R2_Northumberland,-0.7678108103351003,-0.8864073421783827,-0.7240363931854291,-0.6961084993800355,-0.8903510721888197,-0.9624967267828541,-0.8175748197133832,-0.8965044966542853,-0.7690767172552929,-0.7324427334030966,-0.7791732591203582,-0.8830273708422933,0.4840637011756419,-1.2155671781593587,-0.9578392564666991
R2_RichardII,2.246944987193182,2.0964475645366414,2.4532560630820033,2.216176077224773,3.809720653533285,2.36150974270024,2.5946659704673847,2.2250891383065605,3.1304780911413843,2.4629540809067656,2.1759742681691594,2.224229815959505,1.8863022851709286,0.8685319167815649,1.5120857974952022
R2_York,0.15717108208834993,-0.348887803151056,-0.14888058172394014,-0.0824086843866851,0.06108045123670764,-0.05464979855843914,0.02361376474469874,-0.32076388386611776,-0.060066752092260665,0.1084511650994987,-0.1546649581463207,-0.15433431376045556,0.3282594140650545,-0.04988463353138448,0.058629900356083384
R3_Buckingham,0.44265932049064943,-0.23532733715936724,0.5478940797382161,1.412787228506205,0.023023190299686545,0.09546662264402317,0.34923515227685953,0.3899159350442765,0.6742649975408799,0.6890683807322431,0.22519060636366087,0.21688667758312216,1.263085136728579,0.1620576473100654,0.41011923495835395
R3_Clarence,-0.6079373968298126,-0.6668571079277844,-0.648024611935012,-0.6068430717446391,-0.7761792893777564,-0.5621862702429545,-0.6683316837611429,-0.7525693434572435,-0.9083465318408885,-0.6643703701909818,-0.7019145002369721,-0.6492956355518925,-0.2949577343772952,-0.6150640491085841,-0.6728479040864797
R3_DuchessOfYork,-0.8134889284794683,-1.01510920363563,-0.8101830786025684,-0.9750629607406494,-0.6810361370352037,-0.5764830722622367,-0.7972234829926231,-0.797549078831319,-0.9083465318408885,-0.9847109029538753,-0.7405438796786651,-0.6767934867625279,-0.45076202148788264,-0.791682616476459,-0.9768386799587137
R3_Hastings,-0.7335522217268244,-0.8107003648505902,-0.8760599556862632,-0.7742157485610074,-0.6620075065666932,-0.6408186813490063,-0.7633045884580231,-0.8875085495794702,-0.5918242259645349,-0.8165321232533562,-0.9530054666079768,-0.6355467099465748,-0.7623705957090575,-0.5797403356350092,-0.8723418507526333
R3_HenryVII,-0.6650350445102725,-1.0075385059028505,-0.6910979546435817,-0.8411648192875547,-0.7190933979722247,-0.8910127166864434,-0.709034357202663,-0.7615652905320586,-0.7943985017254012,-0.8165321232533562,-0.8950613974454372,-0.9517719988688818,-0.60656630859847,-0.827006329950034,-0.9388398329746844
R3_LadyAnne,-0.7335522217268244,-0.7804175739194732,-0.7823120921440821,-0.8523229977419793,-0.47172120188158767,-0.5121474631754671,-0.5937101157850228,-0.8425288142053946,-0.8956856396058344,-0.8205363799128924,-0.7920497189342558,-0.5118063794987155,0.016650839843879633,-0.827006329950034,-0.9008409859906552
R3_QueenElizabeth,-0.27677104028314525,-0.24289803489214648,-0.22742608901603775,-0.004301435205713214,-0.12920585344839783,0.01683421153797148,0.003262428023938691,0.2909605172213102,-0.174014782207748,-0.2439234209396841,-0.26411486656445093,-0.33307034662958557,1.1072808496179916,-0.22650320089925938,-0.09336548758003362
R3_QueenMargaret,-0.4709030423967089,-0.4170240827460692,-0.44279280255888603,-0.4729449302915445,0.08010908170521819,-0.2548050268283889,-0.3155751806013021,-0.3567476721653782,-0.3892499502036685,-0.46816179387370954,-0.36068831516868355,-0.6355467099465748,-0.2949577343772952,-0.897653756897184,-0.48285366916633343
R3_RichardIII,4.325299362761922,4.011834090929792,4.285139991217054,4.905297084741091,3.429148044163074,4.870598497084252,4.677286094891829,4.627007007282197,4.269958392296258,4.216818497783607,4.307028367369225,3.0079185754626137,4.379170878940328,3.3058681464582382,3.877514022251023
Rom_Benvolio,-0.8591670466238361,-0.8788366444456034,-0.7696434619356793,-0.9304302469229512,-0.7571506589092458,-0.8266771075996739,-0.7972234829926231,-0.8965044966542853,-0.8577029629006719,-0.81252786659382,-0.6761615806091767,-0.33307034662958557,-0.45076202148788264,-0.862330043423609,-0.8058438685305821
Rom_Capulet,-0.0369609200252137,-0.43973617594440695,-0.4225229942254415,-0.16051593356765698,0.21330949498479201,0.0025374095186893567,0.08466777490697888,-0.22180846604315146,-0.07272764432731481,-0.263944704237365,-0.1546649581463207,0.010652793503356767,0.016650839843879633,-0.26182691437283434,0.03013076511806145
Rom_FriarLawrence,-0.0369609200252137,-0.06877198703822378,0.2438469547365479,0.0626476355208341,0.4987389520124502,0.46003507413571737,0.4781269515083398,0.10204562865019277,0.2817773382542013,0.20054906826883057,0.2766964456192516,0.7943415530064653,-0.2949577343772952,0.09141022036291543,0.020631053372054137
Rom_Juliet,1.207767799408812,1.1879638366031315,0.9102169036985374,0.8660364842394019,1.6975426715286146,1.7538956568807498,1.1429372843865013,0.3989118821190917,1.2566660403533707,1.0854897900263238,1.3969484494283497,2.320472295196729,2.353715146502691,1.2570927649908896,0.8376062635286831
Rom_Mercutio,-0.413805394716249,-0.06877198703822378,-0.050065266098397974,-0.2497813612030534,0.09913771217372873,-0.36203104197300484,-0.3359265173220621,-0.41072335461426895,0.015898601318064216,-0.2759574742159735,-0.3156207058200417,-0.04434290891791401,-0.9181748828196449,-0.15585577395210942,-0.5873504983724138
Rom_Nurse,-0.3567077470357891,-0.13690826663323702,-0.3110390483914965,-0.2274650042942043,-0.2624062667279716,-0.22621142278982465,-0.05779158213834145,-0.3837355133898236,0.4970125062501218,-0.4040936873211309,0.1479318474802748,0.5743587433213821,-0.7623705957090575,-0.04988463353138448,-0.17886289329409943
Rom_Romeo,1.173509210800536,1.384801977655392,1.1433196995331496,0.9329855549659493,1.8878289762137201,2.097018905343521,1.909504300868463,1.3524822720494942,1.2566660403533707,1.6781197756376767,1.834748083100871,1.743017419773386,2.1979108593921035,0.6919133494136901,0.9421030927347634
Shr_Baptista,-0.7221326921907324,-0.8485538535144864,-0.7899132702691238,-0.6180012501990637,-0.4526925714130771,-0.7123026914454169,-0.6954667993888229,-0.716585555157983,-0.6551286871398055,-0.7844980699770668,-0.7920497189342558,-0.7592870403944341,-1.0739791699302323,-0.6150640491085841,-0.48285366916633343
Shr_Gremio,-0.7906498694072843,-0.5078724555394202,-0.7696434619356793,-0.8188484623787057,-0.7381220284407353,-0.7480446964936223,-0.742953251737263,-0.5996382431853864,-0.7310940405501305,-0.668374626850518,-0.7276674198647675,-0.7317891891837986,-0.60656630859847,-0.5797403356350092,-0.5113528044043554
Shr_Grumio,-0.5622592786854447,-0.5760087351344334,-0.741772475477193,-0.6514757855623373,-0.14823448391690838,-0.5335926662043904,-0.709034357202663,-0.26678820141722703,-0.6424677949047514,-0.7764895566579946,-0.6439704310744325,-0.539304230709351,-0.7623705957090575,-0.6503877625821591,-0.6538484805944651
Shr_Hortensio,-0.8020693989433763,-0.39431198954773145,-0.6024175431847618,-0.684950320925611,-0.623950245629672,-0.5335926662043904,-0.5597912212504226,-0.41072335461426895,-0.5538415492593723,-0.6243278035956201,-0.463699993679865,-0.4843085282880802,-1.0739791699302323,-0.5444166221614342,-0.226361452024136
Shr_Katherine,-0.425224924252341,-0.530584548737758,-0.5238720358926642,-0.5175776441092427,-0.5097784628186087,-0.37632784399228697,-0.47160209546046244,-0.5996382431853864,-0.1993365666778563,-0.5482469270644329,-0.2769913263783486,-0.4568106770774448,-0.60656630859847,-0.40312176826713425,-0.007868081865967802
Shr_Lord,-0.9733623419847559,-0.9318315285750581,-0.7544411056855959,-0.8300066408331301,-0.5858929846926509,-1.1197615489949575,-0.6751154626680629,-0.9594761261779912,-0.8197202861955095,-0.7764895566579946,-0.824240868469,-0.8830273708422933,-0.45076202148788264,-0.721035189529309,-0.9103406977366625
Shr_Lucentio,-0.6307764559019966,-0.6517157124622259,-0.665760694226776,-0.7072666778344601,-0.5478357237556298,-0.5121474631754671,-0.8650612720618234,-0.6626098727090922,-0.7437549327851846,-0.7965108399556754,-0.7147909600508697,-0.8417805940263402,-1.2297834570408197,-0.756358903002884,-0.6158496336104358
Shr_Petruchio,1.4247388605945597,1.1576810456720146,1.2624048234921363,1.2454145516898367,1.2789128012213826,1.5894824336590052,1.1632886211072615,1.487421478171721,2.244215634687594,1.0494514800904984,1.7188599447757917,1.0555711395075016,-0.45076202148788264,1.04515048414944,1.5880834914632607
Shr_Tranio,-0.18541480399440943,0.2946215041351802,-0.0728688004735231,0.006856743248711339,-0.7190933979722247,-0.28339863086695316,-0.2477373915321019,0.2189929406227893,-0.13603210550258554,-0.2319106509610756,-0.07096796935598576,-0.16808323936577324,-0.60656630859847,-0.5090929086878592,0.4386183701963759
TGV_Duke,-0.6421959854380885,-0.4775896646083032,-0.589748912976359,-0.5064194656548181,-0.33852078860201384,-0.24050822480910677,-0.4512507587397024,-0.338755778015748,-0.5791633337294807,-0.6243278035956201,-0.47013822358681384,-0.8005338172103872,-0.7623705957090575,-0.791682616476459,-0.6443487688484577
TGV_Julia,-0.1397366858500415,0.22648522454016692,-0.09820606089032877,-0.37252132420172346,-0.1672631143854189,0.13835702870186956,-0.0781429188591015,0.02108210497685671,-0.047405859857206516,0.09243413846135402,0.03848193906214451,-0.16808323936577324,-0.60656630859847,0.6919133494136901,0.2201250000382077
TGV_Lance,-0.436644453788433,-0.023347800641548278,-0.5036022275592197,-0.35020496729287437,-0.30046352766499274,-0.3334374379344406,-0.4512507587397024,-0.185824677743891,-0.4398935191438851,-0.35604260740669685,-0.3800030048895301,-0.539304230709351,-0.60656630859847,-0.36779805479355926,-0.6538484805944651
TGV_Proteus,0.15717108208834993,0.6504442975758049,0.5174893672380493,0.8214037704217038,0.2894240168588342,1.2535075862058753,0.7087754343436203,0.884693024159108,0.45902982954495936,0.6930726373917793,0.6372373204083867,0.2993802312150283,0.3282594140650545,0.1267339338364904,0.9326033809887562
TGV_Speed,-0.5850983377576287,-0.3413171054182767,-0.7468399275605542,-0.5733685363813654,-0.6810361370352037,-0.5264442651947493,-0.6818992415749829,-0.10486115407055493,-0.8577029629006719,-0.7604725300198498,-0.5345205226563022,-0.6905424123678456,-1.0739791699302323,-0.756358903002884,-0.27386001075417254
TGV_Sylvia,-0.8591670466238361,-0.7349933875227976,-0.9165995723531523,-0.8523229977419793,-0.7761792893777564,-0.6265218793297241,-0.7226019150165031,-0.8065450259061341,-0.8070593939604553,-0.8966172564440796,-0.8628702479106931,-0.6492956355518925,-1.0739791699302323,-0.47376919521428423,-0.6063499218644285
TGV_Valentine,-0.05979997909739766,0.3476163882646349,0.2286445984864645,0.3639184537902971,0.19428086451628146,0.5958546933188975,0.35601893118377953,0.43489567041835214,0.3324209071944179,0.2526044048428008,0.48271980264161446,0.12064419834589832,0.9514765625074042,0.3739999281515152,0.33412154099029545
TNK_Arcite,0.8195037951816847,0.6958684839724804,0.8848796432817316,0.46434205988011806,0.6890252566975557,0.8817907337045401,0.8783699070166208,1.3704741661991244,0.7628912431862589,0.5168853443721879,1.1716104026851404,0.808090478611783,0.3282594140650545,0.4446473550986652,1.1035981924168878
TNK_Daughter,0.03155625719133817,-0.03848919610710678,0.06395240577722759,0.19654577697392875,0.11816634264223928,0.2241378408175623,0.40350538353221965,-0.20381657189352123,0.00323770908301007,0.024361775249239166,0.2766964456192516,0.10689527274058062,0.3282594140650545,0.8685319167815649,0.020631053372054137
TNK_Emilia,0.042975786727430146,0.26433871320406316,0.3401285443204095,0.07380581397525866,0.06108045123670764,0.2956218509139729,0.28818114211457935,0.5248551411665033,0.00323770908301007,0.20054906826883057,0.006290789527400312,0.4231205616628876,1.263085136728579,0.5506184955193901,-0.055366640596004366
TNK_Palamon,1.0364748563674322,1.3015243025948202,1.1306510693247467,1.111516410236742,1.6975426715286146,1.339288398321568,0.9258563593650608,1.5324012135457965,0.9401437344770169,0.8812727003899792,1.2874985410102195,1.3030518004032199,0.4840637011756419,1.5043587593059145,1.170096174638939
TNK_Theseus,-0.014121860953029745,0.03721778122068571,0.04114887140210247,0.3081275615181743,0.0039945598311759995,-0.3119922349055174,0.2135595741384592,0.1650172581738986,-0.009423183152044077,-0.10377443785591822,-0.05165327963513924,-0.2643257186029971,0.016650839843879633,-0.19117948742568439,0.27712327051425156
TN_AndrewAguecheek,-0.9733623419847559,-0.5760087351344334,-0.9013972161030689,-0.8076902839242811,-1.004522854999883,-0.5979282752911599,-0.7768721462718632,-0.9324882849535457,-0.8577029629006719,-0.9086300264226881,-0.7662967993064604,-0.7180402635784809,-1.0739791699302323,-0.6857114760557341,-0.8438427155146113
TN_Feste,-0.08263903816958162,0.17349034041071218,-0.10073978693200934,-0.38367950265614803,-0.18629174485392946,0.07402141961509998,0.05753265927929882,0.14702536402426836,0.40838626060474276,-0.09576592453684589,-0.17397964786716721,0.038150644713992155,-0.60656630859847,0.4799710685722402,0.20112557654619306
TN_Malvolio,-0.33386868796360514,0.0977833630829197,-0.14888058172394014,-0.3167304319296007,-0.5097784628186087,-0.07609500158736233,-0.10527803448678157,-0.32076388386611776,-0.03474496762215237,-0.027693561324731025,0.11574069794553059,0.05189957031930985,-0.2949577343772952,-0.08520834700495945,0.19162586480018576
TN_Maria,-0.8249084580155602,-0.7577054807211354,-0.7899132702691238,-0.8969557115596775,-0.833265180783288,-0.7909351025514686,-0.9532503978517836,-0.797549078831319,-0.4652153036139934,-0.6123150336170117,-0.7019145002369721,-0.8005338172103872,-0.7623705957090575,-0.862330043423609,-0.6918473275784943
TN_Olivia,-0.05979997909739766,-0.06877198703822378,-0.14127940359889843,-0.2720977181119025,0.13719497311074982,0.059724617595817854,-0.27487250715978195,-0.4467071429135294,-0.174014782207748,-0.007672278027050183,-0.032338589914292726,0.2856313056097106,-1.0739791699302323,0.05608650688934045,0.33412154099029545
TN_Orsino,-0.5051616310049848,-0.22018594169380876,-0.4503939806839277,-0.6403176071079127,-0.2814348971964822,-0.5049990621658261,-0.5394398845296626,-0.6266260844098318,-0.6551286871398055,-0.5602596970430415,-0.5345205226563022,-0.030593983312596315,0.016650839843879633,-0.897653756897184,-0.6918473275784943
TN_Sebastian,-0.9962014010569399,-0.7198519920572392,-0.9013972161030689,-0.9862211391950739,-0.8142365503147775,-0.7980835035611097,-0.8718450509687433,-0.878512602504655,-0.9969727774862676,-0.9646896196561945,-0.7920497189342558,-0.7042913379731633,-1.0739791699302323,-0.827006329950034,-0.8818415624986405
TN_TobyBelch,-0.1397366858500415,0.2719094109368424,0.2539818589032702,-0.04893414902341143,0.4987389520124502,0.13835702870186956,0.15250556397617904,0.10204562865019277,0.10452484696344325,0.22057035156651142,0.2895729054331493,0.27188238000439297,-0.45076202148788264,-0.15585577395210942,-0.06486635234201167
TN_Viola,-0.05979997909739766,0.28705080640240094,0.1348967349442835,-0.04893414902341143,-0.3194921581335033,0.6673387034153082,-0.22060227590442183,0.25497672892204976,0.256455553784093,-0.05972761460102037,0.15437007738722364,0.134393123951216,-0.60656630859847,0.23270507425721534,0.37212038797432473
Tim_Alcibiades,-0.7792303398711923,-0.7425640852555769,-0.8101830786025684,-0.58452671483579,-0.6810361370352037,-0.5907798742815188,-0.7904397040857032,-0.9324882849535457,-0.7690767172552929,-0.7524640167007776,-0.8628702479106931,-0.7180402635784809,-0.7623705957090575,-0.968301183844334,-0.8723418507526333
Tim_Apemantus,-0.20825386306659338,-0.4927310600738617,-0.6024175431847618,-0.7630575701065828,0.38456716920138695,-0.3405858389440816,-0.3766291907635822,-0.6985936610083527,-0.3639281657335602,-0.6083107769574755,-0.47013822358681384,-0.41556390026149176,-0.13915344726670778,-0.014560920057809502,-0.5778507866264065
Tim_Flavius,-0.6307764559019966,-0.6365743169966674,-0.7620422838106375,-0.28325589656632705,-0.5858929846926509,-0.5907798742815188,-0.4580345376466224,-0.725581502232798,-0.4778761958490475,-0.5722724670216499,-0.6375322011674837,-0.38806604905085634,-0.45076202148788264,0.23270507425721534,-0.41635568694428227
Tim_Timon,2.5781113437398493,2.361421985183915,2.5444702005825035,2.472814181676538,3.219833109009458,2.511626163902702,3.157719619741746,2.261072926605821,2.6873468629144894,2.094562468229438,2.459256384074908,2.320472295196729,0.3282594140650545,2.528746450039589,2.661550918762087
Tit_Aaron,0.19142967069662586,0.27948010866962164,0.3299936401536872,0.4308675245168444,0.15622360357926038,0.27417664788504975,0.5052620671360198,0.057065893276117184,0.0665421702582808,0.12046393507810721,-0.10959734879767881,0.23063560318843987,0.4840637011756419,0.1620576473100654,0.27712327051425156
Tit_Lucius,-0.5850983377576287,-0.7274226897900185,-0.6302885296432481,-0.7518993916521584,-0.43366394094456656,-0.5979282752911599,-0.47838587436738245,-0.5006828253624201,-0.6804504716099139,-0.692400166807735,-0.6439704310744325,-0.4293128258668094,-0.7623705957090575,-0.862330043423609,-0.710846751070509
Tit_Marcus,0.07723437533570608,0.10535406081569895,0.1678351734861309,0.1853875985195042,0.023023190299686545,0.059724617595817854,-0.06457536104526147,0.039073999126486944,-0.18667567444280214,-0.047714844622411864,0.13505538766637712,0.20313775197780448,0.4840637011756419,-0.12053206047853443,-0.10286519932604093
Tit_Saturninus,-0.5165811605410768,-0.5911501305999919,-0.41745554214208036,-0.5064194656548181,-0.30046352766499274,-0.5192958641851082,-0.5801425579711826,-0.42871524876389916,-0.693111363844968,-0.5602596970430415,-0.3671265450756324,-0.4843085282880802,-0.45076202148788264,-0.756358903002884,-0.710846751070509
Tit_Tamora,-0.5051616310049848,-0.4775896646083032,-0.18688647234914865,-0.26093953965747796,-0.2433776362594611,-0.1404306106741319,-0.22738605481134186,-0.24879630726759683,-0.1993365666778563,-0.2439234209396841,-0.16754141796021838,-0.37431712344553864,0.016650839843879633,-0.36779805479355926,-0.34035799297622377
Tit_Titus,2.1784278099766303,1.9147508189499394,2.0377249922463903,2.0488034004084046,2.0971439113673362,2.268580529574906,2.336882372004424,2.2250891383065605,1.7757626219905909,1.8783326086144851,2.3819976251915222,2.059242708695693,3.6001494433873904,1.2217690515173147,1.9110736908275094
Tmp_Ariel,-0.5508397491493527,-0.7501347829883561,-0.777244640060721,-0.7965321054698565,-0.6049216151611615,-0.6122250773104421,-0.47838587436738245,-0.6266260844098318,-0.693111363844968,-0.6964044234672712,-0.907937857259335,-0.7317891891837986,-0.7623705957090575,-0.968301183844334,-0.8058438685305821
Tmp_Caliban,-0.6764545740463646,-0.8258417603161486,-0.8152505306859296,-0.7965321054698565,-0.39560668000754545,-0.3405858389440816,-0.8243585986203033,-0.8965044966542853,-0.8323811784305636,-0.7044129367863435,-0.5602734422840976,-0.7042913379731633,-0.2949577343772952,-0.5797403356350092,-0.8913412742446479
Tmp_Gonzalo,-0.7335522217268244,-0.7577054807211354,-0.777244640060721,-0.7072666778344601,-0.3575494190705244,-0.9410515237539309,-0.709034357202663,-0.6086341902602015,-0.7564158250202387,-0.7965108399556754,-0.9272525469801814,-0.8417805940263402,0.17245512695446705,-0.12053206047853443,-0.8153435802765894
Tmp_Miranda,-0.8934256352321122,-0.8864073421783827,-1.0052799838119721,-0.8634811761964039,-0.7761792893777564,-0.6908574884164937,-1.0143044080140637,-0.8695166554298399,-0.946329208546051,-0.9086300264226881,-0.9980730759566186,-0.896776296447611,-0.9181748828196449,-0.26182691437283434,-0.8913412742446479
Tmp_Prospero,1.9614567487908825,1.4226554663192883,1.6247276474524575,1.4239454069606297,2.458687890269036,1.9326056821217763,1.4549911141048222,1.3164984837502336,1.5731883462297243,1.5579920758515917,1.4033866793352985,1.3717964284298085,1.1072808496179916,0.5506184955193901,1.3030921390830414
Tmp_Stephano,-0.48232257193280087,-0.7274226897900185,-0.8355203390193741,-0.785373927015432,-0.1672631143854189,-0.5979282752911599,-0.7700883673649431,-0.7075896080831678,-0.870363855135726,-0.692400166807735,-0.8113644086551024,-1.034265552500788,-0.60656630859847,-0.791682616476459,-0.9198404094826698
Tro_Achilles,-0.6878741035824565,-0.6971398988589014,-0.6961654067269428,-0.9192720684685266,-0.4526925714130771,-0.49785066115618504,-0.5937101157850228,-0.725581502232798,-0.6298069026696973,-0.7684810433389222,-0.6504086609813814,-0.5805510075253041,0.17245512695446705,-0.756358903002884,-0.7013470393245016
Tro_Aeneas,-0.9276842238403881,-0.7804175739194732,-0.8481889692277769,-0.908113890014102,-1.004522854999883,-1.06972274192747,-0.7768721462718632,-0.878512602504655,-0.8070593939604553,-0.7684810433389222,-0.8886231675384885,-0.8555295196316579,0.9514765625074042,-0.791682616476459,-0.8058438685305821
Tro_Agamemnon,-0.6536155149741806,-0.4927310600738617,-0.518804583809303,-0.6291594286534882,-0.6429788760981826,-1.0911679449563931,-0.5190885478089026,-0.6626098727090922,-0.7184331483150763,-0.48417882051185424,-0.6697233507022279,-0.4293128258668094,0.4840637011756419,-0.897653756897184,-0.8533424272606186
Tro_Cressida,0.07723437533570608,-0.08391338250378227,-0.3566461171417467,-0.26093953965747796,-0.6049216151611615,0.059724617595817854,-0.14598070792830165,-0.5096787724372353,-0.5031979803191559,-0.29197450085411814,-0.25123840675055326,-0.0718407601285494,-0.13915344726670778,-0.15585577395210942,0.17262644130817115
Tro_Hector,-0.32244915842751315,-0.5608673396688749,-0.5390743921427477,-0.5622103579269409,-0.2433776362594611,-0.4835538591369029,-0.3766291907635822,-0.6086341902602015,-0.5285197647892641,-0.692400166807735,-0.5989028217257907,-0.7042913379731633,-0.13915344726670778,-0.721035189529309,-0.6538484805944651
Tro_Nestor,-0.916264694304296,-0.7955589693850317,-0.741772475477193,-0.885797533105253,-0.623950245629672,-0.9124579197153666,-0.729385693923423,-0.8335328671305795,-0.6677895793748597,-0.6723788835100541,-0.8306790983759489,-0.7317891891837986,0.17245512695446705,-1.0389486107914838,-0.9198404094826698
Tro_Pandarus,0.648210852140305,0.32490429506629714,0.16023399536108918,0.39739298915357074,0.04205182076819709,0.03827941456689467,0.6002349718329001,0.22798888769760442,0.6995867820109881,0.13247670505671572,0.7853166082682099,0.45061841287352294,-0.45076202148788264,0.9391793437287149,1.0276004984488292
Tro_Thersites,0.20284920023271785,0.20377313134182917,0.08422221411067213,-0.4617867518371199,0.422624430138408,-0.37632784399228697,-0.13241315011446161,-0.1408449423698154,-0.022084075387098223,-0.0437105879628757,-0.12247380861157649,-0.04434290891791401,-0.2949577343772952,0.19738136078364035,-0.3593574164682384
Tro_Troilus,0.9336990905426045,0.9532722068869748,1.0217008495324824,0.9218273765115247,0.9744547137252139,1.0176103528877203,0.8715861281097007,1.0556160185805952,1.0794135490626124,0.9613578335807026,1.2553073914754753,0.7393458505851945,1.5746937109497539,0.05608650688934045,1.113097904162895
Tro_Ulysses,0.6938889702846729,1.051691277413105,1.0622404661993714,0.9218273765115247,0.5748534738864923,0.11691182567294636,0.9055050226443008,1.0826038598050407,1.2313442558832624,1.1175238433026131,0.7595636886404146,0.5468608921107468,1.4188894238391663,0.1620576473100654,0.19162586480018576
WT_Autolycus,0.042975786727430146,0.1280661540140367,0.1424979130693252,0.029173100157560448,-0.6049216151611615,0.13835702870186956,-0.10527803448678157,-0.02389763039721888,-0.30062370455828946,0.008344748611094492,-0.019462130100395048,0.038150644713992155,-0.9181748828196449,0.020762793415765476,-0.055366640596004366
WT_Camillo,-0.32244915842751315,-0.20504454622825025,-0.18688647234914865,0.14075488470180597,-0.6429788760981826,-0.09039180360664445,-0.2070347180905818,-0.05988141869647935,-0.174014782207748,0.020357518589702996,-0.1546649581463207,0.038150644713992155,0.7956722753968167,-0.29715062784640933,0.09662874734011263
WT_Florizell,-0.33386868796360514,-0.5381552464705371,-0.6530920640183732,-0.484103108745969,-0.7952079198462669,-0.4835538591369029,-0.7226019150165031,-0.5546585078113109,-0.8830247473707802,-0.7244342200840244,-0.48945291330766033,-0.4293128258668094,-0.9181748828196449,-0.6150640491085841,-0.6538484805944651
WT_Hermione,-0.436644453788433,-0.4927310600738617,-0.6404234338099704,-0.3948376811105726,-0.5478357237556298,-0.39777304702121014,-0.6344127892265428,-0.6985936610083527,-0.4525544113789392,-0.5922937503193307,-0.5924645918188418,-0.47055960268276253,-0.2949577343772952,-0.47376919521428423,-0.27386001075417254
WT_Leontes,1.675968510388583,1.8011903529582507,1.4118946599512898,1.513210834596026,1.9449148676192518,1.7610440578903908,1.3193155359664217,1.7033242079672837,1.383274962703912,1.8703240952954128,1.905568612077308,1.784264196589339,2.9769322949450405,1.8222721805680893,1.4075889682891218
WT_Paulina,0.05439531626352213,-0.008206405175989782,-0.07033507443184252,0.4308675245168444,-0.3765780495390349,-0.13328220966449084,-0.1188455923006216,0.17401320524871372,-0.24998013561807286,-0.09977018119638206,0.012729019434349152,0.05189957031930985,0.4840637011756419,0.9745030572022899,0.3626206762283174
WT_Polixenes,-0.08263903816958162,-0.25046873262492575,-0.2147574588076349,-0.4952612872003936,-0.11017722297988727,-0.4335150520694155,-0.1188455923006216,-0.32975983094093286,-0.08538853656236896,-0.1318042344726714,-0.1546649581463207,-0.20933001618172634,-0.2949577343772952,-0.40312176826713425,-0.29285943424618716
WT_Shepherd,-0.93910375337648,-0.9923971104372921,-0.9444705588116385,-1.0196956745583476,-0.9474369635943513,-0.8695675136575203,-0.8854126087825834,-0.9504801791031761,-0.9336683163109968,-0.8085236099342838,-0.7920497189342558,-0.7730359659997518,0.9514765625074042,-0.43844548174070924,-0.9008409859906552
WT_ShepherdsSon,-0.49374210146889286,-0.6138622237983297,-0.4985347754758585,-0.4617867518371199,-0.12920585344839783,-0.7051542904357758,-0.48516965327430245,-0.6895977139335376,-0.7184331483150763,-0.6563618568719095,-0.4508235338659673,-0.38806604905085634,-0.7623705957090575,-0.40312176826713425,-0.710846751070509
Wiv_Falstaff,0.40840073188237347,1.2561001161981447,0.8747447391150094,0.6875056289686091,0.5177675824809608,1.2892495912540807,0.5323971827637,0.8307173417102173,0.5476560751903384,0.612987504201056,0.7273725391056703,1.0005754370862308,0.4840637011756419,2.352127882671714,0.6571117403545441
Wiv_HughEvans,-0.5850983377576287,-0.3715998963493937,-0.29076924005805194,-0.5733685363813654,-0.5288070932871193,-0.5264442651947493,-0.4512507587397024,-0.14984088944463053,-0.32594548902839776,-0.047714844622411864,-0.5473969824702,-0.6492956355518925,-0.60656630859847,-0.43844548174070924,-0.34035799297622377
Wiv_MasterFord,0.1800101411605339,0.4233233655924274,0.02087906306865793,-0.3167304319296007,-0.30046352766499274,0.3742542620200246,0.23391091085921922,0.33594025259538585,0.44636893730990523,0.028366031908775333,0.03204370915519567,0.010652793503356767,0.016650839843879633,0.6212659224665401,0.4576177936883905
Wiv_MasterPage,-0.8134889284794683,-0.6971398988589014,-0.9216670244365134,-0.9639047822862248,-0.5668643542241404,-0.8910127166864434,-0.702250578295743,-0.4826909312127899,-1.110920807601755,-0.8285448932319647,-0.9594436965149257,-0.7455381147891164,-0.7623705957090575,-0.6150640491085841,-0.7773447332925602
Wiv_MistressFord,-0.8249084580155602,-0.7804175739194732,-0.741772475477193,-0.9750629607406494,-0.5668643542241404,-0.7123026914454169,-0.6886830204819029,-0.8065450259061341,-0.5918242259645349,-0.6403448302337648,-0.6954762703300232,-0.5530531563146687,-0.9181748828196449,-0.22650320089925938,-0.558851363134392
Wiv_MistressPage,-0.014121860953029745,0.23405592227294617,0.17543635161117258,-0.004301435205713214,-0.12920585344839783,0.023982612547612546,0.07110021709313885,0.34493619967020095,-0.03474496762215237,0.14448947503532422,0.25094352599145625,-0.09933861133918478,-0.13915344726670778,0.3386762146779403,0.17262644130817115
Wiv_MistressQuickly,-0.28819056981923724,0.09021266535014046,-0.0956723348486482,0.029173100157560448,-0.6049216151611615,-0.31914063591515845,-0.051007803231421435,0.34493619967020095,-0.16135388997269384,-0.21589362432293094,-0.24480017684360444,-0.4430617514721271,-0.7623705957090575,0.5152947820458151,0.020631053372054137
Wiv_Slender,-0.6992936331185484,-0.4321654782116277,-0.8329866129776935,-1.0643283883760457,-1.0616087464054145,-0.5550378692333136,-0.8514937142479833,-0.9234923378787306,-0.693111363844968,-0.8846044864654711,-0.8886231675384885,-0.7730359659997518,-0.13915344726670778,-0.5797403356350092,-0.8913412742446479
