name,AA,AE,AH,AO,AW,AY,EH,ER,EY,IH,IY,OW,OY,UH,UW
1H4_Falstaff,0.05305867665418227,0.09534956304619226,0.21223470661672908,0.04884519350811486,0.033551810237203494,0.08614232209737828,0.0686641697877653,0.04962546816479401,0.04088639200998752,0.1229712858926342,0.08380149812734082,0.0366729088639201,0.0024968789013732834,0.016697877652933832,0.04900124843945069
1H4_HenryIV,0.043832185347526614,0.06449592986850344,0.24358171571696932,0.04852849092047589,0.031934877896055106,0.056981840951784594,0.08328115216030056,0.06261740763932373,0.03318722604884158,0.13494051346274263,0.09549154664996869,0.03287413901064496,0.0031308703819661866,0.010958046336881654,0.05416405760801503
1H4_HenryV,0.05,0.08110687022900763,0.22557251908396947,0.052099236641221375,0.03816793893129771,0.07614503816793892,0.08091603053435115,0.05133587786259542,0.038740458015267175,0.1297709923664122,0.08301526717557252,0.03645038167938931,0.002480916030534351,0.012404580152671756,0.04179389312977099
1H4_Hotspur,0.051041865800038236,0.06346778818581533,0.22748996367807303,0.049703689543108394,0.02561651691837125,0.06977633339705601,0.07895239915886064,0.06442362836933664,0.0439686484419805,0.14222901930797172,0.0822022557828331,0.037086599120627034,0.0017205123303383673,0.01510227489963678,0.04721850506595297
1H4_Worcester,0.0408505875769446,0.056519306099608285,0.24958030218242866,0.0621152770005596,0.024622271964185788,0.06155567991046446,0.0727476217123671,0.06659205372132065,0.049244543928371576,0.14717403469501958,0.07330721880246223,0.03133743704532736,0.0016787912702853946,0.011751538891997761,0.050923335198656966
1H6_Charles,0.0444624090541633,0.0719482619240097,0.2158447857720291,0.054163298302344384,0.04688763136620857,0.07033144704931285,0.08003233629749394,0.06790622473726758,0.04284559417946645,0.13419563459983833,0.09377526273241714,0.03233629749393695,0.004042037186742118,0.010509296685529508,0.030719482619240096
1H6_Gloucester,0.04421768707482993,0.07426303854875284,0.2199546485260771,0.05612244897959184,0.031746031746031744,0.07369614512471655,0.07539682539682539,0.0572562358276644,0.04421768707482993,0.1377551020408163,0.0873015873015873,0.02947845804988662,0.002834467120181406,0.008503401360544218,0.0572562358276644
1H6_HenryVI,0.03394706559263521,0.05983889528193326,0.25028768699654774,0.07249712313003452,0.020138089758342925,0.059263521288837745,0.09378596087456847,0.06846950517836593,0.035097813578826235,0.12600690448791715,0.07652474108170311,0.02991944764096663,0.005178365937859608,0.012082853855005753,0.056962025316455694
1H6_Pucelle,0.05045871559633028,0.06213511259382819,0.23102585487906588,0.045454545454545456,0.026688907422852376,0.07339449541284404,0.07339449541284404,0.061301084236864055,0.04670558798999166,0.13803169307756463,0.09174311926605505,0.0316930775646372,0.0012510425354462051,0.010425354462051709,0.05629691409507923
1H6_Suffolk,0.043292682926829265,0.06280487804878049,0.22134146341463415,0.048170731707317074,0.020731707317073172,0.061585365853658536,0.0774390243902439,0.06890243902439025,0.04207317073170732,0.14817073170731707,0.10426829268292682,0.03170731707317073,0.0024390243902439024,0.012195121951219513,0.054878048780487805
1H6_Talbot,0.04560854834506125,0.06437320823560073,0.22361219702892884,0.052905916080271044,0.027886369559551732,0.08678655199374512,0.08105290591608028,0.06150638519676831,0.04769351055512119,0.13500130310138128,0.08391972895491269,0.02945009121709669,0.0028668230388324213,0.009642950221527235,0.04769351055512119
1H6_York,0.042898550724637684,0.06956521739130435,0.22144927536231884,0.05565217391304348,0.02666666666666667,0.07884057971014492,0.08289855072463768,0.06956521739130435,0.04927536231884058,0.13623188405797101,0.07536231884057971,0.034782608695652174,0.0034782608695652175,0.011594202898550725,0.04173913043478261
2H4_Archbishop,0.0494269340974212,0.053724928366762174,0.23853868194842406,0.05945558739255014,0.03796561604584527,0.053724928366762174,0.07951289398280802,0.0651862464183381,0.036532951289398284,0.12607449856733524,0.09742120343839542,0.03796561604584527,0.002148997134670487,0.013610315186246419,0.04871060171919771
2H4_ChiefJustice,0.0572655690765927,0.06728704366499642,0.2290622763063708,0.07086614173228346,0.018611309949892626,0.052254831782390834,0.07587687902648532,0.05941302791696493,0.03435934144595562,0.12884753042233357,0.08303507516105942,0.030780243378668574,0.004294917680744453,0.014316392269148175,0.0737294201861131
2H4_Falstaff,0.04478518293608623,0.08501594048884166,0.22271140124487626,0.04736602398664035,0.020039471686655534,0.06801275239107332,0.07393350538940337,0.058296644906634276,0.03856080157886747,0.14376802793380902,0.08228328525884318,0.040838014270532866,0.0027326552299984817,0.01730681645665705,0.05434947624108092
2H4_HenryIV,0.042523033309709427,0.05598866052445074,0.2257264351523742,0.040396881644223954,0.041814316087880936,0.07335223245924875,0.08752657689581857,0.0627214741318214,0.039688164422395464,0.15414599574769666,0.0854004252303331,0.032246633593196315,0.003543586109142452,0.011339475549255847,0.04358610914245216
2H4_HenryV,0.05142857142857143,0.06789915966386555,0.21411764705882352,0.052100840336134456,0.027563025210084035,0.07630252100840336,0.07428571428571429,0.052100840336134456,0.03563025210084034,0.1408403361344538,0.09109243697478991,0.04,0.004705882352941176,0.012773109243697478,0.05915966386554622
2H4_MistressQuickly,0.049079754601226995,0.0785276073619632,0.19079754601226995,0.05766871165644172,0.03128834355828221,0.08282208588957055,0.0705521472392638,0.05521472392638037,0.04233128834355828,0.09693251533742331,0.09386503067484663,0.051533742331288344,0.0018404907975460123,0.03190184049079755,0.0656441717791411
2H4_Shallow,0.06900328587075576,0.07447973713033954,0.18619934282584885,0.04654983570646221,0.019715224534501644,0.06078860898138007,0.0963855421686747,0.061883899233296825,0.04381161007667032,0.11062431544359255,0.10788608981380066,0.03943044906900329,0.0016429353778751369,0.02792990142387733,0.05366922234392114
2H6_Cade,0.045936395759717315,0.08323517864153906,0.21279937180997252,0.058107577542206516,0.03729878288182175,0.06595995288574794,0.0840204161758932,0.05535924617196702,0.04436592069100903,0.13074204946996468,0.09422850412249706,0.030624263839811542,0.0027483313702394976,0.01060070671378092,0.04397330192383196
2H6_Gloucester,0.0487551867219917,0.07607192254495158,0.21887966804979253,0.056708160442600276,0.02455048409405256,0.08333333333333333,0.0784923928077455,0.05774550484094053,0.04253112033195021,0.13312586445366528,0.08921161825726141,0.03250345781466114,0.0024204702627939143,0.011065006915629323,0.044605809128630707
2H6_HenryVI,0.047968021319120584,0.05729513657561625,0.21885409726848767,0.06329113924050633,0.03397734843437708,0.07028647568287807,0.0776149233844104,0.061958694203864094,0.047634910059960026,0.13557628247834777,0.08627581612258495,0.03431045969353764,0.0036642238507661557,0.012325116588940706,0.048967355096602265
2H6_QueenMargaret,0.050683561187062354,0.05901967322440813,0.2260753584528176,0.061020340113371124,0.023674558186062022,0.07435811937312438,0.07635878626208736,0.04601533844614872,0.03867955985328443,0.1417139046348783,0.10003334444814939,0.034678226075358455,0.00266755585195065,0.016005335111703902,0.049016338779593195
2H6_Suffolk,0.04647836968180193,0.07579549517340008,0.2177332856632106,0.0572041473006793,0.023954236682159458,0.08115838398283876,0.07186271004647837,0.058991776903825524,0.039685377189846265,0.1355023239184841,0.0900965319985699,0.03360743653914909,0.002860207365033965,0.013943510904540579,0.051126206649982124
2H6_Warwick,0.05625,0.071875,0.23203125,0.05546875,0.025,0.0703125,0.06875,0.0625,0.04375,0.13515625,0.09140625,0.0234375,0.00078125,0.0140625,0.04921875
2H6_York,0.04401312192454893,0.08091853471842538,0.2217058501913614,0.06478950246036086,0.018316019682886823,0.07654455986878075,0.08091853471842538,0.05467468562055768,0.04455986878075451,0.136960087479497,0.08064516129032258,0.028704209950792783,0.002733734281027884,0.011208310552214325,0.05330781848004374
3H6_Clifford,0.05124223602484472,0.06832298136645963,0.20031055900621117,0.05512422360248447,0.02562111801242236,0.09937888198757763,0.08385093167701864,0.06288819875776397,0.03804347826086957,0.1327639751552795,0.07686335403726709,0.037267080745341616,0.0038819875776397515,0.016304347826086956,0.04813664596273292
3H6_EdwardIV,0.037553141237600375,0.06613131790269249,0.20595181861124232,0.06046291922531885,0.04416627302786963,0.0670760510155881,0.08526216343882853,0.0682569674067076,0.04723665564478035,0.13179026924893716,0.0930562116202173,0.032829475673122346,0.0025980160604629193,0.008502598016060462,0.04912612187057156
3H6_HenryVI,0.05038648726023476,0.05811623246492986,0.19954194102490697,0.05697108502719725,0.030346407099914114,0.08960778700257659,0.09447466361294017,0.06613226452905811,0.03635843114801031,0.12911537360435155,0.08903521328371028,0.034640709991411396,0.00429430289149728,0.014028056112224449,0.04695104494703693
3H6_QueenMargaret,0.049944506104328525,0.07029226785053644,0.20569737328893822,0.06178320384757677,0.03699593044765076,0.07658157602663707,0.0828708842027377,0.06326304106548279,0.04143544210136885,0.1324454310025897,0.07658157602663707,0.032556418793932666,0.005179430262671106,0.014798372179060304,0.049574546799852015
3H6_RichardIII,0.04048054322277357,0.06659702272133716,0.20814834160355183,0.05980673805171063,0.030033951423348134,0.08226691042047532,0.07913293288064768,0.0668581875163228,0.04753199268738574,0.13476103421258814,0.08305040480543223,0.031078610603290677,0.0033951423348132673,0.01410289892922434,0.05275528858709846
3H6_Warwick,0.04095643939393939,0.06392045454545454,0.21614583333333334,0.0634469696969697,0.035274621212121215,0.06889204545454546,0.09090909090909091,0.06486742424242424,0.03953598484848485,0.13849431818181818,0.08333333333333333,0.030303030303030304,0.003077651515151515,0.0078125,0.05303030303030303
3H6_York,0.051515151515151514,0.062424242424242424,0.2309090909090909,0.04909090909090909,0.03878787878787879,0.09454545454545454,0.07212121212121213,0.06545454545454546,0.04181818181818182,0.11212121212121212,0.08303030303030302,0.030303030303030304,0.0024242424242424242,0.013333333333333334,0.052121212121212124
AWW_Bertram,0.048256285482562854,0.06934306569343066,0.1978913219789132,0.060421735604217354,0.013787510137875101,0.09570154095701541,0.064882400648824,0.07015409570154096,0.03933495539334955,0.14314679643146797,0.0827250608272506,0.0413625304136253,0.0024330900243309003,0.008921330089213302,0.06163828061638281
AWW_Countess,0.03891197582168492,0.06724593879863996,0.2111824707215716,0.05402342274272762,0.015867019267094825,0.07404608991310918,0.08462410275783906,0.07517944843218738,0.04080090668681526,0.12882508500188894,0.09255761239138648,0.032111824707215714,0.0022667170381564035,0.018511522478277295,0.06384586324140537
AWW_Diana,0.04725738396624472,0.07257383966244725,0.16540084388185655,0.04556962025316456,0.018565400843881856,0.09789029535864979,0.0759493670886076,0.05063291139240506,0.04388185654008439,0.14345991561181434,0.1021097046413502,0.05569620253164557,0.0016877637130801688,0.016033755274261603,0.06329113924050633
AWW_Fool,0.04004160166406656,0.0873634945397816,0.22256890275611024,0.05720228809152366,0.008320332813312533,0.0686427457098284,0.08008320332813312,0.06188247529901196,0.04160166406656266,0.13468538741549663,0.0842433697347894,0.03848153926157046,0.0010400416016640667,0.0249609984399376,0.048881955278211126
AWW_Helen,0.039889958734525444,0.07038055937643282,0.2088491517652453,0.049747822099954146,0.018569463548830812,0.08711600183402109,0.07932141219624025,0.062356717102246675,0.038743695552498854,0.15382851902796882,0.08023842274186153,0.04103622191655204,0.0016047684548372307,0.01192113709307657,0.05639614855570839
AWW_King,0.04537521815008726,0.06457242582897033,0.19866201279813844,0.04653868528214078,0.03606748109365911,0.07242582897033159,0.08057009889470622,0.07358929610238511,0.05002908667830134,0.14223385689354276,0.08347876672484002,0.031995346131471786,0.002326934264107039,0.015415939499709133,0.056719022687609075
AWW_LORDS.DUMAINE.1,0.052060737527114966,0.07086044830079537,0.23282718727404195,0.04121475054229935,0.02675343456254519,0.04483007953723789,0.06290672451193059,0.07447577729573392,0.0368763557483731,0.146059291395517,0.09761388286334056,0.04193781634128706,0.0028922631959508315,0.018076644974692697,0.05061460592913955
AWW_Lafew,0.04788418708240535,0.08054936896807721,0.22160356347438753,0.047512991833704527,0.018188567186340016,0.08166295471417966,0.06904231625835189,0.06941351150705272,0.04491462509279881,0.12249443207126949,0.07832219747587231,0.036005939123979216,0.0022271714922048997,0.019302152932442463,0.06087602078693393
AWW_Parolles,0.03859649122807018,0.06666666666666667,0.22159244264507422,0.04480431848852901,0.020242914979757085,0.07530364372469636,0.07773279352226721,0.0620782726045884,0.04156545209176788,0.15303643724696356,0.08556005398110661,0.03643724696356275,0.0024291497975708503,0.016194331983805668,0.05775978407557355
AYL_Celia,0.054453520031116295,0.06845585375340335,0.21975884869700504,0.049786075457020615,0.028004667444574097,0.06728899260987943,0.06728899260987943,0.07078957604045119,0.043562816024893036,0.1306884480746791,0.08518086347724621,0.04045118630882925,0.0,0.017113963438350838,0.057176196032672114
AYL_Jaques,0.04108309990662932,0.07609710550887021,0.22408963585434175,0.04948646125116713,0.01727357609710551,0.0742296918767507,0.07236227824463119,0.05322128851540616,0.036414565826330535,0.14892623716153128,0.09337068160597572,0.028944911297852476,0.003734827264239029,0.012605042016806723,0.06816059757236227
AYL_Oliver,0.04724964739069112,0.06488011283497884,0.21297602256699577,0.04090267983074753,0.0232722143864598,0.0684062059238364,0.08039492242595205,0.06276445698166432,0.03737658674188998,0.16008462623413258,0.07898448519040903,0.038787023977433006,0.004936530324400564,0.014809590973201692,0.06417489421720733
AYL_Orlando,0.05055401662049862,0.06752077562326869,0.21225761772853186,0.04882271468144044,0.01731301939058172,0.09556786703601108,0.0716759002770083,0.05678670360110803,0.030470914127423823,0.14058171745152354,0.09141274238227147,0.036011080332409975,0.002770083102493075,0.019044321329639888,0.05921052631578947
AYL_Rosalind,0.04935747663551402,0.078125,0.20487733644859812,0.04950350467289719,0.021466121495327103,0.07476635514018691,0.07257593457943926,0.05972546728971963,0.038697429906542055,0.13332359813084113,0.08688668224299065,0.036799065420560745,0.0010221962616822429,0.021904205607476634,0.0709696261682243
AYL_Touchstone,0.05037957211870255,0.0707384403036577,0.21463077984817117,0.054865424430641824,0.018978605935127676,0.06797791580400277,0.08488612836438923,0.06728778467908902,0.032781228433402344,0.14837819185645273,0.08592132505175984,0.033816425120772944,0.0024154589371980675,0.01725327812284334,0.049689440993788817
Ado_Beatrice,0.044310528181495924,0.08188585607940446,0.2087912087912088,0.05069124423963134,0.015951790145338533,0.07373271889400922,0.07869549805033677,0.04643743353420773,0.03970223325062035,0.1588089330024814,0.08543069833392414,0.03686635944700461,0.0010634526763559022,0.021269053527118043,0.05636299184686282
Ado_Benedick,0.04612996229762697,0.08183632734530938,0.2024839210467953,0.04834774894655134,0.01752051452650255,0.08959858061654469,0.06564648480816146,0.062319804834774895,0.04014193834553116,0.13617210024395654,0.09314703925482369,0.03992015968063872,0.0026613439787092482,0.01907296518074961,0.05500110889332446
Ado_Claudio,0.042509286009079654,0.061494015683037556,0.19067271976888156,0.051588939331407346,0.02269913330581923,0.07882789929839043,0.07387536112257533,0.055716054477919934,0.04292199752373091,0.15848122162608336,0.09616178291374329,0.04952538175815105,0.0020635575732562937,0.017333883615352867,0.056128765992571196
Ado_Dogberry,0.059358288770053474,0.0839572192513369,0.19411764705882353,0.05614973262032086,0.019786096256684493,0.051871657754010696,0.08074866310160428,0.06470588235294118,0.052941176470588235,0.13796791443850268,0.07647058823529412,0.039037433155080216,0.0016042780748663102,0.016577540106951873,0.06470588235294118
Ado_DonPedro,0.039959704499664205,0.06950973807924782,0.2182672934855608,0.047347212894560106,0.0241773002014775,0.05809267965077233,0.07723304231027535,0.052384150436534584,0.042981867024848894,0.14640698455339154,0.10879785090664876,0.03626595030221625,0.0020147750167897917,0.019476158495634655,0.05708529214237743
Ado_Leonato,0.04034037188780334,0.07028049164828239,0.18468326504884966,0.05641348881184998,0.019539867633154743,0.08950520012606367,0.07469271982351088,0.0718562874251497,0.03939489442168295,0.13961550583044438,0.09076583674755752,0.04412228175228491,0.002206114087614245,0.011976047904191617,0.06460762685156003
Ant_Antony,0.052624173350218094,0.07260447446179823,0.19445616997326579,0.04995075277895033,0.030814689742507388,0.08512733924299985,0.07809202195018995,0.06303644294357676,0.04108625299000985,0.13057548895455184,0.09568031518221472,0.04024201491487266,0.002532714225411566,0.013648515548051217,0.049528633741381736
Ant_Cleopatra,0.04878484631879914,0.07433881343817011,0.20604002859185133,0.04199428162973552,0.026804860614724802,0.07791279485346676,0.0814867762687634,0.05486061472480343,0.04556826304503216,0.13366690493209435,0.10293066476054324,0.0452108649035025,0.0025017869907076485,0.015546819156540386,0.04235167977126519
Ant_Enobarbus,0.04217462932454695,0.0800658978583196,0.2072487644151565,0.043492586490939046,0.018451400329489293,0.058649093904448106,0.0728171334431631,0.07677100494233938,0.0385502471169687,0.14365733113673806,0.1100494233937397,0.041515650741350905,0.0026359143327841844,0.012520593080724876,0.051400329489291595
Ant_Octavius,0.047206703910614524,0.07709497206703911,0.2259776536312849,0.044972067039106146,0.022067039106145252,0.05810055865921788,0.07206703910614524,0.05921787709497207,0.037430167597765365,0.13910614525139664,0.10167597765363129,0.03994413407821229,0.003072625698324022,0.012569832402234637,0.059497206703910614
Cor_Aufidius,0.04443521594684385,0.0739202657807309,0.19642857142857142,0.054817275747508304,0.026578073089700997,0.07890365448504984,0.08098006644518273,0.057308970099667775,0.04318936877076412,0.13870431893687707,0.09385382059800665,0.05024916943521595,0.0024916943521594683,0.011212624584717609,0.046926910299003324
Cor_Cominius,0.0492676431424767,0.06879715934309809,0.20195295162006213,0.056813138038171326,0.019529516200621395,0.05370616955170883,0.08743897026187306,0.060363959165557035,0.04349755881047492,0.14292055037727475,0.09498446515756769,0.03905903240124279,0.004438526409232135,0.01908566355969818,0.05814469596094097
Cor_Coriolanus,0.04792542016806723,0.07510504201680672,0.20969012605042017,0.04582457983193277,0.023240546218487396,0.08009453781512606,0.08258928571428571,0.06039915966386555,0.05028886554621849,0.11896008403361344,0.07917542016806722,0.04214810924369748,0.005120798319327731,0.01365546218487395,0.06578256302521009
Cor_Menenius,0.04489556900253758,0.07378489166504001,0.21784110872535623,0.04938512590279133,0.018739020105406987,0.05406988092914308,0.07905524106968573,0.05914503220769081,0.042357993363263714,0.13410111262931876,0.09193831739215304,0.04001561585008784,0.0015615850087839158,0.01815342572711302,0.07495608042162795
Cor_TRIBUNES.Brutus,0.05065274151436031,0.07154046997389034,0.20522193211488252,0.05430809399477807,0.019321148825065273,0.028720626631853787,0.09242819843342037,0.06788511749347259,0.038642297650130546,0.14412532637075717,0.09817232375979112,0.04386422976501306,0.004177545691906005,0.013577023498694517,0.06736292428198433
Cor_TRIBUNES.Sicinius,0.04767932489451477,0.07890295358649789,0.20548523206751054,0.046413502109704644,0.019831223628691982,0.03670886075949367,0.08354430379746836,0.05864978902953587,0.04092827004219409,0.15738396624472573,0.10126582278481013,0.04135021097046414,0.004219409282700422,0.01350210970464135,0.06413502109704641
Cor_Volumnia,0.048909218859957776,0.07952146375791697,0.19950738916256158,0.050668543279380716,0.03694581280788178,0.06720619282195636,0.0749472202674173,0.06790992258972554,0.03553835327234342,0.1330049261083744,0.08339197748064743,0.043631245601688955,0.00422237860661506,0.01618578465869106,0.05840957072484166
Cym_Belarius,0.0572987721691678,0.07025920873124147,0.206343792633015,0.05013642564802183,0.0286493860845839,0.06343792633015007,0.07401091405184175,0.062414733969986355,0.04604365620736699,0.1354024556616644,0.08867667121418826,0.04433833560709413,0.0068212824010914054,0.01398362892223738,0.05218281036834925
Cym_Cloten,0.052478134110787174,0.0728862973760933,0.20366513952519782,0.043731778425655975,0.019575177009579343,0.0770512286547272,0.07455226988754686,0.07246980424822991,0.036651395251978344,0.15660141607663475,0.08038317367763433,0.03956684714702208,0.0024989587671803417,0.013744273219491879,0.054144106622240736
Cym_Cymbeline,0.041130037390943085,0.0677191524719568,0.20481927710843373,0.05733277939343581,0.04403822185292896,0.06231823847112588,0.06605733277939344,0.08226007478188617,0.03406730369754882,0.1354383049439136,0.09098462816784379,0.0402991275446614,0.006647278770253427,0.013710012463647694,0.05317823016202742
Cym_Guiderius,0.05070202808112324,0.07722308892355695,0.20202808112324494,0.04758190327613104,0.0234009360374415,0.07020280811232449,0.06942277691107644,0.0686427457098284,0.039781591263650544,0.13338533541341654,0.10140405616224649,0.0421216848673947,0.00234009360374415,0.014820592823712949,0.05694227769110764
Cym_Iachimo,0.046134347275031684,0.07325728770595691,0.22839036755386566,0.051964512040557666,0.018250950570342206,0.07579214195183777,0.06869455006337136,0.06818757921419519,0.04106463878326996,0.1429657794676806,0.08491761723700887,0.034220532319391636,0.002788339670468948,0.014955640050697085,0.04841571609632446
Cym_Imogen,0.04692367601246106,0.08099688473520249,0.18672118380062305,0.0514018691588785,0.02336448598130841,0.08917445482866043,0.07165109034267912,0.061526479750778816,0.041082554517133954,0.1351246105919003,0.09423676012461059,0.040498442367601244,0.0019470404984423676,0.01849688473520249,0.05685358255451713
Cym_Pisanio,0.03852504127682994,0.08200330214639516,0.20143093010456797,0.05723720418271877,0.01375894331315355,0.08090258668134287,0.0682443588332416,0.06714364336818933,0.0379746835443038,0.14804623004953218,0.0787011557512383,0.041827187671986794,0.003852504127682994,0.017611447440836543,0.06274078150798018
Cym_Posthumus,0.04565646594274432,0.07107601184600197,0.19866732477788746,0.05577492596248766,0.01678183613030602,0.0782329713721619,0.07601184600197433,0.06910167818361303,0.0481243830207305,0.1416584402764067,0.0755182625863771,0.046890424481737414,0.0024679170779861796,0.014313919052319843,0.05972359328726555
Cym_Queen,0.04830917874396135,0.06970324361628709,0.19047619047619047,0.04830917874396135,0.03036576949620428,0.06556245686680469,0.06763285024154589,0.0904071773636991,0.049689440993788817,0.13526570048309178,0.09109730848861283,0.033816425120772944,0.0027605244996549345,0.008281573498964804,0.06832298136645963
Err_Adriana,0.036525974025974024,0.06209415584415585,0.19318181818181818,0.05397727272727273,0.026379870129870128,0.07913961038961038,0.07832792207792208,0.05073051948051948,0.05438311688311688,0.16030844155844157,0.10186688311688312,0.0349025974025974,0.0008116883116883117,0.015422077922077922,0.05194805194805195
Err_AntipholusOfEphesus,0.04119106699751861,0.062034739454094295,0.1880893300248139,0.05459057071960298,0.03325062034739454,0.09429280397022333,0.06997518610421836,0.05756823821339951,0.05161290322580645,0.14937965260545905,0.09379652605459057,0.03870967741935484,0.0,0.01141439205955335,0.054094292803970226
Err_AntipholusOfSyracuse,0.04683648315529992,0.0599835661462613,0.1799506984387839,0.05628594905505341,0.03533278553820871,0.09531635168447,0.08175842235004109,0.06162695152013147,0.0390304026294166,0.1351684470008217,0.1047658175842235,0.037387017255546426,0.0012325390304026294,0.010682004930156122,0.05464256368118324
Err_DromioOfEphesus,0.04302477183833116,0.0880052151238592,0.1694915254237288,0.04889178617992177,0.022816166883963495,0.0984354628422425,0.058018252933507174,0.07431551499348109,0.0469361147327249,0.13689700130378096,0.07692307692307693,0.05997392438070404,0.0,0.01303780964797914,0.06323337679269883
Err_DromioOfSyracuse,0.04025695931477516,0.09507494646680942,0.19400428265524625,0.052676659528907925,0.014132762312633832,0.07537473233404711,0.08265524625267666,0.07751605995717345,0.05353319057815846,0.12248394004282655,0.08565310492505353,0.03640256959314775,0.0021413276231263384,0.014132762312633832,0.053961456102783724
Err_Egeon,0.04798172124904798,0.06702208682406702,0.23000761614623,0.05483625285605483,0.02284843869002285,0.08987052551408987,0.0753998476770754,0.05483625285605483,0.048743335872048744,0.12261995430312261,0.08453922315308454,0.04341203351104341,0.006092916984006093,0.012947448591012947,0.03884234577303884
H5_BishopOfCanterbury,0.042040623523854515,0.06991025035427492,0.2612187057156353,0.046291922531884744,0.01653282947567312,0.0406235238545111,0.07888521492678319,0.06424185167690127,0.04865375531412376,0.16863486065186584,0.0670760510155881,0.02834199338686821,0.000944733112895607,0.013226263580538498,0.0533774208786018
H5_Chorus,0.037927844588344126,0.061517113783533764,0.25809435707678074,0.06244218316373728,0.028677150786308975,0.045328399629972246,0.0786308973172988,0.05180388529139685,0.03746530989824237,0.16790009250693802,0.07955596669750231,0.03654024051803885,0.004162812210915819,0.008325624421831638,0.041628122109158186
H5_Fluellen,0.03934095494283793,0.08036314727639543,0.24680564895763282,0.05581708137188971,0.013113651647612643,0.05951580363147276,0.06287827841291191,0.04236718224613315,0.04001344989912576,0.1644250168123739,0.07666442501681238,0.0265635507733692,0.0006724949562878278,0.020847343644922665,0.07061197041022192
H5_HenryV,0.048521756212552794,0.06816619192613692,0.22296434534917983,0.051959532462430014,0.03300265199882133,0.05814752971220902,0.08447107356841174,0.06276397210490128,0.04478931342697181,0.14635104606620175,0.0794617424614478,0.03830664964148905,0.002750220999901778,0.012670661035261762,0.0456733130340831
H5_Pistol,0.04754230459307011,0.06285253827558421,0.22884770346494762,0.05640612409347301,0.035455278001611606,0.10153102336825141,0.06124093473005641,0.0394842868654311,0.04915390813859791,0.12489927477840451,0.0854149879129734,0.04915390813859791,0.007252215954875101,0.014504431909750202,0.0362610797743755
H8_Buckingham,0.04898183819482664,0.0759493670886076,0.22234452394056137,0.045129334067143645,0.017611447440836543,0.06989543203082003,0.07760044028618603,0.058337919647771054,0.04678040726472207,0.14034122179416622,0.08585580627407816,0.04733076499724821,0.001100715465052284,0.012107870115575124,0.05063291139240506
H8_Chamberlain,0.04269662921348315,0.05318352059925094,0.20449438202247192,0.052434456928838954,0.0299625468164794,0.04943820224719101,0.0898876404494382,0.05393258426966292,0.06441947565543071,0.14232209737827714,0.09138576779026217,0.039700374531835204,0.00149812734082397,0.017228464419475654,0.06741573033707865
H8_Cranmer,0.03546099290780142,0.08353033884948778,0.23089046493301812,0.04964539007092199,0.02048857368006304,0.07092198581560284,0.07565011820330969,0.07092198581560284,0.06698187549251379,0.11268715524034673,0.08037825059101655,0.03546099290780142,0.0031520882584712374,0.015760441292356184,0.04806934594168637
H8_HenryVIII,0.04896783485357657,0.06649063850216035,0.22083533365338454,0.04728756601056169,0.022803648583773404,0.0729716754680749,0.08305328852616418,0.06385021603456553,0.04224675948151704,0.13274123859817571,0.08161305808929428,0.02928468554968795,0.0028804608737397984,0.015122419587133942,0.06985117618819012
H8_Katherine,0.050837988826815644,0.06340782122905028,0.21396648044692737,0.06173184357541899,0.01759776536312849,0.07849162011173184,0.07513966480446928,0.051675977653631286,0.04162011173184357,0.13854748603351955,0.0835195530726257,0.04022346368715084,0.0022346368715083797,0.018715083798882683,0.062290502793296086
H8_Norfolk,0.049035812672176306,0.06336088154269973,0.23195592286501376,0.06115702479338843,0.020385674931129475,0.048484848484848485,0.08484848484848485,0.06170798898071626,0.045179063360881545,0.16473829201101928,0.06887052341597796,0.030303030303030304,0.001652892561983471,0.013223140495867768,0.05509641873278237
H8_Wolsey,0.038866599799398195,0.07021063189568706,0.23294884653961886,0.05541624874623872,0.020310932798395187,0.07196589769307923,0.0779839518555667,0.060431293881644935,0.04388164493480441,0.12487462387161484,0.08324974924774323,0.038365095285857576,0.0050150451354062184,0.020561685055165497,0.05591775325977934
Ham_Claudius,0.043591803937324224,0.07292085174768984,0.2247890719164323,0.051024507834471676,0.028525512253917237,0.04921655283246284,0.07452792286058658,0.0652872639614303,0.037967055042185616,0.15849738850944153,0.07934913619927682,0.03816793893129771,0.0032141422257934912,0.01245480112494978,0.060466050622740054
Ham_Gertrude,0.03766025641025641,0.08173076923076923,0.20673076923076922,0.04487179487179487,0.02564102564102564,0.07371794871794872,0.07211538461538461,0.05048076923076923,0.038461538461538464,0.1482371794871795,0.09375,0.05128205128205128,0.004006410256410256,0.016826923076923076,0.05448717948717949
Ham_Hamlet,0.048074159241161256,0.07300948548433459,0.22916067835584938,0.04548720896809428,0.02170163840183961,0.06503305547571141,0.07653061224489796,0.05870939925265881,0.044696751940212706,0.14271342339752802,0.07825524576027594,0.04275653923541248,0.0027306697326818052,0.014515665421098016,0.05662546708824375
Ham_Horatio,0.049027552674230146,0.05632090761750405,0.22042139384116693,0.05956239870340357,0.019043760129659644,0.07860615883306321,0.07009724473257699,0.05145867098865478,0.04092382495948136,0.16491085899513777,0.07860615883306321,0.03565640194489465,0.0028363047001620746,0.014181523500810372,0.05834683954619125
Ham_Laertes,0.04122497055359246,0.05594817432273263,0.23498233215547704,0.052414605418138985,0.019434628975265017,0.08068315665488811,0.08068315665488811,0.05889281507656066,0.0447585394581861,0.14428739693757361,0.0706713780918728,0.04711425206124853,0.0076560659599528855,0.007067137809187279,0.05418138987043581
Ham_Ophelia,0.050746268656716415,0.06343283582089553,0.1962686567164179,0.07462686567164178,0.026119402985074626,0.0791044776119403,0.06940298507462686,0.041791044776119404,0.05223880597014925,0.12388059701492538,0.09104477611940298,0.058208955223880594,0.0007462686567164179,0.016417910447761194,0.055970149253731345
Ham_Polonius,0.043748060812907226,0.06856965560037233,0.21408625504188644,0.05367669872789327,0.015513496742165685,0.08004964318957493,0.07508532423208192,0.05150480918399007,0.03723239218119764,0.14365497983245423,0.09494260006205399,0.03754266211604096,0.000930809804529941,0.012721067328575862,0.07074154514427552
JC_Antony,0.05230868582499193,0.06683887633193412,0.2108492089118502,0.04294478527607362,0.022602518566354538,0.05812076202776881,0.07910881498224087,0.06425573135292219,0.03584113658379077,0.13303196641911527,0.10041976105908944,0.045527930255085565,0.002583144979011947,0.01517597675169519,0.07039070067807555
JC_Brutus,0.05462705044877747,0.07273290003095018,0.20721138966264316,0.0436397400185701,0.026152893840916125,0.07226864747756112,0.08696997833488085,0.06128133704735376,0.03265242958836274,0.1259671928195605,0.09764778706282884,0.04271123491179202,0.002785515320334262,0.015784586815227482,0.057567316620241414
JC_Caesar,0.0467706013363029,0.08240534521158129,0.1989606533036377,0.0467706013363029,0.019302152932442463,0.0645879732739421,0.09428359317000742,0.05790645879732739,0.041573867854491464,0.12323682256867112,0.11878247958426132,0.03711952487008166,0.0014847809948032665,0.014105419450631032,0.05270972531551596
JC_Casca,0.046189376443418015,0.06774441878367975,0.20246343341031564,0.044649730561970746,0.016166281755196306,0.06851424172440339,0.09545804464973057,0.057736720554272515,0.033102386451116246,0.1401077752117013,0.10546574287913779,0.042340261739799843,0.003849114703618168,0.020785219399538105,0.05542725173210162
JC_Cassius,0.04840508587999108,0.07026544724514834,0.2081195627927727,0.04282846308275708,0.02319875083649342,0.06691947356680794,0.08409547178228864,0.06870399286192282,0.03635958063796565,0.13896944010707116,0.08610305598929288,0.0455052420254294,0.0017845192951148785,0.015168414008476466,0.06357349988846754
Jn_Bastard,0.049512987012987016,0.078125,0.22483766233766234,0.0505275974025974,0.03185876623376623,0.07284902597402597,0.07528409090909091,0.06574675324675325,0.041599025974025976,0.12844967532467533,0.08177759740259741,0.03226461038961039,0.0034496753246753245,0.012378246753246754,0.05133928571428571
Jn_Constance,0.052736715940870954,0.06951658010387535,0.19576508190171793,0.05073911306432281,0.03595685177786656,0.0787055533359968,0.07271274470635238,0.058330003995205756,0.04394726328405913,0.14222932481022774,0.08709548541749901,0.04314822213343987,0.005593288054334798,0.015181781861765881,0.04834198961246504
Jn_Dauphin,0.0469068660774983,0.07341944255608429,0.2290958531611149,0.05642420122365738,0.030591434398368457,0.07341944255608429,0.06730115567641061,0.06322229775662815,0.05166553365057784,0.12508497620666215,0.0849762066621346,0.038069340584636305,0.004758667573079538,0.007477906186267845,0.04758667573079538
Jn_Hubert,0.04785894206549118,0.0688497061293031,0.20906801007556675,0.05961376994122586,0.022670025188916875,0.10075566750629723,0.07808564231738035,0.05709487825356843,0.02938706968933669,0.13937867338371115,0.07892527287993283,0.031066330814441646,0.005877413937867338,0.0109151973131822,0.060453400503778336
Jn_KingJohn,0.041440552540700545,0.06586087814504193,0.23162308830784412,0.05180069067587568,0.038727183029107055,0.06980759743463247,0.07745436605821411,0.05796743956586088,0.04070054267390232,0.13961519486926494,0.0863344844597928,0.03330044400592008,0.003206709422792304,0.010360138135175136,0.05180069067587568
Jn_KingPhilip,0.04084967320261438,0.06699346405228758,0.23583877995642702,0.04793028322440087,0.03594771241830065,0.039760348583877995,0.0789760348583878,0.0659041394335512,0.049564270152505446,0.14760348583877997,0.0855119825708061,0.03649237472766884,0.005991285403050109,0.010348583877995643,0.05228758169934641
Jn_Pandulph,0.05491698595146871,0.07407407407407407,0.23946360153256704,0.05044699872286079,0.033205619412515965,0.044061302681992334,0.0842911877394636,0.06002554278416347,0.04661558109833972,0.1277139208173691,0.07790549169859515,0.0491698595146871,0.0006385696040868455,0.010855683269476373,0.04661558109833972
Jn_Salisbury,0.043478260869565216,0.0588628762541806,0.2468227424749164,0.0548494983277592,0.02608695652173913,0.0548494983277592,0.07090301003344482,0.05953177257525084,0.03879598662207358,0.14715719063545152,0.08762541806020067,0.04013377926421405,0.0,0.009364548494983277,0.06153846153846154
LLL_Armado,0.042731072921504874,0.06409660938225732,0.24941941477008825,0.04551788202508128,0.02090106827682304,0.07756618671620993,0.06595448211797492,0.0543427775197399,0.041337668369716675,0.15652577798420808,0.09057129586623316,0.03204830469112866,0.0074314909428704135,0.009753831862517418,0.04180213655364608
LLL_Berowne,0.04633345494345129,0.06348048157606713,0.2108719445457862,0.05508938343670193,0.01933600875592849,0.07935060197008391,0.0749726377234586,0.05636628967530098,0.05235315578256111,0.13717621306092667,0.09047792776358993,0.041225829989055086,0.0027362276541408243,0.013133892739875957,0.05709595038307187
LLL_Boy,0.04674329501915709,0.07586206896551724,0.23448275862068965,0.06360153256704981,0.01992337164750958,0.06206896551724138,0.05440613026819923,0.06896551724137931,0.03984674329501916,0.1363984674329502,0.08275862068965517,0.0367816091954023,0.0015325670498084292,0.007662835249042145,0.06896551724137931
LLL_Boyet,0.05198487712665406,0.07655954631379962,0.19848771266540643,0.04725897920604915,0.01984877126654064,0.06852551984877127,0.08412098298676748,0.05954631379962193,0.04678638941398866,0.15737240075614367,0.08081285444234404,0.04158790170132325,0.0023629489603024575,0.00945179584120983,0.055293005671077505
LLL_Costard,0.04788732394366197,0.08112676056338028,0.19887323943661972,0.04507042253521127,0.017464788732394366,0.07042253521126761,0.05971830985915493,0.0856338028169014,0.04788732394366197,0.14028169014084507,0.08112676056338028,0.05464788732394366,0.0022535211267605635,0.012394366197183098,0.0552112676056338
LLL_Holofernes,0.041820418204182044,0.05904059040590406,0.2785977859778598,0.04489544895448955,0.012915129151291513,0.05719557195571956,0.06519065190651907,0.07072570725707257,0.04366543665436654,0.14821648216482164,0.07810578105781057,0.03198031980319803,0.0036900369003690036,0.012300123001230012,0.05166051660516605
LLL_King,0.04828551434569629,0.072778166550035,0.21308607417774666,0.05038488453463961,0.027641707487753672,0.07032890132960112,0.0801259622113366,0.05703289013296011,0.04688593421973408,0.13820853743876838,0.08642407277816655,0.041287613715885234,0.0010496850944716584,0.010496850944716585,0.05598320503848846
LLL_Princess,0.04702681694520015,0.05985231247570929,0.19704624951418578,0.060629615235134084,0.028371550719005052,0.056743101438010105,0.08666925767586475,0.060629615235134084,0.05985231247570929,0.14496696463272446,0.08394869801787797,0.039253789350952195,0.000777302759424796,0.013602798289933929,0.060629615235134084
LLL_Rosaline,0.03898635477582846,0.0825211176088369,0.18778427550357374,0.04873294346978557,0.02014294996751137,0.07212475633528265,0.07277452891487979,0.06432748538011696,0.057179987004548405,0.15789473684210525,0.06887589343729694,0.03443794671864847,0.002599090318388564,0.017543859649122806,0.07407407407407407
Lr_Albany,0.05,0.0532258064516129,0.2129032258064516,0.04596774193548387,0.02338709677419355,0.06854838709677419,0.0967741935483871,0.07983870967741935,0.05241935483870968,0.13709677419354838,0.07338709677419354,0.04112903225806452,0.0008064516129032258,0.008870967741935484,0.055645161290322584
Lr_Edgar,0.056446821152703504,0.0689245395127748,0.21449792038027332,0.048425430778371956,0.025846702317290554,0.08051099227569816,0.0766488413547237,0.06001188354129531,0.04070112893642305,0.13428401663695783,0.07902554961378491,0.04337492572786691,0.0020796197266785502,0.01990493166963755,0.04931669637551991
Lr_Edmund,0.05459477789081044,0.07019328585961343,0.2282129535435741,0.04442183791115632,0.01865038996269922,0.08545269582909461,0.0688368938623262,0.07358426585283147,0.04170905391658189,0.14343845371312308,0.07426246185147507,0.02882332994235334,0.002373685995252628,0.013224821973550356,0.05222109189555782
Lr_Fool,0.043548387096774194,0.08924731182795699,0.1870967741935484,0.056451612903225805,0.03924731182795699,0.08172043010752689,0.09408602150537634,0.05161290322580645,0.041935483870967745,0.12096774193548387,0.08387096774193549,0.04408602150537634,0.002688172043010753,0.013440860215053764,0.05
Lr_Gloucester,0.04025074232926427,0.06664467172550313,0.20389310458594523,0.04552952820851204,0.02342461233916199,0.07522269877928077,0.0884196634774002,0.06334543055097328,0.044539755856153086,0.15044539755856154,0.0814912570108875,0.038931045859452326,0.003299241174529858,0.017156054107555264,0.057406796436819535
Lr_Goneril,0.04648588821250692,0.08190370780298838,0.20863309352517986,0.05755395683453238,0.01770890979524073,0.07636967349197565,0.07470946319867183,0.07194244604316546,0.04261206419479801,0.13392363032650803,0.0653016048699502,0.04150525733259546,0.0016602102933038186,0.014941892639734366,0.06474820143884892
Lr_Kent,0.044861597200127265,0.07031498568246898,0.20489977728285078,0.05854279350938594,0.021953547566019728,0.07286032453070315,0.07222398981864461,0.06776964683423481,0.04740693604836144,0.13617562838052816,0.06999681832643971,0.04836143811644925,0.002545338848234171,0.013999363665287942,0.06808781419026408
Lr_Lear,0.054242424242424245,0.06424242424242424,0.19166666666666668,0.052121212121212124,0.03681818181818182,0.08045454545454546,0.07515151515151515,0.07696969696969697,0.047424242424242424,0.11848484848484848,0.08636363636363636,0.04242424242424243,0.0036363636363636364,0.013030303030303031,0.05696969696969697
Lr_Regan,0.0410958904109589,0.06372840976771887,0.18999404407385348,0.052412150089338895,0.023228111971411555,0.0714711137581894,0.07504466944609887,0.08933889219773675,0.04288266825491364,0.136986301369863,0.07802263251935676,0.048243001786777845,0.0011911852293031567,0.014889815366289458,0.0714711137581894
MM_Angelo,0.045548654244306416,0.06832298136645963,0.20876466528640442,0.060041407867494824,0.02035886818495514,0.07971014492753623,0.08143547273982056,0.05969634230503796,0.049689440993788817,0.12353347135955832,0.0883367839889579,0.040372670807453416,0.001725327812284334,0.014837819185645272,0.05762594893029676
MM_Duke,0.038503716339710004,0.07079322529547948,0.2139636895333252,0.05690264408431826,0.019861094187888388,0.05860850493481175,0.07737297429024004,0.06445717070793225,0.03728524430364323,0.14694772754965274,0.08163762641647374,0.04508346533447057,0.0012184720360667724,0.013525039600341172,0.0738394053856464
MM_Escalus,0.0450656018254421,0.06674272675413577,0.2139189960068454,0.057615516257843696,0.015972618368511125,0.04791785510553337,0.07358813462635481,0.06332002281802625,0.03593839132915003,0.1488876212207644,0.0775812892184826,0.04392470051340559,0.0034227039361095267,0.013690815744438107,0.09241300627495722
MM_Isabella,0.040722761596548,0.07901833872707659,0.21467098166127294,0.04773462783171521,0.018338727076591153,0.07470334412081985,0.0784789644012945,0.06499460625674218,0.03425026968716289,0.14347357065803668,0.08522114347357065,0.043689320388349516,0.001348435814455232,0.017529665587918016,0.055825242718446605
MM_Lucio,0.04481893151667264,0.06238795267120832,0.205091430620294,0.05414126927214055,0.01936177841520258,0.07457870204374328,0.06955898171387594,0.05342416636787379,0.03872355683040516,0.15274291860882036,0.09394048045894586,0.04481893151667264,0.0007171029042667623,0.01864467551093582,0.06704912154894227
MM_Pompey,0.040686586141131596,0.080737444373808,0.1958041958041958,0.06420851875397329,0.019707565162110616,0.06039415130324221,0.06865861411315957,0.09663064208518754,0.04132231404958678,0.12968849332485696,0.08900190718372536,0.02670057215511761,0.0006357279084551812,0.02542911633820725,0.06039415130324221
MM_Provost,0.03764544832306639,0.06913073237508556,0.22245037645448323,0.07255304585900069,0.007529089664613279,0.05817932922655715,0.07460643394934977,0.059548254620123205,0.028747433264887063,0.16358658453114305,0.08898015058179329,0.043121149897330596,0.0006844626967830253,0.013004791238877482,0.06023271731690623
MND_Bottom,0.044054747647562016,0.07570573139435414,0.20316509837467922,0.05431993156544055,0.01924721984602224,0.08768177929854576,0.06843455945252352,0.05645851154833191,0.05431993156544055,0.12275449101796407,0.08511548331907613,0.03721129170230967,0.0025662959794696323,0.020530367835757058,0.06843455945252352
MND_Demetrius,0.06459525756336877,0.05233033524121014,0.1749795584627964,0.05560098119378577,0.029435813573180702,0.09893704006541292,0.07931316434995912,0.06050695012264922,0.033524121013900246,0.12755519215044972,0.09239574816026165,0.047424366312346686,0.0,0.022076860179885527,0.06132461161079313
MND_Helena,0.04779411764705882,0.06801470588235294,0.19301470588235295,0.058363970588235295,0.019761029411764705,0.07904411764705882,0.07077205882352941,0.05422794117647059,0.03630514705882353,0.1135110294117647,0.1056985294117647,0.05376838235294118,0.004136029411764706,0.017922794117647058,0.07766544117647059
MND_Hermia,0.03944773175542406,0.07166337935568705,0.17291255752794216,0.040105193951347796,0.02695595003287311,0.11045364891518737,0.07363576594345825,0.0782380013149244,0.04602235371466141,0.11176857330703485,0.10190664036817883,0.05193951347797501,0.0013149243918474688,0.011834319526627219,0.06180144641683103
MND_Lysander,0.042565947242206234,0.05455635491606715,0.20503597122302158,0.050959232613908875,0.02877697841726619,0.09292565947242207,0.07853717026378897,0.050359712230215826,0.03836930455635491,0.1211031175059952,0.11630695443645084,0.04316546762589928,0.002997601918465228,0.013788968824940047,0.0605515587529976
MND_Oberon,0.0391147709727226,0.06073082861554297,0.22645393721049922,0.03705609881626351,0.035512094698919194,0.0782295419454452,0.08440555841482245,0.0602161605764282,0.048893463715903245,0.14822439526505404,0.10138960370560988,0.022645393721049924,0.003602676273803397,0.008749356664951106,0.04477611940298507
MND_RobinGoodfellow,0.043151969981238276,0.07942464040025016,0.22764227642276422,0.056910569105691054,0.03877423389618512,0.08130081300813008,0.07817385866166354,0.05065666041275797,0.03189493433395872,0.12195121951219512,0.09505941213258287,0.04002501563477173,0.0025015634771732333,0.013758599124452783,0.03877423389618512
MND_Theseus,0.032083145051965654,0.06642566651604158,0.2580207862629914,0.05241753276095797,0.01807501129688206,0.05332128332580208,0.08178942611839132,0.05603253502033439,0.04021690013556258,0.14324446452779033,0.09444193402620876,0.030727519204699502,0.005422503389064619,0.011296882060551287,0.05648441030275644
MND_Titania,0.04491725768321513,0.05594956658786446,0.24428684003152087,0.05358550039401103,0.036249014972419225,0.07722616233254531,0.0764381402679275,0.055161544523246654,0.04176516942474389,0.13317572892040977,0.1016548463356974,0.029156816390858944,0.004728132387706856,0.003940110323089046,0.04176516942474389
MV_Antonio,0.04756312389900176,0.07046388725778038,0.21491485613623018,0.06283029947152084,0.014679976512037582,0.07985907222548444,0.08573106283029946,0.03992953611274222,0.04756312389900176,0.1315325895478567,0.08749266001174398,0.03405754550792719,0.0011743981209630064,0.007046388725778039,0.07516147974163241
MV_Bassanio,0.042334830019243104,0.058691468890314305,0.21488133418858243,0.04457985888389993,0.01699807568954458,0.08691468890314304,0.07953816549069917,0.05452212957023733,0.0391276459268762,0.14271969211032715,0.09012187299550994,0.04425914047466325,0.001603592046183451,0.014111610006414367,0.06959589480436178
MV_Gratiano,0.04764930114358323,0.08449809402795426,0.2071156289707751,0.05082592121982211,0.01905972045743329,0.08894536213468869,0.07369758576874205,0.05400254129606099,0.03811944091486658,0.12579415501905972,0.07878017789072427,0.04066073697585769,0.005082592121982211,0.018424396442185513,0.06734434561626429
MV_LanceletGobbo,0.05868945868945869,0.0905982905982906,0.2091168091168091,0.05527065527065527,0.011396011396011397,0.07863247863247863,0.06723646723646724,0.06837606837606838,0.0301994301994302,0.12307692307692308,0.07977207977207977,0.039886039886039885,0.0011396011396011395,0.017094017094017096,0.06951566951566951
MV_Lorenzo,0.03851010101010101,0.06691919191919192,0.23737373737373738,0.05366161616161616,0.025252525252525252,0.06755050505050506,0.07891414141414141,0.05176767676767677,0.03851010101010101,0.1534090909090909,0.08207070707070707,0.037247474747474744,0.0025252525252525255,0.006313131313131313,0.05997474747474747
MV_Portia,0.04031232976212094,0.069003086980207,0.21645178863264936,0.054839295442164517,0.020882513165062646,0.07227165425821681,0.08825131650626475,0.05102596695115308,0.03831487198111495,0.14454330851643363,0.08988560014526965,0.032867259851098604,0.0019974577810059923,0.014526965680043582,0.06482658434719447
MV_Shylock,0.05627198124267292,0.07297772567409144,0.2198124267291911,0.04835873388042204,0.022274325908558032,0.08704572098475967,0.07502930832356389,0.04835873388042204,0.03927315357561548,0.12866354044548653,0.08675263774912075,0.03839390386869871,0.0008792497069167644,0.013774912075029308,0.06213364595545135
Mac_LadyMacbeth,0.04742729306487696,0.07069351230425056,0.22013422818791947,0.05413870246085011,0.029977628635346757,0.059955257270693514,0.07472035794183446,0.05906040268456376,0.05011185682326622,0.13870246085011187,0.07785234899328859,0.0348993288590604,0.0026845637583892616,0.0174496644295302,0.0621923937360179
Mac_Macbeth,0.04121231558691469,0.06847338037203335,0.2304361770365619,0.04393842206542656,0.030949326491340603,0.07841565105837076,0.07793457344451571,0.056125721616420786,0.046023091725465044,0.1375881975625401,0.08242463117382938,0.03704297626683772,0.0036882617062219372,0.016196279666452856,0.049550994227068636
Mac_Macduff,0.045064377682403435,0.05793991416309013,0.22103004291845493,0.04721030042918455,0.026466380543633764,0.0715307582260372,0.08869814020028613,0.060801144492131615,0.045064377682403435,0.12875536480686695,0.09012875536480687,0.04721030042918455,0.006437768240343348,0.013590844062947067,0.05007153075822604
Mac_Malcolm,0.038702928870292884,0.07374476987447699,0.23535564853556484,0.05282426778242678,0.02405857740585774,0.07112970711297072,0.07635983263598327,0.05439330543933055,0.04236401673640167,0.1354602510460251,0.0852510460251046,0.04236401673640167,0.0036610878661087866,0.019351464435146442,0.04497907949790795
Oth_Brabantio,0.05746209098164405,0.07023144453312051,0.22585794094173983,0.05107741420590583,0.03192338387869114,0.06384676775738228,0.06783719074221868,0.0670391061452514,0.041500399042298484,0.12689545091779728,0.08619313647246608,0.03671189146049481,0.0,0.018355945730247406,0.05506783719074222
Oth_Cassio,0.04920699471329809,0.06547376982513217,0.22651484343228956,0.04310695404636031,0.02277348515656771,0.07848718991459944,0.0821472143147621,0.05327368849125661,0.04432696217974787,0.12566083773891826,0.10126067507116714,0.04554697031313542,0.0012200081333875558,0.011793411956079707,0.04920699471329809
Oth_Desdemona,0.04383813611281422,0.06897608828939301,0.18669527896995708,0.0668301655426119,0.019313304721030045,0.10300429184549356,0.07050889025137952,0.04751686082158185,0.03525444512568976,0.13733905579399142,0.08982219497240956,0.045064377682403435,0.001226241569589209,0.01655426118945432,0.06805640711220111
Oth_Emilia,0.04746084480303749,0.07214048410061699,0.19791172282866634,0.06597057427622212,0.021357380161366873,0.07783578547698149,0.07498813478879925,0.05552918841955387,0.04224015187470337,0.12149976269577599,0.09112482202183199,0.05030849549121975,0.0014238253440911248,0.024679639297579496,0.05552918841955387
Oth_Iago,0.04522362785137962,0.0702261181392569,0.2104791313875884,0.04721585815320251,0.02171531028986951,0.07391174419762925,0.08078493873891822,0.05628050602649666,0.03884849088554637,0.14453630839725073,0.08646279509911346,0.03924693694591095,0.0018926187867317461,0.01822890726167945,0.06494670783942624
Oth_Othello,0.05388017691998392,0.06808738774963141,0.21900549524192467,0.042889693070633964,0.025063664388151722,0.08577938614126793,0.07840772014475271,0.05803511593620158,0.03927087521779922,0.12639056426752446,0.09167671893848009,0.04342581423401689,0.0024125452352231603,0.014609301702184694,0.051065540812223566
Per_Gower,0.03534730785039047,0.06041923551171394,0.2096177558569667,0.06247431154952733,0.02301685162351007,0.061241265926839296,0.08014796547472257,0.0690505548705302,0.04438964241676942,0.15947390053431976,0.08590217838060009,0.038635429510891904,0.0016440608302507192,0.010275380189066995,0.058364159473900536
Per_Marina,0.05742574257425743,0.061386138613861385,0.18547854785478549,0.052805280528052806,0.015181518151815182,0.09834983498349835,0.05412541254125412,0.07854785478547854,0.0429042904290429,0.13267326732673268,0.09702970297029703,0.033663366336633666,0.0,0.02442244224422442,0.066006600660066
Per_Pericles,0.04478993151952619,0.06607440310938367,0.20414584490098095,0.05441421432537479,0.02609661299278179,0.09143068665556173,0.08772903942254304,0.06422357949287433,0.04053303720155469,0.12937257079400333,0.08717379233759023,0.03053858967240422,0.0024060707014621507,0.01110494169905608,0.059966685174902834
Per_Simonides,0.05137481910274964,0.06367583212735166,0.17655571635311143,0.060057887120115776,0.013748191027496382,0.06729377713458755,0.0824891461649783,0.07742402315484805,0.04630969609261939,0.1548480463096961,0.0824891461649783,0.03400868306801737,0.00361794500723589,0.005788712011577424,0.08031837916063676
R2_Gaunt,0.04970286331712588,0.07617504051863858,0.20853592652620206,0.04862236628849271,0.02971366828741221,0.08373851971907077,0.08049702863317126,0.056185845488924906,0.04267963263101027,0.1507293354943274,0.07617504051863858,0.03403565640194489,0.005942733657482442,0.010804970286331712,0.046461372231226365
R2_HenryIV,0.04040404040404041,0.06967106967106967,0.2318052318052318,0.05672105672105672,0.021756021756021756,0.08521108521108521,0.072002072002072,0.0619010619010619,0.04144004144004144,0.13416213416213416,0.0821030821030821,0.034447034447034446,0.006475006475006475,0.011914011914011913,0.04998704998704999
R2_Mowbray,0.04795050270688322,0.06728538283062645,0.22351121423047177,0.04331013147718484,0.020108275328692964,0.12064965197215777,0.06883217324052592,0.04717710750193349,0.048723897911832945,0.13534416086620263,0.065738592420727,0.04021655065738593,0.005413766434648105,0.013147718484145398,0.05259087393658159
R2_Northumberland,0.047058823529411764,0.06323529411764706,0.23529411764705882,0.061764705882352944,0.01838235294117647,0.058823529411764705,0.07573529411764705,0.05588235294117647,0.04411764705882353,0.15220588235294116,0.09485294117647058,0.03455882352941177,0.008088235294117648,0.005147058823529412,0.04485294117647059
R2_RichardII,0.04546714721375104,0.06653728860548933,0.2181868588855004,0.04782367618519545,0.03770446354311062,0.07554754643748267,0.08400332686443028,0.05863598558358747,0.05101192126420848,0.13931244801774328,0.08150817854172443,0.037843082894372056,0.0027723870252287217,0.009148877183254783,0.044496811754920984
R2_York,0.05342667649226234,0.0578481945467944,0.20154753131908623,0.05121591746499631,0.02763448784082535,0.07627118644067797,0.08364038319823139,0.051584377302873984,0.04274134119380987,0.15364775239498896,0.08327192336035372,0.036845983787767135,0.0036845983787767134,0.014738393515106854,0.06190125276344879
R3_Buckingham,0.04661365505895256,0.047162051000822595,0.2253907321085824,0.07485604606525911,0.0200164518782561,0.06251713737318344,0.07540444200712915,0.060049355634768306,0.04771044694269262,0.15409925966547847,0.0781464217164793,0.03482314230874692,0.004387167534960241,0.012613106663010694,0.05621058404167809
R3_Clarence,0.048207663782447466,0.07107540173053152,0.21631644004944375,0.05686032138442522,0.019159456118665017,0.08405438813349815,0.07725587144622992,0.05686032138442522,0.030284301606922127,0.138442521631644,0.08714462299134734,0.03955500618046971,0.003708281829419036,0.014833127317676144,0.05624227441285538
R3_DuchessOfYork,0.04580152671755725,0.05267175572519084,0.2183206106870229,0.0450381679389313,0.02748091603053435,0.10229007633587786,0.08091603053435115,0.06641221374045801,0.03740458015267176,0.1099236641221374,0.10305343511450382,0.04732824427480916,0.003816793893129771,0.01450381679389313,0.0450381679389313
R3_Hastings,0.04872727272727273,0.06981818181818182,0.1890909090909091,0.056,0.02690909090909091,0.09090909090909091,0.08072727272727273,0.056,0.05381818181818182,0.13527272727272727,0.07418181818181818,0.04727272727272727,0.002181818181818182,0.01818181818181818,0.05090909090909091
R3_HenryVII,0.05355832721936904,0.05135730007336757,0.2443140132061629,0.052090975788701394,0.024944974321349962,0.06603081438004402,0.08730741012472487,0.06676449009537784,0.0425531914893617,0.13646368305209097,0.08143800440205429,0.030814380044020543,0.00293470286133529,0.013206162876008804,0.046221570066030816
R3_LadyAnne,0.045547246770904146,0.06798096532970768,0.20190346702923181,0.04758667573079538,0.03195105370496261,0.09721278042148199,0.09245411284840245,0.0557443915703603,0.03399048266485384,0.1257647858599592,0.08633582596872875,0.05030591434398368,0.005438477226376614,0.012236573759347382,0.045547246770904146
R3_QueenElizabeth,0.04134466769706337,0.0660741885625966,0.19938176197836166,0.05641421947449768,0.02511591962905719,0.08384853168469861,0.0865533230293663,0.080370942812983,0.04134466769706337,0.12712519319938176,0.08075734157650695,0.03361669242658424,0.005795981452859351,0.013523956723338485,0.05873261205564142
R3_QueenMargaret,0.042938931297709926,0.07061068702290077,0.2056297709923664,0.04961832061068702,0.03625954198473282,0.08540076335877862,0.08444656488549618,0.0648854961832061,0.042938931297709926,0.13024809160305342,0.09255725190839695,0.03101145038167939,0.0028625954198473282,0.007633587786259542,0.05295801526717557
R3_RichardIII,0.04736255572065379,0.06807206537890044,0.21331723625557206,0.054420505200594355,0.023402674591381872,0.08320950965824665,0.08478826151560179,0.06407875185735512,0.042533432392273404,0.13400817236255572,0.08534546805349183,0.03064635958395245,0.0033432392273402673,0.012537147102526004,0.052934621099554234
Rom_Benvolio,0.040229885057471264,0.0625,0.21695402298850575,0.04525862068965517,0.022988505747126436,0.07112068965517242,0.07614942528735633,0.05459770114942529,0.03807471264367816,0.1343390804597701,0.10416666666666667,0.0625,0.0035919540229885057,0.01221264367816092,0.05531609195402299
Rom_Capulet,0.050935137286112216,0.05769996020692399,0.17469160366096298,0.05252686032630322,0.03302825308396339,0.08555511341026661,0.0939116593712694,0.0600875447672105,0.045762037405491444,0.12892956625547156,0.08993235177079188,0.04456824512534819,0.0031834460803820135,0.013529645841623557,0.06565857540787903
Rom_FriarLawrence,0.03887033100516247,0.058912845429699365,0.2131794716064379,0.04615851806863043,0.02976009717582751,0.08472517461281506,0.08928029152748254,0.05678712420285454,0.04342544791982994,0.13361676283024598,0.08897661706650471,0.05132098390525357,0.0018220467658669906,0.013361676283024598,0.04980261160036441
Rom_Juliet,0.04742845707424455,0.07204322593556134,0.19311586952171303,0.044826896137682606,0.03221933159895938,0.09205523313988392,0.07844706824094456,0.044026415849509705,0.044026415849509705,0.13227936762057235,0.09345607364418651,0.05603362017210326,0.004602761656994196,0.015409245547328396,0.05003001801080648
Rom_Mercutio,0.039014373716632446,0.07967145790554415,0.2406570841889117,0.05092402464065708,0.03162217659137577,0.0673511293634497,0.07145790554414784,0.053388090349075976,0.05010266940451746,0.13182751540041068,0.08254620123203285,0.04435318275154004,0.0008213552361396304,0.015195071868583163,0.04106776180698152
Rom_Nurse,0.03930817610062893,0.07272012578616352,0.18985849056603774,0.049528301886792456,0.02279874213836478,0.07193396226415094,0.0845125786163522,0.05227987421383648,0.06289308176100629,0.11360062893081761,0.10731132075471699,0.060141509433962265,0.0011792452830188679,0.015723270440251572,0.05621069182389937
Rom_Romeo,0.04206363472946252,0.06938702139133561,0.19000539277368325,0.0413445982383606,0.030738809994607225,0.09131763436994428,0.09077835700161783,0.05860147402480676,0.03954700701060579,0.145425130325364,0.09617113068488226,0.04278267122056444,0.003954700701060579,0.010965306489304332,0.046917131044400505
Shr_Baptista,0.0451527224435591,0.06042496679946879,0.1952191235059761,0.06042496679946879,0.03187250996015936,0.07636122177954847,0.08034528552456839,0.06374501992031872,0.045816733067729085,0.12881806108897742,0.08432934926958831,0.03718459495351926,0.0006640106241699867,0.01593625498007968,0.07370517928286853
Shr_Gremio,0.03982016698779704,0.08734746307000642,0.19396274887604367,0.046885035324341684,0.02119460500963391,0.07064868336544637,0.07321772639691715,0.07000642260757868,0.04046242774566474,0.14322414900449582,0.08798972382787412,0.037251123956326265,0.002569043031470777,0.01605651894669236,0.06936416184971098
Shr_Grumio,0.04863582443653618,0.0753262158956109,0.18564650059311982,0.05219454329774614,0.03795966785290629,0.0830367734282325,0.07058125741399762,0.08659549228944247,0.04151838671411625,0.1162514827995255,0.08896797153024912,0.042704626334519574,0.0017793594306049821,0.013641755634638196,0.05516014234875445
Shr_Hortensio,0.033062330623306234,0.08184281842818428,0.1994579945799458,0.04607046070460705,0.02113821138211382,0.07588075880758807,0.07642276422764227,0.07046070460704607,0.04173441734417344,0.12682926829268293,0.09647696476964769,0.041192411924119245,0.0005420054200542005,0.014092140921409214,0.07479674796747968
Shr_Katherine,0.046214355948869225,0.06538839724680433,0.19616519174041297,0.049164208456243856,0.022123893805309734,0.07964601769911504,0.07571288102261553,0.0535889872173058,0.051622418879056046,0.12438544739429695,0.10176991150442478,0.038348082595870206,0.0019665683382497543,0.014749262536873156,0.0791543756145526
Shr_Lord,0.03508771929824561,0.06102212051868802,0.2349351639969489,0.05491990846681922,0.031273836765827616,0.04424103737604882,0.09458428680396644,0.05263157894736842,0.04271548436308162,0.14950419527078565,0.09305873379099924,0.03585049580472922,0.0038138825324180014,0.016018306636155607,0.05034324942791762
Shr_Lucentio,0.04865556978233035,0.07490396927016646,0.21959026888604352,0.05313700384122919,0.027528809218950064,0.09154929577464789,0.06145966709346991,0.06530089628681178,0.03969270166453265,0.12227912932138284,0.08898847631241998,0.03201024327784891,0.0,0.012804097311139564,0.06209987195902689
Shr_Petruchio,0.04788627010849233,0.06659184436962215,0.20650953984287318,0.04826038159371493,0.026000748222970445,0.0817433595211373,0.07388701833146277,0.06378600823045268,0.05574261129816686,0.1219603441825664,0.09670781893004116,0.035166479610924055,0.0009352787130564908,0.01328095772540217,0.061541339319117094
Shr_Tranio,0.04265578635014837,0.0897626112759644,0.2140207715133531,0.054525222551928786,0.012611275964391691,0.06491097922848665,0.0693620178041543,0.07418397626112759,0.04080118694362018,0.12314540059347182,0.08864985163204747,0.03672106824925816,0.001483679525222552,0.010014836795252226,0.0771513353115727
TGV_Duke,0.040021344717182494,0.07470651013874066,0.19903948772678762,0.05389541088580576,0.0288153681963714,0.09658484525080042,0.08377801494130203,0.0736392742796158,0.040021344717182494,0.1248665955176094,0.09445037353255069,0.028281750266808965,0.0016008537886872999,0.010138740661686232,0.05016008537886873
TGV_Julia,0.041695865451997195,0.08163980378416258,0.1986685353889278,0.03959355290819902,0.02207428170988087,0.08199018920812894,0.07428170988086896,0.06236860546601261,0.04099509460406447,0.14470918009810793,0.08969866853538892,0.034688156972669935,0.001401541695865452,0.021373510861948143,0.06482130343377715
TGV_Lance,0.04368248003757633,0.09394081728511038,0.19116956317519962,0.054015969938938466,0.026303428839830906,0.07891028651949272,0.07374354156881165,0.07280413339596055,0.040394551432597466,0.14138093001409113,0.08971348050728041,0.033818694222639736,0.0018788163457022077,0.01456082667919211,0.04368248003757633
TGV_Proteus,0.03571428571428571,0.07118226600985221,0.19950738916256158,0.054187192118226604,0.02142857142857143,0.0960591133004926,0.08078817733990148,0.06748768472906404,0.038669950738916256,0.13866995073891625,0.08596059113300493,0.032758620689655175,0.0024630541871921183,0.011083743842364532,0.06403940886699508
TGV_Speed,0.04589787722317843,0.09064830751577739,0.17842799770510614,0.05450372920252438,0.020654044750430294,0.08089500860585198,0.07056798623063683,0.09409064830751578,0.030407343660355707,0.11474469305794607,0.09581181870338497,0.03499713138267355,0.0005737234652897303,0.011474469305794608,0.07630522088353414
TGV_Sylvia,0.040965618141916606,0.07754206291148501,0.17849305047549377,0.051207022677395755,0.02267739575713241,0.09290416971470374,0.08558888076079005,0.06291148500365765,0.04169714703730797,0.12143379663496708,0.08485735186539868,0.04681784930504755,0.000731528895391368,0.020482809070958303,0.07168983174835405
TGV_Valentine,0.03664921465968586,0.07242582897033159,0.2024432809773124,0.052065154159395,0.02385107620709715,0.0866783013379872,0.08027923211169284,0.0651541593949971,0.04275741710296684,0.13176265270506107,0.09453170447934846,0.034904013961605584,0.004072134962187318,0.015125072716695753,0.057300756253635836
TNK_Arcite,0.046010879419764276,0.06686310063463281,0.21645512239347234,0.04261106074342702,0.024478694469628286,0.07660924750679964,0.0800090661831369,0.0743427017225748,0.04102447869446963,0.11763372620126926,0.09791477787851315,0.0385312783318223,0.0022665457842248413,0.012239347234814143,0.06300997280145058
TNK_Daughter,0.04384816753926701,0.06479057591623037,0.20647905759162305,0.05366492146596859,0.025523560209424083,0.08049738219895287,0.09260471204188482,0.05006544502617801,0.03959424083769633,0.12958115183246074,0.09587696335078534,0.03893979057591623,0.0032722513089005235,0.021596858638743454,0.05366492146596859
TNK_Emilia,0.041158536585365856,0.07256097560975609,0.22560975609756098,0.046646341463414634,0.022865853658536585,0.07804878048780488,0.08109756097560976,0.07134146341463414,0.03689024390243902,0.13414634146341464,0.07652439024390244,0.043292682926829265,0.004878048780487805,0.017378048780487806,0.0475609756097561
TNK_Palamon,0.044355644355644354,0.07492507492507493,0.2101898101898102,0.04915084915084915,0.032167832167832165,0.08031968031968031,0.07192807192807193,0.06913086913086913,0.03896103896103896,0.12187812187812187,0.0899100899100899,0.04115884115884116,0.002197802197802198,0.016783216783216783,0.056943056943056944
TNK_Theseus,0.045154567558179926,0.07224730809308788,0.2160472386245224,0.060437651962486974,0.025008683570684264,0.05939562348037513,0.08857242097950677,0.06738450850989927,0.04168113928447378,0.1264327891629038,0.08405696422368879,0.03195554011809656,0.0027787426189649182,0.012504341785342132,0.06634248002778742
TN_AndrewAguecheek,0.03458646616541353,0.09548872180451128,0.18796992481203006,0.055639097744360905,0.014285714285714285,0.09849624060150376,0.08195488721804511,0.05413533834586466,0.03984962406015038,0.12255639097744361,0.09849624060150376,0.0443609022556391,0.0007518796992481203,0.016541353383458645,0.05488721804511278
TN_Feste,0.04370814240394783,0.07966161438138879,0.19950652097285865,0.03947832217130772,0.021854071201973916,0.07930912936200211,0.08177652449770885,0.0676771237222418,0.053930207966161436,0.12900951709552344,0.07860415932322876,0.04018329221008107,0.0014099400775467042,0.019386676066267185,0.06450475854776172
TN_Malvolio,0.0379041248606466,0.0802675585284281,0.2032701597918989,0.043849869936826456,0.016722408026755852,0.0758082497212932,0.07729468599033816,0.05202526941657377,0.043849869936826456,0.14232627276105536,0.09959123002601264,0.042735042735042736,0.002229654403567447,0.014492753623188406,0.06763285024154589
TN_Maria,0.04074585635359116,0.07113259668508287,0.20303867403314918,0.04558011049723757,0.019337016574585635,0.0718232044198895,0.057320441988950276,0.060082872928176795,0.058011049723756904,0.16367403314917128,0.09737569060773481,0.03660220994475138,0.0020718232044198894,0.011740331491712707,0.06146408839779006
TN_Olivia,0.04639175257731959,0.07142857142857142,0.2025036818851252,0.04491899852724595,0.029086892488954345,0.0821060382916053,0.06737849779086892,0.04639175257731959,0.03939617083946981,0.14285714285714285,0.09020618556701031,0.048600883652430045,0.0003681885125184094,0.015832106038291605,0.07253313696612666
TN_Orsino,0.04491481672689726,0.08982963345379452,0.22096024780588538,0.04594734124935467,0.02942694889003614,0.0743417656169334,0.0743417656169334,0.054723799690242644,0.035622096024780586,0.12906556530717606,0.0862157976251936,0.05627258647392876,0.004130098089829634,0.008260196179659268,0.04594734124935467
TN_Sebastian,0.03574329813160033,0.08773354995938261,0.20308692120227456,0.047116165718927704,0.023558082859463852,0.08367181153533712,0.07717303005686434,0.06336311941510966,0.03411860276198213,0.12103980503655565,0.10316815597075549,0.048740861088545896,0.0008123476848090983,0.01462225832656377,0.056051990251827784
TN_TobyBelch,0.03756313131313131,0.07544191919191919,0.22285353535353536,0.04482323232323232,0.030934343434343436,0.07386363636363637,0.07765151515151515,0.059027777777777776,0.04071969696969697,0.1404671717171717,0.09311868686868686,0.041351010101010104,0.0015782828282828283,0.01167929292929293,0.04892676767676768
TN_Viola,0.040776699029126215,0.07799352750809062,0.21326860841423947,0.045954692556634306,0.01779935275080906,0.09967637540453074,0.06181229773462783,0.06601941747572816,0.04563106796116505,0.12135922330097088,0.08867313915857605,0.039158576051779935,0.0012944983818770227,0.015533980582524271,0.06504854368932039
Tim_Alcibiades,0.04439746300211417,0.07399577167019028,0.20155038759689922,0.06624383368569416,0.02536997885835095,0.09302325581395349,0.07540521494009866,0.0507399577167019,0.042283298097251586,0.142353770260747,0.0817477096546864,0.041578576462297394,0.0021141649048625794,0.009866102889358703,0.04933051444679352
Tim_Apemantus,0.05768249106687085,0.07044410413476264,0.18785094435936703,0.039816232771822356,0.04696273608984176,0.0852475752935171,0.08575803981623277,0.050025523226135786,0.04696273608984176,0.12149055640632976,0.0903522205206738,0.04134762633996937,0.0035732516590096988,0.02092904543134252,0.0515569167942828
Tim_Flavius,0.04269662921348315,0.06685393258426967,0.17134831460674158,0.06797752808988763,0.023033707865168538,0.07415730337078652,0.08764044943820225,0.05337078651685393,0.04662921348314607,0.13876404494382022,0.0848314606741573,0.04662921348314607,0.0028089887640449437,0.02696629213483146,0.06629213483146068
Tim_Timon,0.047625400213447175,0.06870330843116329,0.2147812166488794,0.04909284951974386,0.03215048025613661,0.07550693703308431,0.09191568836712914,0.056963713980789754,0.04442369263607257,0.1217982924226254,0.08431163287086446,0.03735325506937033,0.0013340448239060833,0.01507470651013874,0.05896478121664888
Tit_Aaron,0.04516325907842539,0.0732377174244736,0.22459566676838572,0.056454073848031736,0.024412572474824534,0.07720476045163259,0.09093683246872139,0.055538602380225816,0.03844980164784864,0.1281660054928288,0.07110161733292646,0.039060115959719255,0.0033567287152883735,0.014037229173024107,0.058285016783643576
Tit_Lucius,0.04714201532115498,0.06305244549204478,0.2103712433706541,0.046552740129640544,0.028874484384207425,0.07719505008839128,0.0901591043017089,0.07071302298173247,0.03948143783146729,0.1278727165586329,0.08839127872716558,0.04714201532115498,0.0017678255745433118,0.010017678255745434,0.05126694166175604
Tit_Marcus,0.04660587639311044,0.07328605200945626,0.22695035460992907,0.05504896994258696,0.02465383316447146,0.07531239446133063,0.07227288078351908,0.060790273556231005,0.03579871664978048,0.1276595744680851,0.09152313407632556,0.0425531914893617,0.0037149611617696724,0.012833502195204323,0.050996285038838234
Tit_Saturninus,0.04493207941483804,0.06530825496342738,0.2304075235109718,0.05276907001044932,0.029258098223615466,0.0741901776384535,0.07210031347962383,0.06687565308254964,0.034482758620689655,0.13061650992685475,0.10083594566353186,0.03970741901776385,0.002612330198537095,0.01044932079414838,0.045454545454545456
Tit_Tamora,0.036539269214615706,0.05879882402351953,0.2234355312893742,0.051658966820663586,0.024779504409911803,0.08189836203275934,0.07979840403191936,0.0621587568248635,0.044099118017639646,0.13817723645527089,0.09407811843763125,0.03527929441411172,0.0033599328013439733,0.013019739605207897,0.05291894162116758
Tit_Titus,0.048102778607708396,0.06812070510905288,0.2106363907977293,0.049297878697340904,0.02718852703913953,0.07947415596056169,0.08485210636390798,0.06319091723931879,0.03899014042426053,0.12832387212429042,0.09262025694651928,0.03899014042426053,0.004631012847325963,0.011353450851508814,0.05422766656707499
Tmp_Ariel,0.054177545691906005,0.06788511749347259,0.19516971279373369,0.0489556135770235,0.02610966057441253,0.08420365535248042,0.09986945169712794,0.06919060052219321,0.04308093994778068,0.1409921671018277,0.07114882506527415,0.037859007832898174,0.0019582245430809398,0.009138381201044387,0.05026109660574413
Tmp_Caliban,0.047619047619047616,0.062169312169312166,0.18783068783068782,0.0496031746031746,0.03373015873015873,0.11044973544973545,0.06746031746031746,0.05026455026455026,0.036375661375661374,0.14153439153439154,0.1078042328042328,0.03968253968253968,0.003968253968253968,0.016534391534391533,0.04497354497354497
Tmp_Gonzalo,0.04633471645919779,0.07123098201936376,0.20677731673582295,0.05739972337482711,0.03665283540802213,0.05739972337482711,0.08229598893499308,0.07468879668049792,0.042185338865836794,0.13208852005532504,0.07330567081604426,0.034578146611341634,0.006224066390041493,0.02627939142461964,0.05255878284923928
Tmp_Miranda,0.045183290707587385,0.0733162830349531,0.17817561807331628,0.058823529411764705,0.026427962489343565,0.10059676044330776,0.06308610400682012,0.06734867860187553,0.0392156862745098,0.13895993179880647,0.08098891730605286,0.0392156862745098,0.0017050298380221654,0.028985507246376812,0.057971014492753624
Tmp_Prospero,0.05283347863993025,0.06817785527462947,0.21743679163034002,0.04777680906713165,0.035047951176983436,0.08456843940714909,0.07637314734088928,0.05614646904969486,0.042720139494333044,0.13583260680034873,0.08160418482999128,0.03679163034001744,0.0026155187445510027,0.00993897122929381,0.05213600697471665
Tmp_Stephano,0.06070941336971351,0.07298772169167804,0.1882673942701228,0.05184174624829468,0.042974079126875855,0.08935879945429741,0.07503410641200546,0.06616643929058663,0.03547066848567531,0.1480218281036835,0.08458390177353342,0.02455661664392906,0.002728512960436562,0.01296043656207367,0.04433833560709413
Tro_Achilles,0.04423676012461059,0.0691588785046729,0.2062305295950156,0.03987538940809969,0.029906542056074768,0.09034267912772585,0.08473520249221184,0.059190031152647975,0.04423676012461059,0.1233644859813084,0.09283489096573208,0.04299065420560748,0.005607476635514018,0.012461059190031152,0.05482866043613707
Tro_Aeneas,0.03897116134060795,0.0779423226812159,0.2112236944660951,0.05066250974279034,0.014809041309431021,0.05066250974279034,0.08495713172252534,0.060795011691348405,0.044427123928293066,0.1543257989088075,0.08729540140296181,0.03819173811379579,0.010911925175370226,0.014809041309431021,0.060015588464536244
Tro_Agamemnon,0.04327485380116959,0.08070175438596491,0.23450292397660819,0.05263157894736842,0.022222222222222223,0.03625730994152047,0.08596491228070176,0.05964912280701754,0.03742690058479532,0.15730994152046784,0.08538011695906433,0.04678362573099415,0.006432748538011696,0.00935672514619883,0.042105263157894736
Tro_Cressida,0.0565342072920934,0.07865628840639083,0.1904956984842278,0.050389184760344125,0.01638672675133142,0.09135600163867268,0.08275297009422368,0.04875051208521098,0.03318312167144613,0.12986480950430151,0.08643998361327325,0.043424825891028265,0.0028676771814829987,0.015157722244981565,0.0737402703809914
Tro_Hector,0.05606967882416984,0.07022318998366903,0.21393576483396842,0.0522591181273816,0.032117583015786606,0.08002177463255307,0.0914534567229178,0.0587915078933043,0.04300489929232444,0.1181273816004355,0.085465432770822,0.0326619488296135,0.003810560696788242,0.011431682090364725,0.05062602068590093
Tro_Nestor,0.0361958836053939,0.0695528743789922,0.22214336408800567,0.047551454932576294,0.027679205110007096,0.061745919091554295,0.0823278921220724,0.058907026259758695,0.0482611781405252,0.15755855216465578,0.0858765081618169,0.0411639460610362,0.0063875088715401,0.008516678495386799,0.046132008516678494
Tro_Pandarus,0.05295774647887324,0.06929577464788732,0.18845070422535212,0.05126760563380282,0.020845070422535212,0.061971830985915494,0.08788732394366197,0.05661971830985915,0.049577464788732394,0.11915492957746479,0.1047887323943662,0.04056338028169014,0.0014084507042253522,0.01915492957746479,0.07605633802816901
Tro_Thersites,0.05404425099746101,0.083424011606819,0.23177366702937977,0.03808487486398259,0.034095030830612987,0.058759521218716,0.07399347116430903,0.05803409503083061,0.043162858179180266,0.13746826260428002,0.08378672470076169,0.03917301414581066,0.002176278563656148,0.017047515415306493,0.044976423648893725
Tro_Troilus,0.04540609678107013,0.07013429972287359,0.21509273076103178,0.04881688339373268,0.026220422084843317,0.07610317629503305,0.075037305478576,0.06246002984438286,0.04391387763803027,0.1342997228735877,0.09486250266467704,0.0351737369430825,0.0038371349392453636,0.00916648902153059,0.059475591558303134
Tro_Ulysses,0.04338983050847458,0.07728813559322034,0.23163841807909605,0.05175141242937853,0.02305084745762712,0.05220338983050848,0.08067796610169492,0.06689265536723164,0.04926553672316384,0.1511864406779661,0.0831638418079096,0.03412429378531073,0.0038418079096045198,0.0103954802259887,0.04112994350282486
WT_Autolycus,0.047021943573667714,0.07662835249042145,0.23058167885754094,0.051898293277603626,0.013932427725531174,0.08150470219435736,0.0724486241727621,0.06025774991292233,0.033786137234413094,0.1365377917102055,0.086032741205155,0.03970741901776385,0.0006966213862765587,0.014629049111807733,0.054336468129571575
WT_Camillo,0.03913373860182371,0.0668693009118541,0.20212765957446807,0.06041033434650456,0.014437689969604863,0.07674772036474165,0.07332826747720365,0.064209726443769,0.040653495440729485,0.15007598784194529,0.0858662613981763,0.04331306990881459,0.004939209726443769,0.012537993920972644,0.06534954407294832
WT_Florizell,0.05909617612977984,0.07647740440324449,0.20162224797219003,0.059675550405561995,0.01738122827346466,0.08516801853997683,0.06778679026651217,0.0660486674391657,0.02954808806488992,0.12108922363847045,0.10081112398609501,0.046349942062572425,0.0011587485515643105,0.013904982618771726,0.05388180764774044
WT_Hermione,0.05016181229773463,0.0744336569579288,0.19039913700107874,0.059870550161812294,0.02319309600862999,0.08576051779935275,0.07011866235167206,0.05285868392664509,0.04584681769147789,0.13052858683926646,0.08522114347357065,0.041531823085221145,0.003236245954692557,0.015102481121898598,0.07173678532901834
WT_Leontes,0.0472307169554876,0.07492354740061162,0.19758749575263337,0.047910295616717634,0.029561671763506627,0.07832144070676181,0.07101597009853891,0.06201155283724091,0.03907577302072715,0.1455997281685355,0.09276248725790011,0.04094461433910975,0.0045871559633027525,0.01580020387359837,0.052667346245327894
WT_Paulina,0.04750261962975899,0.07055536150890675,0.2018861334264757,0.06461753405518687,0.018162766329025498,0.06845965770171149,0.07195249738037024,0.06811037373384561,0.035277680754453374,0.12748864827104436,0.08801955990220049,0.04016765630457562,0.0038421236465246244,0.024100593782745372,0.069856793573175
WT_Polixenes,0.050778050778050775,0.06961506961506962,0.21334971334971334,0.04176904176904177,0.02702702702702703,0.06306306306306306,0.08435708435708436,0.05692055692055692,0.04668304668304668,0.14619164619164618,0.09254709254709255,0.03931203931203931,0.002457002457002457,0.012285012285012284,0.053644553644553644
WT_Shepherd,0.04036243822075782,0.05930807248764415,0.19192751235584843,0.045304777594728174,0.018121911037891267,0.07660626029654036,0.07660626029654036,0.057660626029654036,0.03871499176276771,0.15485996705107083,0.10461285008237232,0.045304777594728174,0.011532125205930808,0.023887973640856673,0.05518945634266886
WT_ShepherdsSon,0.04811372334609076,0.06670311645708037,0.22361946418808093,0.057408419901585565,0.035538545653362494,0.0634226353198469,0.08310552214324768,0.0541279387643521,0.034991798797156914,0.12356478950246036,0.09841443411700383,0.045379989065062874,0.0016402405686167304,0.016402405686167305,0.047566976489885185
Wiv_Falstaff,0.03827641531056612,0.08457483382993353,0.21796928718771488,0.04767361906944763,0.02269080907632363,0.09053403621361449,0.06921842768737108,0.061425624570249825,0.03758881503552602,0.12445564978225991,0.08319963327985332,0.042172816869126745,0.0025212010084804033,0.02475360990144396,0.05294522117808847
Wiv_HughEvans,0.03666361136571952,0.07057745187901009,0.22502291475710356,0.043538038496791935,0.02016498625114574,0.06461961503208066,0.07195233730522456,0.07286892758936755,0.043538038496791935,0.17323556370302476,0.07561869844179651,0.02933088909257562,0.0018331805682859762,0.013290559120073327,0.05774518790100825
Wiv_MasterFord,0.04697986577181208,0.08277404921700224,0.19622882710131032,0.03771172898689677,0.017897091722595078,0.08533077660594439,0.08245445829338446,0.06807286673058485,0.04985618408437201,0.1268775966762544,0.08149568552253116,0.035794183445190156,0.002556727388942154,0.018855864493448386,0.06711409395973154
Wiv_MasterPage,0.045180722891566265,0.08358433734939759,0.1822289156626506,0.045180722891566265,0.03162650602409638,0.0677710843373494,0.09036144578313253,0.09186746987951808,0.024849397590361446,0.1378012048192771,0.07605421686746988,0.04292168674698795,0.002259036144578313,0.018072289156626505,0.060240963855421686
Wiv_MistressFord,0.037990985189954925,0.0643915003219575,0.20154539600772697,0.037990985189954925,0.02704443013522215,0.07405022537025113,0.07855763039278815,0.05537669027688345,0.04764971023824855,0.14810045074050227,0.09143593045717965,0.04571796522858983,0.00128783000643915,0.022537025112685124,0.06632324533161622
Wiv_MistressPage,0.04205758654157231,0.07570365577483015,0.21837593011970236,0.04723390488515044,0.021028793270786154,0.07052733743125202,0.07570365577483015,0.06923325784535748,0.03817534778388871,0.13781947589776772,0.09349725008087997,0.033646069233257844,0.002264639275315432,0.01649951472015529,0.058233581365253966
Wiv_MistressQuickly,0.04021244309559939,0.0815629742033384,0.21547799696509864,0.05652503793626707,0.015174506828528073,0.06449165402124431,0.0819423368740516,0.08118361153262518,0.0409711684370258,0.1274658573596358,0.08042488619119878,0.029969650986342945,0.0011380880121396055,0.021244309559939303,0.0622154779969651
Wiv_Slender,0.051094890510948905,0.10656934306569343,0.2021897810218978,0.03722627737226277,0.01167883211678832,0.1,0.07153284671532846,0.05328467153284672,0.04817518248175182,0.12335766423357664,0.08175182481751825,0.040145985401459854,0.0051094890510948905,0.01824817518248175,0.049635036496350364
