character,AA,AE,AH,AO,AW,AY,B,CH,D,DH,EH,ER,EY,F,G,HH,IH,IY,JH,K,L,M,N,NG,OW,OY,P,R,S,SH,T,TH,UH,UW,V,W,Y,Z,ZH
1H4_Falstaff,0.1947087807322671,0.3930746124648305,0.03586654175389998,-0.01323435086952431,0.16653402286164026,0.1129448939317534,0.08181839395775681,-0.13214968240326766,-0.007958686005339916,0.06685395335842001,-0.15179590488329564,-0.16384636723065893,-0.0018751653953709747,0.13301130359729288,0.19240999298121444,-0.003314939803787816,-0.11741134768134831,-0.020681703262786854,-0.08740164514186506,0.0117002104681524,0.04534022987212265,-0.07237473066036118,0.12433070631755504,0.057484298428790534,-0.020711091125570003,-0.017910457890106243,0.01713491906989474,-0.07658943515074078,-0.3583599627664754,-0.14344849451670813,0.04933864724611192,0.09403153259443535,0.0818069976679943,-0.08793826815121257,0.12960018739513177,-0.07775139875651574,-0.10758821022087889,-0.10142457236248419,-0.11907853131767122
1H4_HenryIV,-0.05337889750041118,-0.10557733507504816,0.23792326969425326,-0.05392826337830592,0.11430874550985497,-0.20267803635117607,-0.09403317230264448,0.27425488795689573,0.22430016275126122,-0.03960891810301051,0.05922060839711452,0.012403948204033365,-0.22651817951481878,-0.11632534158709225,-0.10858198965921531,-0.009232499654048185,-0.035027240535553006,0.09991059180794683,0.00669017294672774,-0.13895141503868347,0.17836680843920694,-0.1957457329795446,0.35466163282599117,-0.24909889524646786,-0.12468715866105586,0.03219910097276057,0.029085817461933113,0.004368299343120559,0.12509843747359825,0.016639261160416554,-0.10738466405666681,-0.12957878120755398,-0.12450262512895661,-0.04627633000926931,0.09975038142580439,-0.04280181595239771,-0.07802349689676025,0.10592017920986692,0.08469835537587164
1H4_HenryV,0.10348662878844066,0.1568144868284468,0.11871222304836197,0.029988805285073385,0.23879151916572824,-0.002288793130058377,-0.012097412547356697,-0.10638245140472752,0.043366611537833374,0.16340452233143785,0.04535513381838113,-0.15149699140976808,-0.07404104927711057,0.08710719428244644,0.07848317920438226,-0.10331299661971703,-0.06531582622451325,-0.0556246789092617,0.05206879792659769,-0.020563766321752847,0.17532056504036966,-0.12174294080394818,-0.05812521914925364,0.06438158448600129,-0.03945739439231139,-0.023986792285113627,-0.0002351348558238463,0.03562467504756144,0.05913085194067193,-0.058846387113536965,-0.047865343677301386,-0.0030862696397102912,-0.06999355462383045,-0.19446315094982278,0.009663611184474558,0.014231153854649757,-0.08459535592904362,-0.18433863084497698,-0.147565616582209
1H4_Hotspur,0.11812216476789353,-0.10961549714508169,0.12039196754084686,-0.021722000788703785,0.006992271018807033,-0.07054387693570796,-0.13387954400601465,-0.09437782493825365,0.14449235071845432,-0.056761841422230244,-0.0008640913428624618,0.053314954577862804,0.04652521278795402,-0.10292474484527614,-0.03740650917362557,0.07082913846162577,0.06806092391802182,-0.07663204303981559,0.02795647785374101,0.12381982531318439,0.10912588206844284,0.007308326823677579,0.16633503828650031,0.13132205626775653,-0.032278881613672046,-0.0976515045437543,0.002758081536390469,-0.09050328528321401,-0.10551340087312788,-0.05594335866112772,-0.004651094673900094,-0.00639693711651285,0.014997587525141326,-0.12822158772092762,0.03810747234405216,2.311268467456588e-05,-0.11321076594284452,-0.00045618316047458916,-0.06287573700877526
1H6_Talbot,-0.025407867510564168,-0.11757215305943626,0.04131781443453057,0.015468281057083566,0.03661534468722615,0.07726005292706506,0.28542845337800904,-0.01896278246677604,0.18836936016348277,0.025601148200970977,0.004035244854768371,-0.016115521742988533,0.11131443004391196,0.13600921481513467,-0.019232144286087476,-0.0577538787989592,-0.051427403143953734,-0.0791516334016026,0.20454604104378485,-0.07069747705503669,-0.015002792910594925,-0.12072411549600948,-0.001899822386029419,-0.056491672106882024,-0.19918511749917792,0.004584039739933461,-0.0843897304681975,0.24530400327810378,0.06685116995796031,-0.09509960930809001,0.014360554911758345,-0.05952578919739523,-0.17037539828748693,-0.13600585392563921,0.1139346613146554,-0.0948181918726623,-0.09161076197546657,-0.06724525908136328,-0.07709663684754485
2H4_Falstaff,-0.002670016067395697,0.22747090902651154,0.11413694033429551,-0.04894770410816708,-0.08704521896575149,-0.07564622184760679,0.04331327539672023,-0.09382242655211633,-0.014266563118874018,-0.006028686776981327,-0.06646238271167089,-0.02833551246950003,-0.0684469774365218,-0.10195191404732659,0.17453038719303876,0.013486324345372648,0.11655804742993892,-0.05363906078417263,0.01796132705334884,0.03502940641626942,0.142944581453997,0.12705424401727866,-0.1972818527753702,-0.010026445243700253,0.05817605059458884,0.002733285218366632,-0.0651552861255368,-0.16467822114494254,-0.05160805039895874,0.11028374396791717,-0.020638914938223004,0.0707156997461356,0.09732400543651597,-0.02278196671664509,0.015363179832800819,-0.013490065330553169,0.0036226446685298412,-0.0739145277032666,-0.15594366687352246
2H6_QueenMargaret,0.08656378554009563,-0.19256549651659818,0.06582815906892252,0.1640092401821653,-0.0370108953242578,-0.04086173363667675,0.12198536990029153,-0.1806187851981552,0.1346712044424893,0.06647514910083928,-0.0758973536395984,-0.25924403827702325,-0.10260683741572574,0.20888947699071542,0.11374940189412586,0.026672579584891484,0.027509411190331425,0.15148905274432922,-0.03284597742118328,0.24511366730998366,-0.04236899601267536,-0.07781822510716992,0.07759541743153651,0.15618714467642536,-0.09532425839224734,-0.013427526162723698,-0.1457932049026283,0.12499963922162584,-0.09877019320991638,-0.023283865453529548,-0.14566776512254873,-0.18804498999167582,0.033532344348089375,-0.1182233408705232,-0.1726229090344467,0.0456408564777908,-0.1279233414561478,0.12449798814934393,-0.11776132482899937
2H6_York,-0.0659292076042405,0.11129424029617754,0.012972791513285755,0.22319167228250208,-0.1342010405986769,-0.025548621797845946,-0.05319319167838716,-0.08776281574790727,0.1755627779759273,-0.0023857759971051694,-0.007019027789043747,-0.12915771043659363,0.02987724704687823,0.039982260833622225,0.0017115072962948308,0.07461080060767093,-0.03873281388573576,-0.13258757227308848,0.050366382090107194,0.26359333261150164,0.29924445031939323,-0.07585634996870312,-0.0203629077518799,0.15714967278895883,-0.2173164362791661,-0.009264747653384931,-0.0156281858835557,0.16618871417041353,-0.001707969681020827,-0.052934059930195294,-0.2055233218843952,0.00023533662193339804,-0.12261074201681219,-0.06894929702522178,0.01262935096134552,-0.15819147744491702,-0.1302868568398436,0.025328213560175054,0.045712117778142936
3H6_EdwardIV,-0.19910614866742443,-0.09109471918253788,-0.10910103232749253,0.15377513382011412,0.3249656974869377,-0.11093878096117012,0.1622219361740516,-0.03314630412336945,0.16486144514715378,0.13434373487748288,0.07986157554670847,0.09194542255884848,0.10207674841215106,0.010015903581240276,-0.021024360743080672,-0.0129465369721135,-0.08571361725476255,0.05228890773756656,0.04568313117935985,0.09253487374900105,-0.04837779291100652,-0.21165110098050546,0.08910445365683746,0.09793965097765557,-0.13180126834977868,-0.019892087640229487,-0.16910814644863004,0.11989662565670808,0.0045936482617595755,-0.05377222613274762,-0.1702025067577775,-0.014514399858521041,-0.2063708883428671,-0.11690606937945558,-0.2064732473058583,0.4460501590386163,-0.1081088363963083,-0.0077003244881305504,-0.13892284386577938
3H6_HenryVI,0.08343290207270193,-0.20294816459166745,-0.15926330200443992,0.09379078508972571,0.08250519275717169,0.10833907331387004,-0.06700182930850199,-0.135744410512272,0.05141618727796647,0.09791891515218878,0.24643442966175272,0.06169247558044737,-0.15552111917430997,0.14683430820460788,0.0015816145500106113,-0.07577885481305051,-0.1115266391188574,-0.0007820644465937825,-0.07160660235516629,0.10673436933270006,-0.03732534025110967,0.04622339559235993,0.11046937684484576,0.07283315796220248,-0.09399042662335233,0.1383070231060007,-0.09167919962662055,0.21975546282544975,-0.11068701852468518,-0.1503492946861289,-0.05608464969507322,0.0333551690399589,-0.02832021202371116,-0.14265062784870544,-0.1696516523649498,0.21990321040794428,-0.14338176546775888,0.031010212482102027,0.059547861235621447
3H6_RichardIII,-0.13251713071242452,-0.08127703040754067,-0.08401974791573845,0.14549519745905465,0.07705509282069478,0.037692869942342444,0.07148046091256348,-0.03491015689810321,0.1573967871156921,0.16384774212143205,-0.02286706058712629,0.07336803283991289,0.11293152198303967,0.1239956632425669,0.03772599036619884,0.011452946546382722,-0.04677034205197343,-0.08579636726696264,-0.08970366028606795,0.2092934893475163,0.15349164619198422,-0.1821362097457327,-0.18503528233360084,0.0825492877540773,-0.1642303479286149,0.05490440325540737,-0.20619348119857794,0.15324993100040069,-0.11043841267771252,-0.012997024419913418,-0.10732628296887128,0.13819009735535154,-0.025845769955020644,-0.06857174587284635,-0.13482100603522462,0.1642708967830687,-0.08070631733247888,-0.046776391387756924,0.03766187519866248
3H6_Warwick,-0.14169005092171746,-0.13968035134854037,-0.055563902421655965,0.186417051062342,0.15626662100421862,-0.10581996313265186,-0.0973007228183354,-0.11141365491745121,0.13645416843397554,0.02130785113307465,0.14909711012621993,0.01932610126066387,-0.09985215148654505,0.2691741842222807,-0.07173890038383446,0.049603455008066295,-0.03874419022297873,-0.10773708195622345,0.05567731727012905,0.2714494109179253,0.13711833870337664,-0.13942345377260876,0.07479125915974905,0.20577621266873164,-0.19264610822057116,0.01917969403789711,-0.04830790376163434,0.2556625959520449,-0.03820719740014221,-0.14073140658370875,-0.11659270173467097,-0.03168581003122826,-0.23308368555605516,-0.07985875085916175,-0.20124785416352672,0.0764366419318602,-0.10683728547433492,0.036983407046620446,0.06235131806864593
AWW_Helen,-0.12618813310226268,-0.004790016680457176,-0.037757872032888086,-0.017351955297769013,-0.11889601712300896,0.10299909221622072,-0.04933738744842118,0.07911896287881323,-0.08502087038390561,-0.15811457391573996,0.011215691767963892,0.023851257601040406,-0.07756102872505197,0.032253040527972676,-0.03753292443418889,0.04448290182644775,0.20992412913284,-0.10061343552041833,-0.06856928343548754,-0.13992153648785996,-0.08565352651739565,0.11421903738205974,-0.04551594493718468,0.0660600690914982,0.050328267413382886,-0.1080053666492764,0.09094460736156439,0.0021325769551240863,0.0656740497515815,-0.033213156071918,-0.009788624675330562,0.06592457914860478,-0.08738092227839483,-0.006295976216604376,0.07519269403969854,0.06098851872969945,0.06138799312344475,0.03953300256710327,-0.03690269240640334
AWW_King,-0.0022647047243186495,-0.0883635978697659,-0.125641721064227,-0.07559245769469854,0.19915399152870947,-0.04065578917204642,-0.20827941797182262,0.049316803970442295,-0.10541511792790884,0.10234670966097213,0.03593237899177427,0.20766372976250538,0.2013604798244818,0.21715689959056517,-0.1237034674458998,0.07217421320798102,0.07713576168699973,-0.05152889200722735,-0.12470825983161163,0.0033681434687278782,-0.17790289495578718,-0.039352269077688795,-0.05115811532162205,-0.025589774939652955,-0.1311508718073842,-0.03913784024654611,0.04161547778517919,-0.049357763251251234,0.11273546699613683,-0.0009425443537719706,0.09366143072831254,-0.05856597910195228,0.02798396614974751,-0.0009197846741129745,-0.013352418129089636,0.0785082715067177,-0.03490189025221797,0.005165143427411703,0.134574758480896
AWW_Parolles,-0.13497312309608572,-0.036429879005543744,0.12165308615370886,-0.08978103634756149,-0.08003045616084543,0.003874667635240648,-0.09368582317281215,0.007248351784544354,-0.05646852937762369,-0.11140569730056006,0.015220692997703263,0.04277390995716981,0.015468489726709632,-0.17346791337418263,-0.10489661657704018,-0.06048840514463539,0.24232926026895918,0.0058605669239882975,0.1632962477037396,-0.13008080510794742,0.031216713394600373,0.043181951414804895,-0.041312827699349124,0.011587167216849003,-0.02536584592900179,-0.024418006847541605,0.040967547211154164,-0.013542242871292914,-0.012504459825173264,-0.15743559228200055,0.1541255940226851,-0.10484797116028773,0.06507301854501035,0.02900511165101518,0.23471719436148802,-0.0034628642156679552,-0.02233711765498261,-0.023395909069492224,0.3024953312331235
AYL_Rosalind,0.10965658754382669,0.13434091192947376,-0.03215516738573863,-0.001239201530519667,-0.05768245922273795,-0.0021686988677378865,-0.07869579431049774,0.01849857251912024,-0.08848153007863074,-0.057163280684717335,-0.08065560607411863,0.00295951853675706,-0.0573667076687938,0.01651013103963654,-0.12688819251254224,0.018911358026034986,0.005409558814865292,0.02454694876479627,-0.08437861221125847,0.048993266748260565,0.01674290077069776,0.05142408496407138,0.028383680123675984,-0.09396600621072074,-0.018521365704358982,-0.1611007795370175,-0.13891142367288273,-0.037590638571304145,-0.26695725972281736,-0.004645437518563995,-0.15961546800595025,-0.040500481827392514,0.2560047582145909,0.20432118275320826,0.13426147589713636,0.11745777239272788,0.23781619500521545,-0.008335032877425081,-0.057092397424125835
Ado_Benedick,0.04032402109283816,0.19488190889306595,-0.04647971635589782,-0.019472683904006884,-0.12945757854916398,0.1509543094290658,0.09664758822266015,-0.06541670135717459,-0.04061205925843643,-0.07558464069256496,-0.2030189576853463,0.05009887908236341,-0.017040596371319862,-0.08695116753255533,0.017853112369829963,0.08509571100403825,0.0460075904828015,0.12331850397249013,-0.02788762773740465,0.08390448238595444,0.011466337581895978,0.00012701842530655507,0.046939364225330724,0.018788358888268575,0.04923197160029014,-0.001043336490731559,-0.07375346670654645,-0.08165193000904132,-0.15744264163400376,0.008879724553969409,-0.12663962637679904,-0.00433418936660476,0.16369579905443507,-0.005412456674645667,0.026657714567345146,0.057523671254539985,0.08809446136380197,-0.12971965724947696,-0.03795670346255631
Ado_Leonato,-0.10467934860624303,0.006863108339960194,-0.23192656558717764,0.11981631236415373,-0.09680343968355437,0.13778924534781753,0.07063869560567938,0.05805543376282619,0.10598281508195737,-0.028801812106937497,-0.054816704174813574,0.19254002812674773,-0.049256663516841166,0.003951604018040862,-0.12514226693588962,0.11324828075611912,0.06470561740239349,0.06944041275553284,-0.08751303942341937,-0.08420347906372472,-0.12193395918610782,0.051361795528627185,-0.041460416460807975,0.0026500794690453764,0.12397524928339514,-0.048283124552960834,-0.13887944500865135,0.02157035356597411,-0.17092314525300184,0.34452560625529655,-0.057472016675319114,0.10533987281055295,-0.08057758028788238,0.11140399037553518,0.02986730983098435,-0.010973785777586382,0.0752244991252909,-0.15230414791257155,-0.047921503174501806
Ant_Antony,0.15664091341962555,0.02674703032560125,-0.16756870220658396,-0.014486812326716624,0.10240925795314573,0.08258128707991158,-0.20175237647864663,0.033554699429391474,-0.012343009194912853,0.002145417326741175,-0.012230092204213915,0.0338652134060151,-0.02105043721319904,-0.06139723867499505,-0.003949290947561014,0.010167720830572371,-0.06314384283582831,0.1227741866092551,-0.0068504723155670515,0.10647974924630906,0.009871207783752847,0.032718481069779135,-0.1838965149188472,-0.10799952974108246,0.03350445602089226,-0.020197551013163097,0.2313729310979971,-0.028374669656224545,0.09669573031789008,-0.005034077229887578,0.007864555678360136,-0.035564909746957016,-0.031191012851977486,-0.0963901663382036,-0.09589143876800829,0.0935186428805965,-0.05286202843866328,0.049295888199741025,0.15456307081689383
Ant_Cleopatra,0.07496618605471096,0.05598703545848582,-0.058046130785415456,-0.15936645417741263,0.031555644708712076,0.014268336714367776,-0.0305245154449011,0.04374256607874543,-0.0804829995294189,0.022576102018124627,0.05386850458693316,-0.0952715584508025,0.09281115444979271,-0.1719781059635654,0.22745956285658922,0.01622936332706002,-0.021535761364898997,0.23350821577405806,-0.0034205141550253436,-0.008926924422719118,0.053110951488163305,0.20352237096020173,-0.00803856596094488,0.07496452432147306,0.13694651003273076,-0.02228708865584091,0.027398723390669823,-0.08498701310129293,0.013416837559979996,-0.07369512921584959,0.0023267756894003806,-0.09781107314167285,0.0327851835195717,-0.18783858870957623,-0.10257689030992251,0.019652446687422786,-0.1531331668469529,0.06665451456020137,-0.07041891564680028
Ant_Octavius,0.03868768639403732,0.09539232078535886,0.11798947078198346,-0.10470207349473756,-0.054879317778564536,-0.1820432718527691,-0.024075595314721542,0.12222281316157192,-0.028964359282836014,-0.08428221392368034,-0.11696188752352026,-0.025425799331276918,-0.10830449199552424,-0.11282147826990938,-0.06452534018936244,0.004803226593933891,0.04061849974797578,0.2138009525382516,0.0861550086735156,0.008710516755739976,-0.059377661864419916,-0.08480910489038512,-0.06215835862114635,-0.023539395176439708,0.029594768480892143,0.03173683507200274,0.16833781481517687,-0.02708182774595111,0.03993860164317907,0.1914851940207127,0.17406136080712742,-0.08874728668394712,-0.06544542319520942,0.03536341884069775,0.0710498986813448,-0.02909689102901203,0.005170361996007385,-0.005995918885253132,0.05930443526462099
Cor_Coriolanus,0.04297211716510235,0.05408468287173181,-0.047790484191697694,-0.0982143174787732,-0.038220730435854645,0.026387296101996437,-0.009415634913877678,0.04457423270058605,-0.13843740891835082,0.18028049003322769,0.05598358340993661,-0.017034799818687926,0.19420827606245133,-0.13128519637644714,0.012930116662602622,-0.09487904785060015,-0.21035836089940013,-0.12689963782737193,-0.05981763642426407,-0.12177516901554664,-0.11614972228411123,0.12593762615210424,-0.08453574507380925,-0.12290623410808423,0.06478801682377316,0.22103006080564352,0.026147144817513405,0.05252408392918403,0.011337640055647096,-0.01449059638083254,0.050179015888935946,-0.10333253070185294,-0.03472852223568868,0.10794097466450626,0.11323137351220179,0.07681606510182946,0.056482128697609255,0.10380356380501202,-0.10326249486131661
Cor_Menenius,-0.014131765885228315,0.04553853545623893,0.04312241219975789,-0.023693772095324663,-0.11567785499361576,-0.22247126668861397,0.0835758489619704,-0.09765071221605605,-0.16942664384442616,-0.04934501809285631,0.0070471543049913515,-0.02775315334420791,0.011592547414139743,-0.10999450732237337,-0.026387911689487908,0.07907112451160912,-0.019805530058593045,0.07024599599762014,-0.09384453752916533,0.05948597506034326,-0.07558936678696114,-0.06411917187968547,-0.14641058657639602,-0.013158044617564138,0.030074025261717367,-0.11203870947091292,0.22029967121727514,0.05456529060546744,-0.04620191213630436,-0.14664658250969603,0.02146733635203908,-0.041656931373847024,0.1171789126136443,0.23591099686855752,0.013623351099431164,0.06209974410486682,0.2437558659523364,0.04199324093345859,-0.05963121208604296
Cym_Belarius,0.24873786506432788,-0.017271084221733356,-0.07916541211760038,-0.019820090143699783,0.05832538328400172,-0.13687338094896873,0.09268726589222759,-0.023542212592135296,-0.1519386464176029,0.09250331224841352,-0.09798190946894038,0.014276534201340941,0.08984798448359933,-0.0029072168933433535,-0.1911000632289682,0.08967166088460143,-0.021730060045039603,0.008774764239703385,-0.05753029833481316,-0.12345366339037589,-0.22362102793637137,-0.05068345181623253,0.1259424862681132,0.24901741541153757,0.10767638219368686,0.3801975802191626,-0.02237630101397015,0.07623329668220423,0.1261723308099255,-0.18254865161847172,-0.03317216489944628,0.0705453623347831,-0.02453739700254977,-0.06825525668229655,0.04849268501299602,-0.08931517187215197,-0.023480614440502555,0.2013042662771479,0.1860810645766562
Cym_Iachimo,0.00887285922587663,0.032976436761373074,0.12791678740839438,0.019892807950807317,-0.12601286007513193,-0.01164941042935322,0.13098622335021928,0.4542452172738701,-0.009900359873990466,-0.05324714046914143,-0.18465779458484546,0.11379261519012356,-0.024701622092553742,-0.004032405075460826,-0.07438490172215721,-0.010284181221114195,0.07625529811072913,-0.03754341329061522,0.06835766445739146,-0.02367187258320843,-0.2606278013143433,-0.06427705773318687,-0.0541283900277844,0.1445989188161936,-0.09006784391556419,0.003212846457314145,0.04823861373280925,0.07226584079174758,0.08138439653770742,0.004917970920190397,0.09636092092846137,-0.1261032027582822,0.010098341511979645,-0.11282768604282713,0.011868308341092813,-0.012009848659105812,0.0382546739295637,-0.0624400209219109,0.03492299907571822
Cym_Imogen,0.03839078558332043,0.15946695757752094,-0.22246286588730838,0.020422381617592494,-0.02889770839917446,0.12977727368923023,0.15480500083944648,-0.027707647275540717,-0.027880525977001264,-0.053579534283778645,-0.11703510734370551,0.01776320595279916,-0.012712702228922351,0.07528747700961827,-0.01771429445233742,0.06533206427683638,0.003127605289112822,0.11324974432688764,-0.15165051476875646,0.011505507807093538,-0.10949759903850373,0.13626990013698315,-0.20966972898945482,0.04445164328978047,0.04550943744968363,-0.07416698285981123,-0.017157633160676207,-0.0007914467887538183,0.00859329312007699,-0.13770118864255781,0.09138534875889927,0.0955313758465534,0.13265924534488752,0.005132513631862721,-0.0724691762693878,-0.06896594940041938,-0.03401469120209772,0.02522046279468314,-0.10280015361588628
Cym_Posthumus,-0.0007116820632506246,0.0022095361611134817,-0.13380813900813412,0.0914294713856794,-0.1522135226751865,0.013088408006852736,0.03336879345985631,-0.05425814820744377,-0.005088666365320669,0.04249105811012386,-0.05240029364848702,0.12966819715068775,0.14905365597904052,0.04724206329155355,0.08246866562446185,-0.143658986336477,0.06272035312349263,-0.17267613709525004,0.0011547946037697575,-0.05558590467010272,-0.12689344311444722,0.017807936833224715,0.14414289268114253,0.056002422163742294,0.16560555313849032,-0.026827951119829798,-0.018355807077254562,0.07376389698232053,-0.07127768229577951,-0.09571709211412767,0.09754717365751307,0.06756689550652946,-0.01037839949984452,0.03467012247138876,-0.058347636408643544,-0.07256167675066338,0.03398452192027789,0.018487681332398316,0.029198377592232802
H5_Fluellen,-0.11536479360569638,0.1723716691585808,0.35788837155151526,0.12264328510041043,-0.21149357753969356,-0.15360378979868125,-0.38368131931414207,-0.21077488056635602,-0.09928328883309666,-0.2067641407037485,-0.25440035772635894,-0.28186214501118134,-0.020577324836683286,-0.2918982085496218,0.4254426024966079,-0.17491934446697696,0.38417594098070357,-0.12329372736448514,0.26182814392152665,0.2109523031454784,0.05994284416192993,-0.13519848038670523,0.26239363888395456,-0.24620165093287574,-0.2277230871703852,-0.1947804152699617,0.1392888310343024,-0.1312954298707319,-0.34981100717466707,-0.007536151844782795,-0.1651224778600838,-0.15251986695072128,0.22320122169660145,0.2030838541773658,-0.0872811161629518,-0.1790320493182543,0.4080861008345752,0.5573421225292086,0.04059914245894881
H5_HenryV,0.06022487874121187,-0.042830074447905465,0.07674793644560755,0.018310748747785165,0.13923567247992344,-0.1857299820641307,-0.025621264499041202,-0.018589321384538286,-0.03813150738342139,0.13774977756391119,0.0951811475627738,0.0247390997124725,0.06464384459288768,0.13221281657245576,0.13655462034805185,-0.16108738877278828,0.11299350453672516,-0.11841150920184468,0.15639875702724798,0.10288257533996475,0.029743054198790846,-0.13069743523652558,0.14794980946469474,0.12064155247778331,-0.009113822266816044,-0.0007918886160627557,-0.016498155064771484,0.06817504638105233,-0.08112914098792884,0.09252363911324211,-0.18740304139650185,-0.055639355986722504,-0.06514281865868711,-0.14932693729664795,0.029615956264165872,0.05506994893347176,-0.06880606727642628,-0.02884644810379193,-0.03780893910109909
H8_HenryVIII,0.07396746937313314,-0.0637995182340406,0.06483484910936158,-0.06488558059681873,-0.043047327122586417,-0.03790850733406554,-0.09339350473023002,0.10761144125644242,0.07035475984997226,-0.11794765248118831,0.07512185132895474,0.04588023715217041,0.006248890928940536,-0.15077257714142497,0.06895238273702008,0.006967538178475875,-0.0396011195076861,-0.08308772977729871,-0.05423700098402672,0.07486934636890875,-0.14684880429914146,0.05767297365318275,-0.00701504152494996,-0.04410450543555635,-0.188126543317176,0.012459451880372174,0.0727757883266137,0.07004813536763352,-0.010959172241080907,0.08465546802118341,0.01223844572668292,-0.13987328341271732,0.016526285689048816,0.16708633463817615,0.032139482394194736,-0.00557475947780995,0.16230092835356566,-0.08902518995664138,0.1836670538344942
H8_Katherine,0.11368346157077182,-0.11041650255968725,0.0006229057551955373,0.20093159352071185,-0.13770111659630266,0.015084581991056535,-0.06734481909221515,0.10786352808083338,-0.06586872168235848,-0.2773386225194961,-0.06896716757280931,-0.1522880877272618,-0.010811916298430466,-0.05212005906901693,0.08664128071867074,-0.027290086288445006,0.02535697923949508,-0.05743673921225326,0.08360192468659564,-0.05357377729285039,0.08406645792014364,0.2359601231383934,0.016652012354830784,0.14621907827599429,0.030863958487349966,-0.04904288652522468,0.21691515708874806,0.10005424667562449,0.0026224668168247523,0.0260894814542045,-0.2545318131189411,-0.030877002594275976,0.13302411148116322,0.0674357898747288,0.037342650837504494,-0.08832633274160517,0.20706965161791505,-0.07593439610604537,0.24414740077270652
H8_Wolsey,-0.14466081783485807,-0.002119787572244887,0.18717656403998176,0.0931024239628305,-0.0854993698852081,-0.04276075542471157,-0.11993669649166312,0.03550095620110357,-0.11607452421717863,-0.12613837311326095,-0.005777864566361722,-0.0024230481972414785,0.05394266594762316,0.004072750882440212,0.0718617970614257,-0.024283431672941107,-0.1209234168048175,-0.0507073446059504,-0.02736248322920954,-0.013429700085761331,0.0003253054277385149,0.1006433984308223,0.12106730026313874,0.10405919324353478,0.00029337595218687683,0.21794334311377997,0.08482739074218117,0.10651606150639503,-0.0062303592868820645,-0.004822098527196756,-0.16835748510632126,-0.19984414173134457,0.19925029567696645,-0.008873639988432108,0.11632855329045226,-0.05148129967996971,0.04053597917478276,0.021987729066266552,-0.02167630761679054
Ham_Claudius,-0.05786045090770074,0.016789826155142986,0.07485800874039779,-0.007505198662009326,0.05391814959657414,-0.2776323364866988,-0.07786379860280507,-0.022851871458560272,0.0034783414717276108,-0.005809498549741657,-0.09445575812253584,0.05584338371381953,-0.11025627350693674,0.09713272303456937,0.0868711874439574,0.07270484987157233,0.2373682511251371,-0.1304539315710503,0.1040105193490304,-0.0012636518857992171,-0.10499978599641165,-0.10048456793350598,-0.054674398393071325,0.11221542210050764,-0.018845016350381674,0.04022747886078125,-0.009107164047791817,-0.021376731649067237,0.07149798983209933,0.0016944069039516237,0.16052495732044894,0.19473828719271738,-0.07586055774955508,0.035198429649133244,-0.040086318530045593,-0.02231342480995696,0.04614895286182527,-0.048028499611850566,-0.013703741749248597
Ham_Hamlet,0.06297879825778546,0.040358308626932876,0.15572352583286408,-0.09124382324437551,-0.05970741527870404,-0.11066714960777847,-0.054154761580819395,-0.005133007045422716,-0.11060961021914306,0.041749040094614574,-0.0303672455706948,-0.02931483592803831,0.07535909781630341,-0.02781403447650613,0.03070126593388029,-0.05687775994253251,0.09046029619660069,-0.1224021234871725,-0.04490744679136895,0.10224973064807008,-0.03782398139686793,0.057036602063006515,-0.05042679903039597,-0.0007457257641269466,0.09041651063959437,0.0004277181889219502,0.02076184752168305,-0.14681269158987217,0.0250239389491766,0.07045255451648479,0.04474711756105996,-0.028197358591905287,0.0006273335825431238,0.0012737572639442488,0.027413333261435816,-0.012450526301924005,0.015731546201337338,0.058379067965932806,-0.04515518458159638
Ham_Polonius,-0.03492332692552795,-0.025930842459282587,0.019076915295381948,0.06097064353375114,-0.17275510726474924,0.03758252759386036,0.022998619143252623,-0.07590628149269031,0.049487341835280835,-0.026273924416914538,-0.057633312180981,-0.14743723531881797,-0.1097549191528347,-0.08699492630941033,-0.028636160265767173,0.03489810710270801,0.10009638021342462,0.12080115685162382,-0.035588417586810556,-0.011028888679706616,0.1210023592385622,0.14462292110746244,-0.21988566802415135,-0.031157687174729783,-0.016131654855933382,-0.17147611858525222,-0.23713653020903977,-0.05607566946675407,0.00781199502937797,-0.15545727825948352,0.1288108921759787,-0.09050860184642158,-0.05892281553658349,0.1855258791896796,0.050292676954377676,-0.11169850004017186,0.14278246251084087,-0.03276009208340545,0.018416109786618107
JC_Antony,0.1429000899130158,-0.06325221684079582,-0.03258352401294015,-0.14908513633189777,-0.048583758260918285,-0.186630256352492,0.07632216216689022,-0.13642644823646996,0.06054462956706377,-0.00839628956910577,-0.0021624130626284738,0.04760530271177471,-0.15471759789158757,-0.18018520951432856,-0.2255156303925559,-0.04456910428469649,-0.04342228433015805,0.18327581109106367,-0.037739025390105506,-0.15063331185117151,-0.04897317046970653,-0.054732680729755616,0.024903716030133933,-0.14384724708319324,0.13481508693097205,-0.01682772023491729,-0.04484721029673624,-0.01844805272854382,0.21743003242295353,0.04418995598789852,-0.0020230396764061805,-0.13519186804468206,0.01596985685577631,0.16984516218224455,0.06705180824081802,-0.06426412153424613,0.07353403526224131,0.3218891044715932,0.09582340606523848
JC_Brutus,0.21804941332883163,0.043307416176389286,-0.028714587888504436,-0.12042782848881424,0.024562553529350956,-0.03421351900652478,0.0004042970742922403,-0.04339354105110838,-0.0022954244668369956,-0.0061606478350232545,0.1685808507169561,0.019144956449623714,-0.21679593141583225,-0.023814111728518408,-0.04369265431820961,-0.030553406783024074,-0.09663848447269971,0.1709668628446247,-0.07518005474526154,-0.05074273226932065,-0.02296548717623512,-0.025720154211912004,0.037316789636336486,-0.11591653743966095,0.09518211809833065,0.007406581405358863,0.05148387346416572,-0.03894526655279978,0.08841879881948184,0.08143228648289318,-0.027850102634420032,-0.08817920207851325,0.045895170355827304,0.018565424651790164,-0.029490996178367836,-0.018194325201119025,-0.015869652865979928,0.055953140588755994,-0.1553333821129304
JC_Cassius,0.06628679458063864,-0.004008805703057521,-0.03981117462349404,-0.1439710387644693,-0.03401864831099073,-0.09447513901920868,0.20055522952251817,-0.13442978545433115,0.05047201887025361,-0.02003677455305379,0.1005748483753826,0.12932066868611847,-0.13393504073981483,0.010422132929030391,-0.06679961601475833,-0.104612578628731,0.04026990233361636,-0.01225400242487949,-0.05118175690685633,-0.1886748109735291,-0.15792710677435093,-0.043018737791775244,-0.00881631977374619,-0.10410482358317837,0.1427433823105695,-0.09054499887272362,-0.0544969368781055,0.028073372797013607,0.1648851460626684,-0.05637567623677255,0.055997098171139195,-0.03864939247363968,0.020261562799743595,0.0891911516100841,-0.0007374514595721926,0.05307497693018213,0.0589609393610228,0.09357434274115486,-0.040684913020654134
Jn_Bastard,0.07688774916529506,0.09670577275021372,0.08369134960669002,-0.01265785619136429,0.11584831408764998,-0.04510462999721839,0.1441829733792338,-0.10786696909554933,0.15618286986258384,0.017150834418870622,-0.0753950020046638,0.06764936059895078,-0.018132556168659122,0.05817601033571191,0.004241780878907304,-0.0017742243749248128,-0.102134813065401,-0.09062724257392789,0.020362541376638784,-0.0156739296713673,0.07538928191669611,-0.07664877419046709,0.03824416138162158,0.06054572007635627,-0.1335319876848791,0.06362232708671912,0.0515506638735628,-0.01285557307424824,0.050651211462682796,-0.04327959759629592,-0.07710128123480917,0.13303333066154077,-0.07662894164331743,-0.07914989470317922,-0.0302197666862888,-0.1567870985846472,-0.05951728040322183,0.008465823375858427,0.03363245243250369
Jn_KingJohn,-0.1031927675120008,-0.0830802650582586,0.13912848055511773,0.00871983564731238,0.23751156161770595,-0.07621470791087848,0.10397498880703061,-0.15299648082093925,0.18704366692815974,0.12191491309333488,-0.03974994642066979,-0.05900586828717991,-0.04205439877819699,0.12265771098722263,-0.06057632390433054,-0.03582616751226203,0.023482876645156903,-0.027639178003160375,-0.0394308881659546,-0.011040467934471896,-0.06943990795654312,-0.05843811227249916,0.0825757245551156,0.05669743165226904,-0.11425390230760199,0.040170835936137086,0.12603155250185752,0.05912233896847493,-0.057608763939054154,-0.060004344310131595,-0.11520634863073628,0.1758607186494084,-0.14280948653339182,-0.07462066523589402,-0.04332367789324627,-0.10683799983619341,-0.04188687751768191,-0.02744328767449654,0.08132905578029989
LLL_Berowne,0.013975868779058149,-0.10902766642863464,-0.026156971181012515,0.0783750023544089,-0.10620378127713398,0.02379514718083724,-0.1452531571238418,-0.10133274791115653,-0.139967204521562,-0.035748050248062,-0.07147970697298615,-0.07628624952921821,0.2520711753378378,0.008624414319485183,0.012502449470215619,-0.12644278812710696,0.009967839154217341,0.04392102567935277,0.07070605154695454,-0.01191936921015357,0.07399498716867686,-0.18664011588745855,-0.010049411335006307,-0.0050681831630057204,0.05131593144614621,-0.001540223257184089,0.1236885900147925,0.02616634735280488,0.1327059627511961,-0.07736898670384366,0.05800128653971282,0.08671023808823256,-0.049094255381939234,0.00028237194386129295,0.13690624845899663,0.1784492279112233,-0.0706387584732541,0.13146871167697088,0.012431174357255102
Lr_Edgar,0.1967507965138677,-0.06323193061599122,-0.05767404279471437,-0.07498546877456247,-0.004268829438550881,0.008726999673647894,0.09042688485685824,-0.0715203822112928,0.10356927862844995,0.1252915298302025,-0.08739115387329953,-0.04986075706429925,-0.06624563545744705,0.17253491416090072,0.008395769711930654,0.10479901307980391,-0.07600527730644346,-0.16055170169177044,-0.02159019519084401,-0.027476423719509292,-0.004343347241267843,0.08793674714994766,-0.21081452863171873,0.08821794942175736,0.0653471020498801,-0.0702064358632527,0.29800637967073274,0.11018102817898803,0.13525179825699576,-0.25585163760888896,0.012728909199777599,0.10854681330639626,0.15034959861956435,-0.12214271297809372,-0.13426721298388594,-0.14150886414054764,-0.09135278773772706,-0.06051603878426654,-0.06264530047868896
Lr_Gloucester,-0.11983420022975567,-0.06134877069103277,-0.0852961812823205,-0.09729999123601064,-0.03173402307794533,-0.01561753152314062,-0.01030351757441093,0.026854217233414048,0.28585213265374043,0.028562388236610115,0.1716208927943098,0.03793122593873114,0.06263157536126993,0.10153574266423138,0.05655948247221758,0.12359285319670735,0.16709994005609977,-0.0846145304679547,-0.05317131680235313,0.15154978362532198,-0.013670901925694888,0.03834457057405962,-0.012511086973830665,-0.07958197294794707,0.0063515493770362665,0.052173592922204796,-0.0863972606248362,-0.10013139489107936,-0.05926624171391062,-0.09354340719554795,-0.09445178634217086,-0.12369892351166265,0.0831673767696084,0.005460704921336581,-0.06961540812847596,-0.1594842238309071,-0.05108789455848663,-0.02553710213561792,0.25036311509537784
Lr_Kent,-0.017819673729962376,-0.008323111135714727,-0.07747073820050142,0.14329719138570648,-0.05857937692463996,-0.039297537261800186,-0.1638306184700956,0.05458652936191885,-0.02947985199825821,-0.030462107235779343,-0.11948874348644332,0.10877841491561187,0.1321544051928829,-0.09548342379219571,0.15924218535971366,-0.0317650079731703,-0.00022408818253715385,-0.2522168725889468,-0.029442006206144143,0.025767228287572264,0.010066237677454477,0.030095215393819097,0.03513984834519998,0.14707225590974735,0.1957586782186694,-0.019368800779193396,-0.04682118953762448,0.07422368237663265,0.15800851437893065,0.026007014757155524,0.007399629871531752,-0.13967524754041408,-0.0204000095850653,0.14379945668568458,0.03041102462677085,-0.23067788585845578,0.09527423370235179,-0.06311099548627214,0.1636181486603076
Lr_Lear,0.19877102772203561,-0.09088343472757972,-0.18380252311994225,0.03065487619273622,0.2144217191143247,0.040556112137359206,-0.09004394474816914,0.046915537850102836,-0.0473377248725416,0.12797415167463333,-0.05820578769384503,0.26557549620800197,0.1401999881917115,-0.0055588394263220335,0.07505471516870184,-0.06666122478452476,-0.19726393329327005,-0.00637446376765085,0.024497682924707127,0.12105406918046124,0.04409656882557387,-0.0468155487431028,-0.09813974730096135,-0.05068254302991518,0.08181601344330851,0.08614659216170832,0.06001527117089914,-0.06671452306835478,0.054309952760461216,-0.012862060135169566,0.028633454272830122,0.00794822867089256,-0.04929070461341515,0.004181908097314121,-0.07637235040029518,0.002677759031104997,-0.015148104640820325,-0.0691180348523298,0.14899356978613987
MM_Duke,-0.15226147579498236,0.007098949742636179,0.01850684161105692,0.12150571396282919,-0.09346703421622417,-0.1747125666482683,-0.026083777985134775,-0.004368422660804249,-0.07546687572681585,0.0003690288850794906,-0.015944272047527137,0.06375512959379112,-0.1081977028629504,0.08876558815481497,-0.1390841256459237,0.10456969059499766,0.13923458095525043,-0.07355175316543774,0.10577303886216784,0.006433179594796852,-0.13789880075107025,-0.134538279218578,-0.10511153508886997,-0.10671271925535708,0.13715690829722502,-0.14400491593956571,0.0897645745297471,0.04045370332661495,0.09096700818320168,-0.022990392708362683,0.030586410677885048,0.020728131906602356,-0.03230353729964675,0.2263650977015433,0.028953495006852997,-0.13853635073901574,0.21341667414862994,-0.08712172742634972,0.27428544695259444
MM_Isabella,-0.09436503010327102,0.13861560107707713,0.041952579982543585,-0.041808211636882094,-0.1182280400619545,-0.00859512450608278,0.166993259135851,-0.07169992004706098,-0.007988298728528718,-0.01066328073172611,0.016652842990962334,0.08193600313189071,-0.1755766996823289,-0.07925910617659682,-0.1423819786472373,0.029916465195954,0.11343675477813728,-0.009994411806012,0.323054067796486,-0.1250136627272401,-0.12439073016091252,-0.015156004991099134,-0.22381655706226986,-0.07097730858351547,0.11675393291417432,-0.13045888294423302,0.2280047041090393,-0.029458559293485266,0.051122911617217104,-0.11565910421849829,0.2090140107380445,0.0790365936202688,0.1048602573633299,-0.0031209698791434025,-0.040460756240499766,-0.1354552984721427,0.01332727355267689,-0.047228156349613803,0.05380784505273259
MV_Bassanio,-0.06207540253247118,-0.1672646011419126,0.035374831713944586,-0.10493270172484051,-0.14423619414048114,0.10971866356843309,0.08830385738820314,0.14209015875500847,0.10218196173192008,-0.022384482801058838,0.029622079053361946,-0.09406715769448609,-0.058380553905917024,0.22333199351969485,-0.05975781151762865,-0.18884754578288818,0.09711587638981965,0.05655955571017276,-0.08299191461509177,-0.23924606955280092,-0.06233412262555753,0.004818136767175829,0.03276849939966762,0.1733665637155954,0.12446471184276663,-0.10657110673279234,-0.05028054416055328,-0.02270868875583235,-0.03294600651796405,0.007339241537865211,-0.0872178618505927,0.23268135226078632,-0.010873831151778996,0.17487337298334882,0.07140053789616518,0.08084934758299767,0.0549527851864811,-0.15311748616159893,0.09872863990983911
MV_Portia,-0.10988905264738535,-0.017230482788411716,0.044666315117100626,0.08501762201242118,-0.0740944364022874,-0.037854015709199856,0.07033756087051175,0.21846008930887367,-0.013339681844648076,0.07724107180149346,0.18372026911147596,-0.1533389016757254,-0.08088859409512791,0.14129603411326172,-0.13800783047677107,-0.032391553520646786,0.1143988283912347,0.04980619236170663,0.025451854179550152,-0.06618669630022021,-0.10654356815835574,-0.04047497875863423,-0.028723807622551382,0.01039613394309176,-0.10949500858907048,-0.06929717435656908,-0.09181330795479449,-0.011895896868968796,-0.10493692078954751,0.09436819397945269,-0.0861483892203015,0.13731265076736568,0.0016866175644529163,0.10999355425537577,0.01943429320371518,-0.042306315156951185,0.08257475340198013,0.006834998771605731,-0.027056356946718103
MV_Shylock,0.25554502459004486,0.04723222627670712,0.08543041615685658,-0.03140437617466152,-0.046495588304565474,0.11352843645380813,0.12196525372540021,-0.00761860903843314,0.020934085248953536,-0.10698599631202663,-0.04824158680292354,-0.19261795094145112,-0.051958437384324124,0.08351311231524947,0.13026841829228897,-0.0172431343842066,-0.06433159517776706,0.010711689008403684,0.38359309344336456,-0.09481705942225065,-0.1646939332631869,0.00865971479508456,0.20226172678452936,-0.10625970893864325,0.007127486294442257,-0.175750222716061,-0.017689120441915226,-0.12037452727502956,-0.16665454613302874,0.13288557596972375,-0.0821451232354865,0.2842946446135343,-0.020704812304581904,0.07903614159870134,-0.14936217787732312,0.013354073391501436,0.059012540216399095,0.000785794468203028,-0.1902883270011767
Mac_Macbeth,-0.11056683020664645,-0.04785731784367847,0.1234540603697083,-0.1375756681228359,0.09693200714093267,0.005587520404335991,0.1860649133147348,0.10640882567811315,0.07728553169150262,0.142929588621273,-0.034810041300811806,-0.09078344851596562,0.0840535174746764,0.030517308196661205,-0.06176731188723091,-0.06698030736876258,-0.00400035744259141,-0.08689593753306227,-0.07277082542940999,0.0011559412248422665,-0.001918576855666796,-0.09074791929224889,0.02472726114067577,0.025553361235071573,-0.04156349294211588,0.08439298458380369,-0.00629441380995746,-0.03740338008018572,0.05397739096497251,-0.1007069739287087,0.02925724659987688,0.15558503366569032,0.04475316529913505,-0.1052101823229102,-0.08224561325338144,0.033969747846970745,-0.09907444700436185,0.022179258367807632,-0.049391893275749
Oth_Desdemona,-0.009472831551844897,0.004268776183636286,-0.1862262369722049,0.3363574333932336,-0.09515763051819467,0.28936694696767434,0.04314623411111022,0.11179231249662912,0.12582626769735406,-0.24619660841100477,-0.10991256887384034,-0.19392734188149896,-0.13782139809604754,0.060431756336396074,-0.07626001008828615,0.19918848259591768,0.06438063122512039,0.07721159740666102,-0.18600707321284432,-0.21859084485594704,0.13573514228952005,0.2799915178989863,-0.05713131603502408,-0.04380442848216413,0.15832126204579,-0.1405072297178714,-0.14744327140302843,-0.07250012718259295,-0.18240756393206903,0.03277021496104534,-0.17454642313947696,0.01778279801554982,0.08041524278981556,0.1716082407563285,0.04982628065210601,0.0021595307630706104,0.055386062342811966,-0.1788334379295576,0.0912120814297358
Oth_Iago,-0.003993546097582576,-0.0037333631792431936,-0.017202799716399653,-0.06155315523121039,-0.0606326768660364,-0.02479064142949361,-0.06342401626437544,0.03615677203786573,-0.09086569787431242,-0.10645341727744934,0.04218061764711099,-0.07161930072321639,-0.0719127265030101,0.0137874194256074,-0.019475101949240244,0.12344964348475042,0.10684321173728091,-0.005962307866450887,0.01468766536097218,-0.06738953437450046,0.0031037749884141354,-0.022296533113657317,0.04066379528076116,0.007591624576575548,0.016765401323770673,-0.08011521236203265,0.03196682724294881,-0.09231083815227739,0.018636861086920982,0.09646853733202147,0.11202331473611404,-0.04384835407721769,0.1213249614394999,0.10782480399019166,-0.008685724354202128,-0.029905577500281326,0.08431831601122058,-0.0167068009527406,0.09944668407379387
Oth_Othello,0.19092169837473508,-0.034121463952920345,0.0609729136667817,-0.14134059273286118,0.0006988685089701222,0.09343389300599163,-0.10113278158502269,0.04996312290964728,0.06268822436407807,0.014626150503234838,0.000816533520972584,-0.04213053095798776,-0.060508786682307344,0.005920244388610638,0.053310662254580976,0.054915137429873806,-0.10423457868112429,0.07155695240918064,-0.06358991440138652,-0.024215421201408537,-0.12759620466910299,-0.02493374654158903,-0.03676399715262098,-0.09678219621187444,0.10230671906362784,-0.03038783921999501,-0.04103204183393093,-0.2118084463812553,0.11421179950842542,0.14539919517292038,0.22675366680550654,-0.00443505171117944,0.0027850463437478564,-0.07290021064062538,0.1277614014273727,0.005150548805166063,-0.06583442214490096,-0.07294703449462073,-0.13024956801552115
Per_Pericles,-0.026530516882229058,-0.0771749773165528,-0.09711364464333828,0.05959927202277037,0.012925174340924165,0.136852587352703,0.08886781397812561,0.03645077939990604,-0.10353221448619186,0.04741875537291025,0.14704869392531517,0.04407761232388558,-0.043218310346649705,0.02446149525512529,-0.04593129531350306,-0.07741686213089141,-0.09024735206743432,-0.011883768367609222,0.026185074027121898,0.036494792702144965,-0.10128879996180457,0.10610179232503274,-0.17428078104487202,-0.005560868859799553,-0.16751236005064732,-0.03417588924288384,0.008946048569649714,0.13681764497837662,0.03752002333776211,0.07702337739733076,0.060399237332221904,0.11865393981381536,-0.11764014378614313,0.032700947738979566,0.013885551849632962,-0.10677107034015336,0.009719111568427434,-0.00024348365669533785,0.13675449093614842
R2_HenryIV,-0.12822297159026813,-0.030470379386843494,0.13567805239233657,0.09639025532738371,-0.06706971322299249,0.07164206272002618,-0.016225182725062553,-0.016099912103538495,0.09192123612250658,-0.0908739804583139,-0.13960730881221575,0.0014510571948719983,-0.026622186295498777,0.0920790042749198,0.14843442201284832,-0.13464020077187433,-0.04324331303873378,-0.09137735845249327,0.08278763522508377,0.04665637980473777,0.18457913391484695,0.044440348848092504,0.0472723881584072,0.23212507690834763,-0.09310085305618164,0.3448710766384259,-0.01371414123152749,0.15941138091905774,0.04572233657482209,0.13338168958651134,-0.19860520187543504,0.09091020036305804,-0.09346581305191426,-0.09954557688108746,0.06354599136581213,-0.1860793520159917,-0.06607306171933665,-0.08700283431268699,-0.13339078640272722
R2_RichardII,-0.01747283014299193,-0.07613032254109593,0.01537425894373925,-0.06680927061794394,0.21722910391433387,-0.022515927584133875,-0.007550762389982411,-0.12014009621777501,-0.009798938247967308,0.043833501895807266,0.07200446995614965,-0.051074529508865485,0.2042059982102103,-0.009131311931378073,0.0956496387030115,-0.07530841530639948,0.015261116631146963,-0.10045062321634213,0.05402347019114182,0.12018582453076533,0.0247333534961039,-0.0019598469945173533,0.0271222384677734,0.22892737289358903,-0.025924973198868384,-0.0012851801517291515,-0.020277847465744635,0.07920427305235617,0.006644371209708139,-0.042773562721865006,-0.09139775304967034,0.11699111028655416,-0.18289058402568725,-0.17026326883066997,0.017478980344911483,0.08391680140285729,-0.1585094028351745,0.04376087490430307,-0.06853672449541132
R3_Buckingham,-0.00036198138975450356,-0.3608928060919747,0.0629515868116019,0.4167770786252726,-0.10109257566891713,-0.15373808790805013,-0.23240461674805662,0.1138749076786671,0.267762897303928,-0.07265758673941017,-0.09054271242162144,-0.03607931100909911,0.11534801453093096,-0.13624549608993383,0.18261405109894174,0.006944349964671745,0.1713378174290155,-0.15744343936033112,-0.10558977510434628,-0.0374788750001275,0.10946934401010418,-0.13146249096615992,0.029067289328110868,0.0420607827424502,-0.0913966640837915,0.14632882271129807,0.1114057746540989,0.30296159999395955,0.055560060563313515,-0.19098258881749364,-0.06093758406782201,-0.1575410978415637,-0.07428826274976415,-0.025699411542798506,0.025244252796736966,-0.05997980368842209,0.0497719762592346,-0.0328948615141006,-0.07082059225927738
R3_RichardIII,0.03454198230159485,-0.044180134175106425,-0.008606963806393766,0.0637874723951799,-0.03370365876990717,0.05990904850406116,0.07929887697101426,0.030299885161532984,0.11817839024121124,0.030261716186254655,0.1008774773716674,0.045935689602268535,0.00961051459219345,-0.08550598208754005,-0.030198522324820985,-0.050250310835305935,-0.030321735742907224,-0.03323329277883288,-0.015879603529925387,0.07037515826760954,0.11215032031865664,0.048853195352367526,-0.033181994219972547,0.10257251378097462,-0.1628654901907883,0.05516342972357017,-0.022224662163161824,0.020791905784361665,-0.08187593831942529,-0.08996433602371517,-0.020237588034165605,-0.09006481808124273,-0.06948642268861983,-0.05524826706817929,0.017907787706358418,-0.006129225809182629,-0.04967404404559647,-0.047945769855427055,-0.06671382217452815
Rom_FriarLawrence,-0.16035253394760993,-0.1841316283445096,-0.02422643664780587,-0.09532538170693114,0.07673945366501501,0.06842728570151285,0.005602213730200411,0.2396180879027021,0.06947983649582132,0.22180091545403371,0.1689327007969328,-0.07847949187466512,0.02329336128415032,-0.02396738309099118,-0.03728192938002635,-0.1202633365126561,-0.04670943666746372,0.009493039146902403,-0.06073052987612836,-0.011122341214315766,0.042119180325035595,0.025944178981123753,0.07438325495265456,-0.01752577385433163,0.24428271559635184,-0.08966924961844243,-0.003072727176970334,0.06318547621754865,-0.010456470746001496,0.03842868315727619,0.056185827137075955,0.19455219606041427,-0.045932110041118274,-0.10074488422699678,-0.09332904116158808,-0.15328725749128627,-0.15310322043373042,-0.05460089860275095,-0.05662133111474504
Rom_Juliet,0.04777318987096925,0.025402322175119015,-0.168299541401306,-0.10414972272319895,0.13163182184512026,0.15670060442692893,0.1242348478830171,-0.014009391403896412,0.0033255714335308725,0.11071332167524175,0.0033095560918266227,-0.26908415412977166,0.058072316579165596,-0.01865055685367535,-0.047230074211955256,-0.10182865089269082,-0.03320767134091085,0.09928635438158923,-0.0848874233853218,-0.12461458094125781,0.04032225723775473,0.2151617872952414,-0.06905901115130639,-0.03184183980224825,0.359329705465273,0.17885610829169876,-0.0947763783675454,-0.019002919322222544,-0.12562524036238396,0.08113405861611701,0.19462593278438453,0.032533544862599746,0.029759697388651214,-0.08562287516634871,-0.06453351721759605,0.05335052221364998,-0.1563713498384372,-0.08659950765704123,-0.05565340846291618
Rom_Romeo,-0.07831361271184976,-0.019990634391722627,-0.20658071133362035,-0.17393071947656835,0.10122334849796609,0.14383587560672847,-0.10015716069441824,0.010806162691735875,-0.021949335894847363,0.13596820290635442,0.2159337178964073,-0.037574949270741106,-0.05846456666938293,0.028119049444625864,-0.0483631028409282,-0.07469913396628454,0.11069395472891527,0.13038187130495033,0.072051117747011,-0.16196793431599443,0.13145067590644252,0.0506679689714379,-0.06350295279050445,0.05454123531007126,0.08503166203493316,0.11471308226244781,-0.04020288620823094,-0.10163432282699043,0.06178959703119961,-0.011036225100484498,0.21248833721427374,0.17654463864942643,-0.11894375286508449,-0.13017214269372085,0.06575035442457,-0.023601431574565384,-0.20988688316625007,-0.03421146878368579,-0.03002916218474591
Shr_Petruchio,0.06361473235334182,-0.049792564060884996,-0.03881296717270241,-0.03533953565874223,0.020804588369777204,0.058711882053238525,0.033069174904904755,-0.10496259951858983,-0.03340999086779607,-0.020645240552499892,-0.07211003583148749,0.05811163805665908,0.3543575203439725,-0.0055104867998552465,-0.03658915614759275,-0.06621912854283893,-0.14695711079071866,0.15422416503038652,-0.1245709897915589,0.16658357661840278,-0.06408094772429415,0.014699504417082692,0.07411865434678504,-0.03874440807244469,-0.06052508266668741,-0.17057107761086324,-0.13481785121774964,-0.14658059440668122,-0.01797325263185283,0.15817998523584767,0.21618604226177598,-0.09251820082822766,-0.038121479187205105,0.06935488042882387,-0.2805756243964324,0.2175589158177419,0.019067653287201048,-0.09096618182241695,0.1470426182104955
TGV_Proteus,-0.21820177559778905,0.008397475782143534,-0.1184552017670558,0.066503753880878,-0.06655889549161316,0.19245382350275594,-0.1187399456560072,0.003930640500170552,-0.1001952491132414,-0.07751695196143897,0.039568527900827856,0.10846837222147443,-0.07805559336190711,0.13719568832121992,-0.09585277434973921,-0.014541890599214076,0.03512563739544677,-0.015597771634121902,0.11359925706868486,-0.1776490571696421,0.30478187770306525,-0.06530041866930224,-0.11468922847443787,0.04237390887799329,-0.11584939831947672,-0.026248707235818056,-0.03222553598714357,-0.08892107973611547,0.050432043168582893,0.22424958172476553,0.09066293231596548,-0.10048213391499197,-0.11432831971647682,0.09443149044568153,0.2955387952803736,0.04440399559465115,0.0378726320522869,-0.1125746984101478,-0.1902883270011767
TGV_Valentine,-0.18820724823605886,0.03847046491326989,-0.07218158780840672,0.03782058925389906,-0.017788784162718282,0.10939880851398062,-0.09277070431836557,-0.012055784963885582,-0.07724815760204591,-0.12525615837050044,0.04649837592439862,0.0823930563219459,0.03410810307258934,0.10923106148453211,-0.03997830013154409,-0.01563039179850001,-0.028492771505930922,0.12466851650565013,0.00019378323176786233,-0.1297713844306848,0.1143819916960592,0.07144630134820341,0.04027651554270645,-0.09220387060560319,-0.06462219260958221,0.13093971870849966,-0.08223130053009554,-0.14390164384851045,0.0051033127894620015,-0.02371464581872355,-0.04667104393826403,0.13884777194818537,0.02386679793604867,0.014850149518253732,0.322635495226031,0.0896591476777041,0.020835971672470605,-0.06494919883126442,0.006761958900462047
TNK_Arcite,0.02409873298575546,-0.043147188302619065,0.05584675101698776,-0.13927837098469734,-0.005876582134657299,0.009593609227702828,-0.057581916474817404,0.07152232554349461,-0.05811494318371283,-0.13575656566200778,0.04287802363741398,0.23416200083794714,-0.008051114582440877,-0.02437003824172284,-0.08325089468312757,-0.1685448484275838,-0.19434396421220987,0.17580586029723602,-0.033338054425230065,0.02817187052812305,0.09292000128688059,-0.051381307256264205,0.02590642948612011,0.03885970311398275,0.010216740777886493,-0.04232667639640794,-0.031615825609803,-0.054518000548563296,0.07476047493547762,0.17100521999539153,-0.10522908499132921,0.033902042100153774,-0.07155691757628531,0.09089705641092799,0.01274216375257039,0.042252482131164136,0.13820247651288095,0.05477301410905917,-0.13905980631303402
TNK_Daughter,-0.026671866299174125,-0.07574936672024386,-0.03771213252173372,0.06687458708985115,0.012412236857578533,0.04689310098742929,0.017573683219518025,-0.00836778587876729,-0.05180771914728987,-0.12082981835611138,0.26890534928954835,-0.16589291896425276,-0.04550744732157607,-0.0032760229710948213,-0.1911556619909275,0.28258347980172344,-0.0558610323175574,0.14304560298084618,-0.1387221548154933,-0.019974333393089447,0.20843625634956828,0.05188424091451771,-0.05910815378871577,0.11877320714670704,0.017051405968315676,0.05377419143295665,-0.03203927703536755,-0.03771528845158364,-0.08592700750074578,-0.13561791380801663,-0.06672960582312157,-0.09747970266038752,0.23794744429995476,-0.033834341434420115,0.0016046203565460767,0.03338049656199245,-0.05342403181724531,0.0020433055569162987,-0.1164701807073379
TNK_Emilia,-0.10008980061644006,0.024609375728223585,0.10664801971919216,-0.07702984267134862,-0.0420462800404983,0.01179704211245935,0.06312108133528449,0.040851025278449984,-0.08000600778317526,-0.026308480397633272,0.039637341120433406,0.16661193605564759,-0.12521151750932172,-0.07468150899916352,-0.09858928159887602,-0.049621726967119334,-0.02369201096304859,-0.15732691176215494,-0.10166117507758338,-0.08297672348430785,-0.059374271163288674,0.03578072674673163,0.16183291669126687,0.010577572574185927,0.09379176547294989,0.20145346106238882,-0.13482267473779277,-0.010780423938152869,0.1580172120875707,0.15230753655067594,0.03561283953399234,-0.05830537716064674,0.0901446847005467,-0.12287365450350206,-0.055329077405649414,0.09596922567789105,-0.04581591832157212,0.06811339317439094,-0.054623483818337266
TNK_Palamon,-0.016737091325449194,0.0727195738871014,-0.0071600813861848875,-0.01933399315391934,0.133281729846819,0.04391134317590136,0.03261975536474215,0.05739662668298066,-0.04014425326075251,0.07880848140491896,-0.1086780013423074,0.14473516255192606,-0.06268870787702573,0.0952713807939073,0.1079574908813743,-0.026176829704996164,-0.14903892389120996,0.053202891049529605,-0.04603278366176458,-0.04910759644742496,0.05666474337190932,-0.09735897041995088,0.05471437092880047,-0.08661850640849365,0.06109096832890747,-0.04965929634607997,-0.21501581890393642,-0.11946855678121213,-0.035495703712398775,0.04207825596859073,0.046755000954557195,-0.04612950441656795,0.0774929802864457,0.008228206551889444,0.07583233278666783,0.00160346108678499,-0.07950544141972106,0.07196507103600451,-0.0552749547214172
TN_TobyBelch,-0.1538353198573322,0.10132065233876122,0.14431608136815874,-0.08473132642526567,0.12133988386282261,-0.006547696802028881,0.062154662921723614,-0.06861292105367124,-0.11550327242787514,0.025822910335829837,0.021582954792764557,-0.0023984261892859,-0.00014281949841898702,-0.1629962421589263,0.09374536989478525,0.17740112328059673,0.10134816986822447,0.1260691350360601,0.0034071730945503488,0.09519382648909686,0.013072165830955834,-0.015014696107719785,0.15301406408421606,-0.1073514136382408,0.08083881520603058,-0.10618480001004815,-0.09744727996754404,-0.1835301758384477,-0.008144616158014473,-0.0682456382358002,-0.0196782396740066,-0.0004277170439723851,-0.08422919002681464,-0.08515669939517673,-0.004143029256285631,0.015139241313925873,-0.07832422519302489,-0.16660466774828467,0.02701923348479539
TN_Viola,-0.07876022467946686,0.14145720644283277,0.05931861611060644,-0.06184967480531998,-0.12304139716911164,0.2566693018334237,-0.07128705921177096,0.14970659407214404,-0.10434815281193481,-0.1083129562941763,-0.26947513205487683,0.11569086780108975,0.12553402612936693,-0.08735890034843453,-0.2068860680790715,-0.11807772628281417,-0.12619292814235966,0.0613952581256786,-0.1368561813881375,-0.19670456664427197,-0.06293001868773293,0.31215005049877903,0.016247533377513758,-0.13479706753620427,0.03646468476576977,-0.13370817901724882,0.010548284467781223,-0.14376283722563932,0.019876630985397957,0.038347201215250426,-0.029430919285045234,-0.04570447011613541,0.04653956543996653,0.13219240353581863,0.2099399240443546,-0.06948886872144718,0.1576844788683359,-0.011107797036868787,0.03282344832616265
Tim_Timon,0.017946742816924977,-0.056232779924235754,-0.03601628961580951,-0.05387303156065968,0.11159723974144103,-0.03129492611230087,0.02070139955522288,-0.046411997581007655,-0.06129313222254507,0.19810892876345249,0.19331118794999433,-0.0881358491927322,0.032723387272879136,0.06112239721904128,0.18248463624549055,-0.15173127804638425,-0.20216327644879478,-0.07410440273157133,-0.11418974555185969,0.024004792593499694,0.016944622128830907,0.07554268107706562,0.12771879838218297,-0.07132308071984697,-0.04415584010022248,-0.13707170521012854,-0.026133103260570452,-0.009845646960382558,-0.07873992363537374,-0.17009041848170192,0.10093033544758874,0.11203543879638735,0.002799234316852632,0.00665043603416005,0.007009947772680509,-0.09459458475037218,0.028137674455391913,0.09144091204544534,0.012414878577403157
Tit_Aaron,-0.0264698331877692,0.018018538199019704,0.06692809007161568,0.0886032436837151,-0.02088554311266034,-0.00819132356981967,-0.021037749839743564,-0.025470254073571678,0.18260318332209247,0.2159914801532891,0.19083220562399866,-0.10254228114515292,-0.10152376882677512,-0.023733706003330704,-0.04589152174651724,-0.040667305958741844,-0.11636811591325158,-0.2519602552109886,-0.07194426455883793,-0.11950856187991112,0.020441308845568582,-0.102532897072067,-0.09789598849241456,-0.14785107661752658,-0.003557096052620135,0.0525649542950216,-0.0028662841369644708,0.0803666808682439,0.06745277723536001,0.028404098373724145,-0.05429519923756258,-0.07649594837623364,-0.026179972266269228,0.00483378419092197,0.021208264839139044,0.07193738071926217,0.0027755436871510723,0.03358262027835929,0.010258675873664417
Tit_Titus,0.03949658708611841,-0.054131158443507923,-0.05236978661600883,-0.040615184294056146,0.029239284588702796,0.014931430921719089,-0.051982000953745375,-0.20542753695042137,0.09453407595100546,0.23461673760747517,0.08573742326582826,0.02070259812497566,-0.08708929820027934,-0.18777649577369543,-0.08857148323773842,0.04225163150133991,-0.11235133865971038,0.057651894527119475,-0.017206157424688766,-0.08519679431427155,-0.029542481435309013,0.12533310877598977,0.036924275286218465,-0.17555095272754867,-0.003786240704646463,0.17196769349059676,-0.020177917076171465,0.17230538395093548,-0.06270225680586262,-0.020031343740486353,-0.06422705775147146,-0.1710940857670725,-0.1120488016752793,-0.04604478857710905,-0.11668821803489818,0.0831365012812136,-0.040713477055493205,0.0766644189372983,-0.15751384239624702
Tmp_Prospero,0.1464815937072635,-0.05058896685363682,0.012450547843929169,-0.06599281489740094,0.17104109628190015,0.06659225998961031,0.007654612605659663,0.21172820347868213,-0.05687984472507615,0.2019563337632366,-0.0603252942527392,-0.08905778370396943,0.0058204412952669255,-0.03722740754081501,-0.08588936151959838,-0.10937222006630996,-0.02176206825753527,-0.09683514417173979,-0.07060828986981073,0.03652881150077291,-0.07413683866817174,0.08938775447280925,0.039041547589914016,-0.022805291116200176,-0.04542160490082666,-0.015470800136623598,0.15843147365474927,0.12186800185912475,0.16938097019835374,-0.015436845921808459,-0.0023708673029801592,-0.12268115331174786,-0.1567756612443522,-0.07100081959375885,-0.06251816808531382,-0.14267313042964364,-0.11255693276840767,-0.05708264031937305,0.001516027828205446
Tro_Pandarus,0.1733230289160514,-0.013717483135123805,-0.20783554180566205,0.017409213716277884,-0.07507817681160628,-0.1406307035031066,0.07344954350840298,-0.043087100643505245,-0.17670661966751847,-0.17942579705951756,0.17587857353466826,-0.0627768663796644,0.1966774830938333,-0.18943085602352752,0.0021494293101996785,0.3980391013837681,-0.18549806287292905,0.2671575498478386,-0.22781644023278244,0.11155896496413045,-0.06397228325171826,-0.11032727308452092,0.012603979501037645,-0.09454830292330092,0.04639934161388331,-0.1257151549270067,-0.09377392787638272,0.03307786664929867,-0.20988204062453256,0.08754855887581169,0.10529034943271767,-0.06168696068205159,0.15405996847760256,0.25661928728378247,-0.30139944541422736,0.2517141080139342,0.1877705916610274,0.07895111398658307,-0.0005257876259703856
Tro_Troilus,-0.010865673196024146,-0.01619584867018722,0.003284818388306708,-0.04152820790625641,0.016111517714907365,-0.011236957530513044,-0.05953413962260171,0.046371185472194085,-0.03586852826056566,-0.002731437461212044,-0.07595472444781125,0.017844341138871875,0.041148208224072266,5.620498016430395e-05,-0.026387911689487908,-0.14133640233804284,-0.03006904460401854,0.10174684563403787,-0.029486040194951935,-0.007684344164659675,-0.01191021157262793,-0.1566829828104875,-0.07278765870269957,-0.11940847924247439,-0.07340414990985769,0.10103404795596124,0.09294898929922034,0.06572192273976196,0.045588330153192615,0.2416332807189696,0.11519316918778344,0.24695896869074965,-0.17996360115730978,0.027938584367296664,0.05151882050056369,0.10119725863127535,-0.09100597442757415,0.10945228596739605,0.04562035270670367
Tro_Ulysses,-0.07489443827519388,0.06508455461940149,0.10809488533358207,-0.00671425441855793,-0.049252706315977585,-0.2553228336883246,-0.18674664674524602,0.05276526087282654,-0.0962383184059769,-0.1084713695539097,-0.004483316943625687,0.06736066181505619,0.14724483739830166,-0.18899043854659248,0.23069420812430685,0.14520012601820353,0.13024371898226855,-0.09150269560229034,0.16646813960857376,0.15087180013181467,-0.03001359468695889,-0.18633059856658765,0.1584580568936729,-0.024409927830043913,-0.10824411913393749,0.09416302004486736,0.2692347018294288,-0.013721189890744013,0.10984240910252821,0.13478102764158756,0.13762697909606772,0.08747838700387,-0.14681650686048717,-0.21998872414947293,-0.040070776593970424,-0.18844963513201657,-0.11700764215751154,0.2887638626629727,0.054746995786976234
WT_Leontes,0.04283930643260564,0.0673027459434317,-0.12910842372264184,-0.04698138526413826,0.08296178900733991,0.020226002675412445,0.05320698370372817,0.10102218023335535,-0.11292050244470754,0.029822928176921563,-0.1314912179134561,0.023342204108477115,-0.06455882036523572,-0.10151806344811111,-0.010447568676605033,0.013232799759409847,0.12242011591829485,0.08849511373835924,-0.040758390454361346,0.010352176554405654,-0.13258471854178341,-0.014433031519855224,-0.014472164786787202,0.057705664954347195,0.052660647559963566,0.17716071064089184,0.13228163072135735,-0.10598913919334695,0.1392721149791858,0.07270453179616075,0.12771599449669055,0.03479578077643307,0.042400974826285964,-0.05140104970789564,-0.15161208502013235,0.02587893867502976,-0.08811588465036876,0.03535826656501571,-0.07604212556167357
Wiv_Falstaff,-0.1509275097860613,0.21942836539288801,0.0689847129499173,-0.044216338744411963,-0.03881403982733301,0.14843974902129256,0.13101014137263967,-0.10030758361308735,-0.16612140783516652,-0.09221739913406117,-0.1538528047461729,0.021874803864549867,-0.09375409377423302,-0.031591593304331436,0.025270438485626604,0.019418205950433767,-0.11398811625502349,-0.0415659873414518,0.014282826992012521,0.11598703805205916,0.1075065586690992,0.19198934342157928,-0.10299687417262712,-0.20647565246427704,0.08448488993969151,-0.017905013717707887,-0.07754612639255319,-0.13120412436358414,-0.018673034324436778,0.12491401471771267,0.09869085893456607,-0.051991449045129375,0.3439741560892542,-0.04216756780308307,0.16837609063714523,0.042567674162536026,-0.02921261412676484,-0.17247947808286698,-0.08670811561429678
Wiv_MasterFord,0.05542594596065014,0.20394215569970012,-0.11090369443629892,-0.2252018645299048,-0.12380145221532403,0.104276397319714,0.08389102690509624,-0.015361397624715995,-0.24209565672170383,-0.18027948753534564,0.10071244474778258,0.14117182755107888,0.22263070987811046,0.11849290148474538,-0.04475043535253251,0.10045842987479903,-0.07159387974854571,-0.05569870700534369,0.35039102783553017,-0.03730815099378681,0.008133554360728755,0.13952957188584478,-0.16708014168802288,-0.14480164797783987,-0.039275024266414854,-0.012241566245145503,0.12696822368833782,-0.28269791194566846,0.15334516673343912,0.1352805673071139,-0.048140936008768086,-0.020657151470142757,0.15382015319536185,0.15294986329731122,-0.08992371708448348,0.07000649838597234,0.1473078879913154,-0.11636833498126316,0.10121354998063808
Wiv_MistressPage,-0.06520469292405726,0.08812702839745408,0.07325779533671409,-0.052218253976801195,-0.06920306298090798,-0.051125358428310834,-0.02973107634785601,-0.15229015074371532,-0.10700353888392172,-0.1214265640283503,-0.035425414685166336,0.15034374096029818,-0.07887736336354885,-0.006482364482302957,0.06290525666032162,0.4137281429668354,0.04465069551848995,0.1107058006646309,0.10592879207258041,0.03821821246706204,-0.12640945187547017,0.018189852074376074,-0.004137462114332399,-0.20429559379715398,-0.08969413858858778,-0.04250087080491784,-0.1893848661539316,-0.15729326021870932,-0.06141955047876193,-0.14058193326024776,0.1309224094322823,-0.16120380760254127,0.06999752144767446,0.027869352055403394,-0.09338246739284821,0.11777947585863602,0.1451663208278965,-0.032973871923696815,-0.1902883270011767
