name,AA,AE,AH,AO,AW,AY,B,CH,D,DH,EH,ER,EY,F,G,HH,IH,IY,JH,K,L,M,N,NG,OW,OY,P,R,S,SH,T,TH,UH,UW,V,W,Y,Z,ZH
1H4_Falstaff,0.021003212255992092,0.037744007907091676,0.08401284902396837,0.019335310106251544,0.013281443044230293,0.0340993328391401,0.020447244872745244,0.004262416604892513,0.0462688411168767,0.03663207314059797,0.02718062762540153,0.019644180874722018,0.01618482826785273,0.02291821102050902,0.011737089201877934,0.02248579194465036,0.04867803311094638,0.03317272053372869,0.0030887076847047196,0.024215468248085,0.04194465035829009,0.03440820360761058,0.07165801828514949,0.00858660736347912,0.014516926118112183,0.0009883864591055103,0.016246602421546824,0.04528045465777119,0.03539659006671608,0.005930318754633061,0.0683222139856684,0.007042253521126761,0.0066098344452680995,0.01939708425994564,0.02180627625401532,0.02223869532987398,0.008215962441314555,0.024894983938720038,0.00012354830738818879
1H4_HenryIV,0.016698473282442748,0.0245706106870229,0.09279580152671756,0.01848759541984733,0.012166030534351144,0.021708015267175574,0.01741412213740458,0.008349236641221374,0.053912213740458015,0.032562022900763356,0.03172709923664122,0.02385496183206107,0.012643129770992367,0.018010496183206107,0.007752862595419847,0.0223043893129771,0.0514074427480916,0.03637881679389313,0.0040553435114503815,0.02051526717557252,0.045443702290076333,0.030295801526717556,0.07752862595419847,0.004770992366412214,0.012523854961832061,0.0011927480916030535,0.016459923664122137,0.04806774809160305,0.04985687022900764,0.007752862595419847,0.06357347328244274,0.004651717557251908,0.004174618320610687,0.020634541984732826,0.021230916030534352,0.023139312977099237,0.009184160305343511,0.03172709923664122,0.00047709923664122136
1H4_HenryV,0.019420354310280927,0.03150248313690609,0.08761396486546587,0.020235712697353792,0.014824697946779335,0.029575272403824772,0.018827366392409756,0.004521532873767697,0.047957897857831146,0.04032317841523979,0.03142835964717219,0.019939218738418203,0.015047068415981024,0.022014676450967312,0.010229041583277742,0.019420354310280927,0.05040397301904974,0.03224371803424505,0.004521532873767697,0.02342302275591135,0.04536357571714476,0.03276258246238233,0.06700763471944259,0.00867244829886591,0.014157586539174264,0.0009636053665406567,0.015936550292787784,0.049143873693573495,0.04788377436809725,0.00689348454525239,0.06537691794529686,0.00600400266844563,0.0048180268327032835,0.01623304425172337,0.019494477800014825,0.024608998591653695,0.008968942257801498,0.022162923430435105,7.412348973389667e-05
1H4_Hotspur,0.01967430550438435,0.02446393043990863,0.08768697958882912,0.01915849974209712,0.009873996020926977,0.02689558617640557,0.016726844005600178,0.004642251860585071,0.051285830078844595,0.031906270724338666,0.030432539974946576,0.02483236312725665,0.01694790361800899,0.018274261292461867,0.008695011421413308,0.024758676589787046,0.0548227838773856,0.03168521111192985,0.00427381917323705,0.026969272713875177,0.04362243018200575,0.03706432834721096,0.07272861248249944,0.009505563333578956,0.014295188269103235,0.0006631788372264387,0.015989978630904133,0.044801414781519416,0.042959251344779306,0.0069265345221428045,0.0666863164099919,0.0059686095350379486,0.00582123646009874,0.018200574754992264,0.02004273819173237,0.024242870827499815,0.00803183258418687,0.02822194385085845,0.0002210596124088129
1H6_Talbot,0.01718381775333857,0.024253731343283583,0.08424980361351139,0.01993322859387274,0.010506677140612725,0.03269835035349568,0.023959151610369208,0.005400628436763551,0.05272977219167321,0.03505498821681068,0.03053809897879026,0.023173605655930872,0.017969363707776905,0.02297721916732129,0.008935585231736057,0.020816967792615867,0.05086410054988217,0.03161822466614297,0.006087981146897094,0.022191673212882953,0.04035742340926944,0.03279654359780047,0.0684406912804399,0.007168106834249803,0.011095836606441476,0.00108012568735271,0.014434406912804398,0.05636292223095051,0.048114689709348,0.006480754124116261,0.0672623723487824,0.005400628436763551,0.003633150039277298,0.017969363707776905,0.021504320502749412,0.021798900235663787,0.008739198743126474,0.026021209740769834,0.00019638648860958367
2H4_Falstaff,0.017578357764271243,0.03336908592539626,0.08741508759385055,0.018591347872720772,0.007865570253843403,0.026695268740317007,0.019783100941484923,0.004647836968180193,0.046061256107734476,0.033845787152901916,0.029019187224407102,0.02288165892027172,0.015135263973304731,0.018293409605529734,0.011500417113574067,0.023000834227148135,0.056429507805982604,0.03229650816350852,0.004171135740674532,0.024788463830294365,0.04451197711834108,0.04105589321892504,0.0634608509116911,0.0077463949469669885,0.016029078774877845,0.0010725777618877368,0.014777738052675486,0.04224764628768919,0.04457156477177929,0.008818972708854724,0.06620188296984865,0.006792992491955667,0.006792992491955667,0.02133237993087832,0.0196043379811703,0.023894649028721248,0.011857943034203313,0.025801453938743894,5.9587653438207606e-05
2H6_QueenMargaret,0.019126714483452874,0.022272555681389205,0.08531521328803322,0.023027557568893922,0.008934189002139171,0.028060903485592047,0.021140052850132124,0.003775009437523594,0.05096262740656852,0.03661759154397886,0.028815905373096765,0.01736504341260853,0.014596703158424562,0.024411727695985905,0.010695860072983517,0.023405058512646282,0.053479300364917576,0.03775009437523594,0.0036491757896061406,0.029948408204353846,0.039637599093997736,0.03422675223354725,0.07046684283377375,0.009815024537561345,0.013086699383415125,0.001006669183339625,0.013338366679250032,0.05222096388574305,0.04316094123568642,0.007298351579212281,0.06241348936705675,0.0040266767333585,0.00604001510003775,0.01849754624386561,0.015980873285516548,0.025418396879325532,0.007550018875047188,0.03233924751478545,0.00012583364791745311
2H6_York,0.01648070426860477,0.03029992834476405,0.08301770907974204,0.024260415600368512,0.006858429726686457,0.028662094380182208,0.018118538233186612,0.0047087726481727914,0.052308322243832535,0.03398505476507319,0.03029992834476405,0.020472924557273006,0.0166854335141775,0.021087112293991198,0.009212816050772853,0.024874603337086704,0.05128467601596888,0.030197563721977686,0.004504043402600061,0.030402292967550416,0.04862319582352339,0.03429214863343229,0.06797010953014639,0.009827003787491044,0.010748285392568328,0.0010236462278636503,0.01566178728631385,0.05363906234005528,0.04606408025386426,0.006960794349472822,0.0605998566895281,0.006039512744395537,0.004196949534240967,0.01996110144334118,0.019551642952195723,0.02016583068891391,0.007472617463404647,0.02907155287132767,0.00040945849114546015
3H6_EdwardIV,0.0141698600837715,0.024953212726138492,0.07771143391854558,0.022814365921040906,0.01666518135638535,0.025309687193654753,0.021834061135371178,0.005257998395864896,0.0519561536404955,0.039212191426789056,0.03217182069334284,0.025755280278050085,0.017823723375813207,0.02049728188218519,0.008911861687906603,0.022190535602887442,0.04972818821851885,0.03511273505035202,0.004455930843953302,0.026200873362445413,0.03947954727742625,0.029765618037608056,0.07076018180197843,0.009090098921664735,0.01238748774619018,0.0009803047856697263,0.012922199447464575,0.05204527225737456,0.046252562160235274,0.006951252116567151,0.0616700828803137,0.005881828714018359,0.003208270207646377,0.018536672310845735,0.015328402103199358,0.03573656536850548,0.008198912752874075,0.027983245700026735,8.911861687906604e-05
3H6_HenryVI,0.01907238838318162,0.02199826614651062,0.07553099263112267,0.021564802774165583,0.011486779367143476,0.033918508885999135,0.01788036410923277,0.0042262678803641094,0.04822280017338535,0.03781967923710446,0.03576072821846554,0.02503250975292588,0.013762462071954919,0.02319029042045947,0.009211096662332033,0.020264412657130474,0.0488729952319029,0.033701777199826616,0.003250975292587776,0.026549631556133508,0.03977026441265713,0.03836150845253576,0.07130472475075857,0.008777633289986996,0.013112267013437364,0.001625487646293888,0.014304291287386216,0.055483311660164715,0.04280450801907239,0.005851755526657998,0.06512787169484179,0.0063935847420892936,0.005309926311226701,0.017771998266146512,0.016038144776766364,0.02990897269180754,0.007043779800606849,0.029258777633289986,0.00043346337234503684
3H6_RichardIII,0.015325291674906072,0.025212576626458375,0.07880166106387186,0.022641882539054775,0.01137037769428515,0.03114494759738976,0.020268934150682223,0.005240261024322721,0.05171050029661855,0.0403401226023334,0.02995847340320348,0.0253114494759739,0.017994858611825194,0.0227407553885703,0.009689539252521258,0.022938501087601346,0.051018390350009886,0.03144156614593632,0.003065058334981214,0.029068617757563774,0.044789400830531935,0.030749456199327663,0.06377298793751236,0.008898556456397073,0.011765869092347241,0.0012853470437017994,0.012260233339924856,0.053193593039351394,0.042811943840221474,0.007415463713664228,0.06357524223848131,0.007514336563179751,0.005339133873838244,0.019972315602135655,0.016709511568123392,0.028475380660470635,0.009096302155428119,0.02669566936919122,0.00039549139806209217
3H6_Warwick,0.015166126062943807,0.023669676514420968,0.08003857280617165,0.02349434557727711,0.013062154817217498,0.02551065135443149,0.017357762777242044,0.004470938897168405,0.05102130270886298,0.034890856491627945,0.03366353993162093,0.02402033838870869,0.014640133251512229,0.02559831682300342,0.008240554045761374,0.024108003857280617,0.05128429911457877,0.03085824493731919,0.004558604365740335,0.030595248531603402,0.044358727097396335,0.03217322696589813,0.0703953712632594,0.010432190760059613,0.011221179977206978,0.0011396510914350837,0.015078460594371876,0.056719558166038395,0.044972385377399844,0.005961251862891207,0.06329446830893311,0.005698255457175418,0.0028929604628736743,0.01963706496011221,0.015429122468659595,0.026211975103006924,0.008240554045761374,0.02945559744016832,0.0004383273428596476
AWW_Helen,0.015435110440876431,0.027233212099707266,0.08081256098642775,0.019249534285460834,0.007185310032821786,0.03370886188237381,0.018185043910227978,0.006386942251397144,0.04373281291581655,0.028031579881131908,0.03069280581921405,0.024128448505278097,0.014991572784529407,0.020934977379579528,0.008693338064401668,0.02395103344273929,0.0595227534817706,0.03104763594429167,0.0032821786569679767,0.020491439723232502,0.03849906857092167,0.04062804932138739,0.06732901623347823,0.008693338064401668,0.015878648097223454,0.0006209527188858334,0.017564091191342144,0.04799077441674798,0.04807948194801739,0.007185310032821786,0.06653064845205357,0.006741772376474763,0.004612791626009048,0.021822052692273573,0.020757562317040717,0.025813891599396788,0.013749667346757739,0.02953960791271179,0.00026612259380821434
AWW_King,0.01758539059857964,0.025025363544132567,0.07699244730019164,0.018036298049825275,0.013978130988614586,0.028068988840040582,0.01544358020516289,0.00608725059181603,0.04306166159395784,0.03798895276744448,0.031225340998760006,0.028519896291286213,0.01938902040356217,0.024574456092886936,0.007552699808364333,0.02479990981850975,0.055123435914778494,0.032352609626874085,0.002705444707473791,0.024010821778829895,0.03607259609965055,0.035508961785593506,0.06718521023559915,0.007552699808364333,0.012399954909254876,0.0009018149024912637,0.016683575696088377,0.04621801375267726,0.0494870927742081,0.007552699808364333,0.06966520121745012,0.005410889414947582,0.005974523729004622,0.021981738248224553,0.019050839815127944,0.026265359035058056,0.010596325104272348,0.028407169428474807,0.0005636343140570398
AWW_Parolles,0.015282676071390403,0.02639734957785615,0.08774179758469595,0.01774072886608956,0.008015389547932029,0.02981724911830715,0.017420113284172277,0.005664208613871968,0.04467243774714118,0.02981724911830715,0.030779095864058994,0.024580527946991556,0.016458266538420432,0.01688575398097681,0.007801645826653842,0.02073314096398418,0.06059634498236614,0.03387837982259271,0.005664208613871968,0.02073314096398418,0.04157315378860746,0.038260126108795554,0.06743614406326814,0.008015389547932029,0.014427701186277652,0.0009618467457518436,0.01667201025969862,0.047451106123757615,0.04574115635353212,0.005771080474511061,0.0714972747675537,0.004916105589398311,0.006412311638345623,0.02287057817676606,0.0238324249225179,0.024153040504435182,0.011007801645826654,0.027466068184247086,0.0008549748851127498
AYL_Rosalind,0.01952741348431452,0.030908775781385407,0.0810560979837079,0.019585186896990004,0.008492691663296551,0.029579987289849213,0.017678664278698943,0.005777341267548674,0.043618926569992486,0.031890923796868684,0.02871338609971691,0.023629325784274076,0.015309954359003987,0.020625108325148765,0.007510543647813277,0.02316713848287018,0.052747125772719394,0.03437518054191461,0.003119764284476284,0.02513143451383673,0.04119244323762205,0.03853486625454965,0.06921254838523312,0.006701715870356462,0.01455889999422266,0.00040441388872840717,0.01346120515338841,0.0466231440291178,0.03813045236582125,0.007510543647813277,0.06199087180079727,0.0056040210295222135,0.00866601190132301,0.028077878560286557,0.021896123404009475,0.02726905078282974,0.01952741348431452,0.02796233173493558,0.00023109365070194697
Ado_Benedick,0.01832437670689807,0.032508149061756676,0.08043344198749008,0.01920535635626817,0.006959739230023787,0.035591577834552024,0.02070302176019734,0.0049334860364725576,0.045194256012686104,0.031186679587701525,0.026076997621354948,0.024755528147299796,0.0159457316535988,0.0185886706017091,0.009426482248260065,0.025196017971984848,0.05409215047132411,0.03700114527354418,0.003700114527354418,0.025988899656417937,0.04105365166064664,0.036824949343670164,0.06968549026517487,0.008105012774204915,0.01585763368866179,0.0010571755792441195,0.014624262179543653,0.0451061580477491,0.04140604352039468,0.007664522949519866,0.06299004492996212,0.005990661615716677,0.007576424984582856,0.02184829530437847,0.01982204211082724,0.025724605761606907,0.014624262179543653,0.023962646462866707,0.0002642938948110299
Ado_Leonato,0.015808324070643448,0.027541064591824132,0.07237248363591453,0.022106953192540447,0.007657156971717921,0.03507471903174015,0.02025441521551192,0.006175126590095097,0.050018525379770286,0.032975175991107816,0.02927010003705076,0.028158577250833643,0.015437816475237742,0.02037791774731382,0.007533654439916018,0.02605903421020131,0.05471162158824256,0.03556872915894776,0.0030875632950475487,0.021859948128936643,0.03754476966777819,0.0385327899221934,0.06743238236383846,0.007904162035321724,0.01729035445226627,0.0008645177226133136,0.01346177596640731,0.048659997529949366,0.041002840558231446,0.01148573545757688,0.06508583425960232,0.007163146844510313,0.004693096208472274,0.025318019019389897,0.019883907620106212,0.023959491169568976,0.014202791157218723,0.023218475978757563,0.0002470050636038039
Ant_Antony,0.02034267065542562,0.02806635844438401,0.07516997552352461,0.019309219472395975,0.011911884688604841,0.03290726135436497,0.015556159912972533,0.005928746260538483,0.04612455806363883,0.03415828120750612,0.03018765297797117,0.02436769105248844,0.015882512918139788,0.01909165080228447,0.009137884144683165,0.02289910252923579,0.050475931465868915,0.03698667391895567,0.003916236062007071,0.02654337775360348,0.04101169431601849,0.03791134076692956,0.06380201251019853,0.006527060103345118,0.015556159912972533,0.0009790590155017678,0.020070709817786237,0.046940440576556976,0.049007342942616265,0.007506119118846886,0.0670655425618711,0.005656785422899102,0.0052760402502039705,0.019146042969812347,0.017459885776448192,0.026652162088659233,0.010008158825129182,0.029861299972803915,0.0005983138428066358
Ant_Cleopatra,0.018925476603119586,0.028838821490467938,0.07993067590987868,0.016291161178509532,0.010398613518197574,0.03022530329289428,0.01850953206239168,0.0060311958405545926,0.04388214904679376,0.03493934142114385,0.03161178509532062,0.021282495667244366,0.017677642980935875,0.016915077989601388,0.01220103986135182,0.023084922010398613,0.051854419410745235,0.039930675909878685,0.003951473136915078,0.02370883882149047,0.04214904679376083,0.043604852686308496,0.0682842287694974,0.00880415944540728,0.01753899480069324,0.0009705372616984402,0.016429809358752167,0.04499133448873484,0.04651646447140381,0.006724436741767765,0.06689774696707106,0.004991334488734836,0.0060311958405545926,0.016429809358752167,0.01733102253032929,0.024748700173310226,0.006724436741767765,0.03043327556325823,0.00020797227036395148
Ant_Octavius,0.018295983544440834,0.02987983111399805,0.0875825484464653,0.01742990148316553,0.008552560355093644,0.022518133593157953,0.018620764317419075,0.006820396232543034,0.04557756847461297,0.03085417343293277,0.027931146476128613,0.022951174623795603,0.014506874526361372,0.01807946302912201,0.008336039839774819,0.02273465410847678,0.05391360831438779,0.039406733788026414,0.004871711594673595,0.02414203745804915,0.03919021327270759,0.03399372090505575,0.06690483923351738,0.007578218036158926,0.015481216845296093,0.0011908628342535456,0.018945545090397316,0.04698495182418534,0.04730973259716358,0.00974342318934719,0.07210133160116922,0.005088232109992422,0.004871711594673595,0.023059434881455017,0.020677709212947926,0.02349247591209267,0.011908628342535456,0.028039406733788026,0.0004330410306376529
Cor_Coriolanus,0.018370325632895465,0.028788565101414264,0.08037646585132618,0.01756505108460416,0.008908349690472595,0.03070109215360612,0.018873622225577532,0.006039559112184811,0.04197493582968443,0.040968342644320296,0.03165735567970205,0.023151643263375106,0.019276259499723187,0.01771604006240878,0.009361316623886456,0.019678896773868842,0.04559867129699532,0.030348784538728673,0.0033720871709698526,0.02093713825557401,0.03769691479188686,0.04101867230358851,0.06633449091549651,0.006341537067794051,0.016155820625094366,0.0019628567114600634,0.0164074689214354,0.049725703356988275,0.04645427550455483,0.007398459912426393,0.06834767728622478,0.0049323066082842615,0.005234284563893503,0.025215159293371585,0.021490764507524285,0.02622175247873572,0.013589008002415824,0.03165735567970205,0.00015098897780462027
Cor_Menenius,0.017379477104427988,0.02856279280640774,0.08432824542844189,0.019117424814870786,0.007254042617500378,0.020930935469245883,0.020477557805652108,0.004609339579870032,0.040955115611304216,0.03218981411515793,0.03060299229257972,0.02289557201148557,0.016397158833308147,0.018135106543750945,0.008840864440078585,0.025011334441589844,0.051911742481487076,0.03559014659211123,0.003022517757291824,0.02538914916125132,0.03876379023726764,0.03468339126492368,0.06475744294997733,0.007707420281094152,0.015490403506120598,0.0006045035514583648,0.019873054254193744,0.049795980051382804,0.044733262807919,0.005893909626719057,0.06747770893153997,0.005591657850989875,0.007027353785703491,0.02901617047000151,0.01957080247846456,0.025842526824845096,0.01972192836632915,0.029620674021459875,0.0002266888317968868
Cym_Belarius,0.021940707849027033,0.026903487005354578,0.07901266814679378,0.019198119367898656,0.010970353924513516,0.024291497975708502,0.020634713334203997,0.005354577510774455,0.041530625571372604,0.03761264202690349,0.02834008097165992,0.02389969962126159,0.01763092595011101,0.020242914979757085,0.006660572025597493,0.025336293587566932,0.051847982238474595,0.03395585738539898,0.003395585738539898,0.020895912237168603,0.03487005354577511,0.035131252448739714,0.07169909886378477,0.010970353924513516,0.01697792869269949,0.0026119890296460754,0.015541334726394148,0.05054198772365156,0.04988899046624004,0.005485176962256758,0.0658221235470811,0.006791171477079796,0.005354577510774455,0.01998171607679248,0.020242914979757085,0.021940707849027033,0.010970353924513516,0.03487005354577511,0.0006529972574115189
Cym_Iachimo,0.017778646087721013,0.028230927029403146,0.0880140666210804,0.0200253980658396,0.007033310540197324,0.029207775715541662,0.021295301357819672,0.010159226335840578,0.04620494285435186,0.03204063690534336,0.026472599394353813,0.02627722965712611,0.015824948715443977,0.020220767803067304,0.008205528963563543,0.022272150043958192,0.05509426589821237,0.032724430985640325,0.004688873693464882,0.02334668359871056,0.033896649409006545,0.03467812835791736,0.06710950473771612,0.00967080199277132,0.01318745726286998,0.001074533554752369,0.016801797401582493,0.05040539220474748,0.048549379701084305,0.0076194197518804335,0.06974699619029012,0.004688873693464882,0.005763407248217251,0.018657809905245678,0.019536973722770343,0.02393279281039367,0.012992087525642277,0.026179544788512258,0.00039073947445540685
Cym_Imogen,0.01829083181542198,0.031572556162720096,0.07278384942319369,0.020036429872495445,0.009107468123861567,0.03476017000607164,0.021706132361870068,0.005312689738919247,0.045613236187006675,0.03202792956891318,0.02792956891317547,0.02398299939283546,0.01601396478445659,0.021782027929568914,0.008955676988463874,0.02459016393442623,0.052671523982999395,0.03673345476624165,0.0024286581663630845,0.024210686095931997,0.037871888281724345,0.04136308439587128,0.06314511232544019,0.008424408014571949,0.015786278081360048,0.0007589556769884638,0.015634486945962357,0.04789010321797207,0.04637219186399514,0.005995749848208865,0.06959623557984214,0.007058287795992714,0.007210078931390407,0.022161505768063146,0.01791135397692775,0.022465088038858532,0.010625379477838493,0.029068002428658167,0.00015179113539769278
Cym_Posthumus,0.01761233815689261,0.027418126428027417,0.07663747143945164,0.021515613099771517,0.006473724295506474,0.030178979436405177,0.019611576542269613,0.005045696877380046,0.046363290175171365,0.0357006854531607,0.029322162985529324,0.026656511805026657,0.018564356435643563,0.02123000761614623,0.010281797410510283,0.018183549124143182,0.054645849200304644,0.02913175932977913,0.003998476770753999,0.022562833206397563,0.037414318354912414,0.037414318354912414,0.07216298552932217,0.008568164508758568,0.018088347296268088,0.000952018278750952,0.015613099771515614,0.05045696877380046,0.043983244478293985,0.006473724295506474,0.06978293983244478,0.00675932977913176,0.005521706016755522,0.02303884234577304,0.018183549124143182,0.022372429550647374,0.012852246763137853,0.028846153846153848,0.0003808073115003808
H5_Fluellen,0.015622913606623047,0.03191347309387101,0.09801041527573776,0.02216584323674723,0.005207637868874349,0.023634664174122046,0.012418213379623448,0.003471758579249566,0.04326345306449459,0.02617171852049673,0.02496995593537188,0.016824676191747896,0.015889971958873015,0.01455468019762318,0.014821738549873148,0.017225263720122848,0.06529576712511684,0.030444652156496194,0.006676458806249165,0.02910936039524636,0.04232874883161971,0.03231406062224596,0.0751769261583656,0.004807050340499399,0.010548804913873682,0.00026705835224996664,0.018427026305247698,0.043396982240619573,0.03565229002537054,0.0074776338629990655,0.061824008545867275,0.004406462812124449,0.008278808919748965,0.028041126986246494,0.017625851248497797,0.019628788890372548,0.025103485111496862,0.04660168246761918,0.0004005875283749499
H5_HenryV,0.018669690098261527,0.026228269085411943,0.08578987150415722,0.01999244142101285,0.012698412698412698,0.022373393801965232,0.018594104308390022,0.0054043839758125475,0.04527588813303099,0.03934240362811792,0.03250188964474679,0.02414965986394558,0.017233560090702947,0.02290249433106576,0.010997732426303855,0.017649281934996222,0.0563114134542706,0.03057445200302343,0.005593348450491308,0.026455026455026454,0.041534391534391535,0.03246409674981104,0.07226001511715797,0.009372637944066516,0.01473922902494331,0.0010582010582010583,0.015646258503401362,0.05026455026455026,0.0436885865457294,0.008616780045351474,0.06114890400604686,0.005442176870748299,0.004875283446712018,0.017573696145124718,0.019879062736205592,0.025661375661375663,0.009486016628873772,0.027286470143613,0.00026455026455026457
H8_HenryVIII,0.01890814718694967,0.02567429789600519,0.08527203633330244,0.01825933821484846,0.008805264621373621,0.028176846788395587,0.017425155250718326,0.00667346371304106,0.04884604689961999,0.029567151728612476,0.032069700621002874,0.02465474093984614,0.016312911298544813,0.017332468254703866,0.01010288256557605,0.022801001019556955,0.051255908795995925,0.03151357864491612,0.0034294188525349893,0.02576698489201965,0.03688942441375475,0.038743164334043935,0.0683103160626564,0.007322272685142275,0.011307813513764019,0.0011122439521735101,0.017239781258689406,0.05032903883585133,0.04578737603114283,0.008527203633330243,0.0671980721104829,0.0045416628047085,0.005839280748910928,0.026971915840207618,0.01992770414310872,0.024098618963759384,0.017054407266660486,0.025303549911947353,0.0006488089721012142
H8_Katherine,0.019597286529557445,0.024442769462689782,0.08248088726176375,0.02379670507160547,0.00678367610638527,0.030257348982448584,0.017874448153332615,0.006675998707871218,0.04436308818778938,0.023473672876063313,0.028965220200279963,0.0199203187250996,0.016043932378593733,0.01927425433401529,0.010337030257348983,0.021750834499838483,0.053407989662969745,0.032195542155701515,0.004845482933132335,0.0226122536879509,0.04296328200710671,0.044686120383331536,0.06891353504899321,0.00969096586626467,0.015505545386023474,0.0008614191881124152,0.01981264132658555,0.05136211909120276,0.046193603962528265,0.007860450091525788,0.059114891784214495,0.005706902121244751,0.007214385700441478,0.024012059868633574,0.020027996123613653,0.021966189296866587,0.018520512544416928,0.025734898244858403,0.0007537417895983633
H8_Wolsey,0.015114578254509995,0.027303754266211604,0.09058995611896636,0.021550463188688446,0.007898586055582642,0.027986348122866895,0.016967333008288638,0.005948317893710385,0.04271087274500244,0.02925402242808386,0.030326669917113604,0.023500731350560702,0.017064846416382253,0.02038030229156509,0.010141394441735738,0.021843003412969283,0.04856167723061921,0.03237445148707947,0.0037055095075572892,0.023598244758654314,0.04076060458313018,0.040175524134568506,0.07157484154071185,0.00916626036079961,0.01491955143832277,0.0019502681618722574,0.017454900048756702,0.05158459288152121,0.04592881521209166,0.007508532423208191,0.061725987323256945,0.0039005363237445147,0.007996099463676255,0.021745490004875672,0.021550463188688446,0.022915650901999023,0.013066796684544125,0.028961482203803023,0.0002925402242808386
Ham_Claudius,0.016620710784313725,0.02780330882352941,0.0857077205882353,0.0194546568627451,0.010876225490196078,0.01876531862745098,0.017693014705882353,0.005361519607843137,0.046645220588235295,0.033854166666666664,0.028416053921568627,0.024892769607843136,0.014476102941176471,0.02221200980392157,0.010340073529411764,0.024816176470588234,0.06043198529411765,0.030254289215686275,0.00505514705882353,0.02389705882352941,0.03799019607843137,0.033471200980392156,0.06709558823529412,0.009267769607843137,0.014552696078431373,0.0012254901960784314,0.015778186274509803,0.04718137254901961,0.04825367647058824,0.007582720588235294,0.07169117647058823,0.008118872549019608,0.004748774509803921,0.02305453431372549,0.018535539215686275,0.023667279411764705,0.013250612745098039,0.02665441176470588,0.00030637254901960784
Ham_Hamlet,0.01871747523921437,0.028425941469419732,0.08922276313580661,0.017710256840691625,0.008449443232051927,0.02532035140730793,0.01810195288456158,0.0055397011918751045,0.04289071680376028,0.035672318281013936,0.02979687762296458,0.02285826198869677,0.017402495663365228,0.01975267192658497,0.009596553074813944,0.020843825191651278,0.05556488165183817,0.03046835655531308,0.0035252643948296123,0.026439482961222092,0.03975714845280063,0.03872195176543003,0.06720384981254547,0.007861899166246992,0.016647081864473168,0.0010631749762184544,0.01631134239829892,0.04286273851491243,0.046863633820155556,0.008365508365508366,0.06818308992222036,0.005735549213810084,0.005651614347266521,0.022046891612109005,0.01983660679312853,0.023921436964915225,0.01225449051536008,0.030160595377986682,0.0002518045996306866
Ham_Polonius,0.017018708509354254,0.02667471333735667,0.08328304164152082,0.02088111044055522,0.006035003017501509,0.031140615570307784,0.019432709716354857,0.004828002414001207,0.04815932407966204,0.033071816535908266,0.0292094146047073,0.02003621001810501,0.01448400724200362,0.018587809293904647,0.008811104405552203,0.023657211828605914,0.055884127942063974,0.03693421846710923,0.003621001810500905,0.023657211828605914,0.043934821967410984,0.04164152082076041,0.06288473144236573,0.0074834037417018705,0.01460470730235365,0.0003621001810500905,0.011707905853952927,0.0459867229933615,0.04634882317441159,0.005793602896801448,0.07073023536511769,0.005069402534701267,0.004948702474351237,0.02751961375980688,0.02027761013880507,0.02136391068195534,0.016415208207604105,0.02715751357875679,0.0003621001810500905
JC_Antony,0.020104244229337303,0.025688756515264335,0.08103747828245222,0.016505336311739886,0.008687019111442046,0.022338049143708117,0.020352444775378505,0.004219409282700422,0.04852320675105485,0.03375527426160337,0.03040456689004716,0.02469595433109953,0.013775130305286671,0.01675353685778109,0.0062050136510300325,0.02122114668652271,0.05112931248448747,0.0385951849094068,0.0035989079175974188,0.020228344502357904,0.039463886820551006,0.034996276991809384,0.06912385207247455,0.006080913378009431,0.017498138495904692,0.0009928021841648052,0.015140233308513279,0.047282204020848845,0.052618515760734674,0.008066517746339041,0.06676594688508315,0.004591710101762224,0.005832712831968231,0.02705385951849094,0.020600645321419708,0.022586249689749316,0.014147431124348473,0.038843385455448,0.0004964010920824026
JC_Brutus,0.021408211534962703,0.02850385105221663,0.08120565225301717,0.017102310631329977,0.010249257080477895,0.028321911577415246,0.019042998362544725,0.005154951786039178,0.04645521256595306,0.03384074231305719,0.034083328279459035,0.02401601067378252,0.012796409727697253,0.01983140275335072,0.00861180180726545,0.021650797501364547,0.049366244162775186,0.038267936199890835,0.0032142640548244285,0.02268178785857238,0.04014797743950513,0.03596336951907332,0.06944023288252775,0.006428528109648857,0.01673843168172721,0.0010916368488082964,0.016859724664928133,0.04657650554915398,0.04875977924677057,0.008490508824064527,0.06598338286130147,0.005094305294438717,0.006185942143247013,0.02256049487537146,0.018739765904542422,0.02377342470738068,0.011219600946085269,0.030080659833828613,6.0646491600460916e-05
JC_Cassius,0.018774874545769163,0.02725385014708427,0.0807233085308877,0.01661187056584184,0.008998096556497664,0.025956047759127878,0.02249524139124416,0.004239487800657553,0.04819172867278076,0.03331026129088078,0.03261810001730403,0.02664820903270462,0.014102785949126147,0.020505277729711023,0.00830593528292092,0.019380515660148815,0.053902059179788894,0.03339678145007787,0.003460806367883717,0.019293995500951722,0.03659802734037031,0.035386745111611,0.06826440560650632,0.006575532098979062,0.017650112476206955,0.0006921612735767433,0.014967987541097075,0.0488838899463575,0.05104689392628482,0.006921612735767434,0.0685239660840976,0.00562381034781104,0.005883370825402319,0.024658245371171485,0.019293995500951722,0.025609967122339504,0.013670185153140682,0.03132029762934764,0.00025956047759127874
Jn_Bastard,0.01895881895881896,0.029914529914529916,0.08609168609168609,0.01934731934731935,0.012198912198912198,0.027894327894327893,0.021522921522921522,0.004506604506604507,0.05167055167055167,0.034731934731934734,0.028826728826728827,0.025174825174825177,0.015928515928515928,0.021445221445221447,0.009246309246309247,0.022533022533022532,0.049184149184149185,0.031313131313131314,0.004195804195804196,0.023543123543123542,0.042735042735042736,0.03426573426573427,0.06946386946386947,0.008624708624708625,0.012354312354312355,0.001320901320901321,0.016860916860916862,0.047474747474747475,0.04763014763014763,0.007070707070707071,0.0644910644910645,0.007459207459207459,0.00473970473970474,0.019658119658119658,0.018725718725718727,0.020202020202020204,0.009790209790209791,0.028515928515928515,0.0003885003885003885
Jn_KingJohn,0.01583411875589067,0.025164938737040527,0.0885014137606032,0.019792648444863337,0.014797360980207352,0.026672950047125353,0.020829406220546656,0.004052780395852969,0.052686145146088596,0.03873704052780396,0.029594721960414704,0.022148916116870875,0.015551366635249765,0.022714420358152687,0.008388312912346842,0.021489161168708765,0.053345900094250706,0.03298774740810556,0.0035815268614514608,0.0236569274269557,0.03892554194156456,0.034872761545711596,0.0705937794533459,0.008576814326107445,0.012723845428840716,0.0012252591894439209,0.01819038642789821,0.04995287464655985,0.04439208294062205,0.006880301602262017,0.06333647502356268,0.007917059377945335,0.003958529688972668,0.019792648444863337,0.018473138548539113,0.021489161168708765,0.010367577756833177,0.027332704995287466,0.000471253534401508
LLL_Berowne,0.0178671918964547,0.024479459763646596,0.08131682611142375,0.02124366910523354,0.007456387169386606,0.030599324704558246,0.016530669667979742,0.004572312886888014,0.04192459200900394,0.032709622960045016,0.028911086100168824,0.021736072031513787,0.020188519977490153,0.020469893078221724,0.009355655599324705,0.01871131119864941,0.05289814293753517,0.03489026449071469,0.004712999437253798,0.023635340461451885,0.04269836803601576,0.030599324704558246,0.06823297692740574,0.007808103545301069,0.015897580191333707,0.0010551491277433877,0.01814856499718627,0.0488182329769274,0.05008441193021947,0.006682611142374789,0.0685846933033202,0.006963984243106359,0.005064715813168261,0.022017445132245357,0.021947101857062466,0.028840742824985933,0.009425998874507596,0.032568936409679235,0.00035171637591446255
Lr_Edgar,0.021038644668364522,0.02568929243716089,0.07994684973978518,0.018048942531281142,0.009633484663935333,0.03000775107961466,0.020595725833241058,0.0048721071863581,0.049939098660170524,0.03886612778208393,0.028568264865463405,0.022367401173734914,0.015169970102978629,0.023696157679105306,0.009301295537592735,0.025800022145941758,0.05004982836895139,0.02945410253571033,0.0037648100985494407,0.023253238843981842,0.04063780312257779,0.03975196545233086,0.06311593400509356,0.008969106411250139,0.016166537482006423,0.0007751079614660613,0.021260104085926254,0.05171077400066438,0.05016055807773225,0.004650647768796368,0.0672129332299856,0.007197431070756284,0.007418890488318015,0.018381131657623742,0.01672018602591075,0.020595725833241058,0.008747646993688407,0.02624294098106522,0.00022145941756173182
Lr_Gloucester,0.015545361875637105,0.025739041794087664,0.07874617737003058,0.017584097859327217,0.009046890927624873,0.0290519877675841,0.018858307849133536,0.005861365953109072,0.05593781855249745,0.035168195718654434,0.034148827726809376,0.024464831804281346,0.017201834862385322,0.0222986748216106,0.009938837920489297,0.026376146788990827,0.0581039755351682,0.03147298674821611,0.0034403669724770644,0.027650356778797146,0.040392456676860346,0.03809887869520897,0.06817023445463813,0.006880733944954129,0.015035677879714576,0.0012742099898063201,0.014398572884811417,0.04446992864424057,0.04434250764525994,0.006498470948012232,0.06396534148827727,0.004714576962283384,0.006625891946992864,0.02217125382262997,0.017966360856269112,0.020132517838939858,0.010066258919469929,0.02739551478083588,0.0007645259938837921
Lr_Kent,0.017315485693233452,0.027139874739039668,0.07908633181874002,0.02259609480535429,0.00847353555200786,0.02812231364362029,0.01621024192558025,0.006140243153628884,0.045560604199926316,0.032911703303450814,0.027876703917475133,0.026157435834459043,0.018297924597814073,0.018420729460886652,0.011298047402677145,0.02161365590077367,0.052560481395063245,0.027017069875967088,0.00368414589217733,0.024560972614515536,0.041016824266240946,0.037823897826353925,0.06938474763600638,0.009701584182733636,0.018666339187031807,0.0009824389045806213,0.015104998157927053,0.05047279872282942,0.050841213312047155,0.00785951123664497,0.06705145523762741,0.004543779933685374,0.0054034139751934175,0.026280240697531623,0.019894387817757583,0.018297924597814073,0.014859388431781898,0.026157435834459043,0.0006140243153628884
Lr_Lear,0.02107369908170473,0.024958794443136333,0.0744643277607723,0.020249587944431362,0.014304214739816341,0.03125735813515423,0.017482929126442195,0.006063103367082647,0.044972922062632446,0.038968683776783614,0.029197080291970802,0.029903461266776548,0.01842477042618319,0.020190722863197553,0.010183659053449494,0.020543913350600424,0.04603249352484107,0.0335530963032729,0.004238285848834471,0.02690134212385213,0.04191193783847422,0.03526018365905345,0.06598775606310336,0.007240404991758888,0.01648222274546739,0.0014127619496114904,0.017012008476571697,0.04562043795620438,0.047739580880621614,0.007417000235460325,0.06769484341888392,0.006121968448316459,0.005062396986107841,0.022133270543913352,0.017836119613845066,0.0243112785495644,0.011243230515658112,0.025959500824111137,0.0005886508123381211
MM_Duke,0.014982694040111896,0.027547295054762694,0.08325826181783699,0.022142145939026126,0.007728414963728605,0.022805936181309563,0.018586126783936275,0.005547389881940164,0.04404722393437959,0.034090370300128015,0.030107628846427387,0.025081788440567066,0.014508558152766584,0.022047318761557064,0.007349106253852354,0.025792992271585036,0.05718078801384477,0.03176710445213598,0.005073253994594851,0.02408610307714191,0.03712483997913802,0.03233606751695036,0.06581006116352947,0.006543075245365322,0.017543027831776588,0.00047413588734531315,0.017543027831776588,0.04931013228391257,0.04883599639656726,0.007301692665117823,0.06775401830164525,0.006258593712958134,0.0052629083495329765,0.028732634773125976,0.01986629367976862,0.020672324688255653,0.01872836755013987,0.025366269972974254,0.0008060310084870324
MM_Isabella,0.01598729486500794,0.031021704605611433,0.08427739544732663,0.018740074113287455,0.007199576495500265,0.029327686606670195,0.021916357861302277,0.004870301746956062,0.046267866596082584,0.03366860772895712,0.03080995235574378,0.02551614610905241,0.013446267866596083,0.018740074113287455,0.007305452620434092,0.023504499735309686,0.056326098464796186,0.03345685547908946,0.007305452620434092,0.020857596611964003,0.03748014822657491,0.03631551085230281,0.06278454208575966,0.00698782424563261,0.017151932239280042,0.0005293806246691371,0.020010587612493382,0.04690312334568555,0.04764425622022234,0.006246691371095818,0.07316040232927475,0.006881948120698782,0.006881948120698782,0.021916357861302277,0.018528321863419798,0.020751720487030174,0.012175754367390153,0.026680783483324512,0.00042350449973530967
MV_Bassanio,0.016547574276043624,0.022940955246333206,0.08399147549203961,0.017425097154318666,0.0066441017926538795,0.03397267143036229,0.020559107433872383,0.007020183026200326,0.049893443650495174,0.0332205089632694,0.03108938197317287,0.021311269900965275,0.015293970164222138,0.02469600100288329,0.008399147549203961,0.016798295098407922,0.05578538297605616,0.03522627554218378,0.003134010279553717,0.01805189921022941,0.039112448288830384,0.03698132129873386,0.06932430738372822,0.010028832894571894,0.017299736743136517,0.0006268020559107434,0.01504324934185784,0.0471355146044879,0.04512974802557353,0.007646985082111069,0.06418453052526012,0.00852450796038611,0.005515858092014542,0.027203209226526262,0.02068446784505453,0.026325686348251224,0.013538924407672057,0.023191676068697504,0.0005014416447285947
MV_Portia,0.015717926932880204,0.02690455961483999,0.08439535542339281,0.02138204474653073,0.008142169357122628,0.028178986122911358,0.020249221183800622,0.00778816199376947,0.04609175870858114,0.0370291702067403,0.034409515717926935,0.019895213820447465,0.014939110733503257,0.023081280090625884,0.0073633531577456815,0.02159444916454262,0.056357972245822716,0.035046728971962614,0.004248088360237893,0.022302463891248937,0.03794958935145851,0.035471537807986404,0.06775700934579439,0.008000566411781365,0.01281506655338431,0.000778816199376947,0.014301897479467572,0.04750778816199377,0.04297649391107335,0.008637779665817049,0.06421693571226282,0.0075049561030869445,0.005664117813650524,0.025276125743415465,0.01968280940243557,0.023152081563296515,0.014443500424808835,0.028462192013593884,0.0002832058906825262
MV_Shylock,0.022058823529411766,0.02860753676470588,0.0861672794117647,0.018956801470588234,0.008731617647058824,0.03412224264705882,0.021139705882352942,0.0055147058823529415,0.04721966911764706,0.02998621323529412,0.029411764705882353,0.018956801470588234,0.015395220588235295,0.02194393382352941,0.010914522058823529,0.022058823529411766,0.05043658088235294,0.03400735294117647,0.007927389705882353,0.021599264705882353,0.036420036764705885,0.037109375,0.07364430147058823,0.006548713235294118,0.015050551470588236,0.00034466911764705885,0.015625,0.04377297794117647,0.04113051470588235,0.009076286764705883,0.06433823529411764,0.009076286764705883,0.005399816176470588,0.024356617647058824,0.01642922794117647,0.02458639705882353,0.013671875,0.028262867647058824,0.0
Mac_Macbeth,0.015706166350913646,0.026095459267860416,0.08782008189207358,0.016745095642608322,0.011794903135121921,0.02988449550815865,0.022245309539815437,0.006661370164395282,0.0490741306606368,0.039540426572144474,0.029701155044918413,0.021389720711361,0.017539570983316016,0.02090081280938703,0.008372547821304161,0.020534131882906557,0.052435372486707814,0.03141233270182729,0.0032390148505775226,0.023956487196724316,0.04070158283933264,0.033795758723950374,0.06911935464156939,0.008189207358063924,0.014117215669498258,0.0014056102181751512,0.015828393326407137,0.04662959115076697,0.0477296339302084,0.006416916213408299,0.06771374442339424,0.007700299456089959,0.0061724622624213165,0.018884067713744422,0.017722911446556255,0.025117643463912487,0.008494774796797654,0.028967793191957466,0.00024445395098698285
Oth_Desdemona,0.01746031746031746,0.027472527472527472,0.07435897435897436,0.026617826617826617,0.007692307692307693,0.041025641025641026,0.01978021978021978,0.006715506715506716,0.05067155067155067,0.024664224664224663,0.028083028083028084,0.018925518925518924,0.014041514041514042,0.02148962148962149,0.008180708180708181,0.028693528693528692,0.0547008547008547,0.03577533577533577,0.0020757020757020757,0.01855921855921856,0.044322344322344324,0.046153846153846156,0.06703296703296703,0.007326007326007326,0.017948717948717947,0.0004884004884004884,0.013308913308913308,0.04542124542124542,0.04065934065934066,0.007936507936507936,0.06153846153846154,0.0062271062271062275,0.006593406593406593,0.027106227106227107,0.02026862026862027,0.0242979242979243,0.013553113553113554,0.022344322344322345,0.0004884004884004884
Oth_Iago,0.01755539228954797,0.027261126793240786,0.08170604384981246,0.018328757588646997,0.00842968176017942,0.028691852596573992,0.017942074939097483,0.005954912803062527,0.04354046633927536,0.03000657360504234,0.031359962878465646,0.02184756969954758,0.015080623332431074,0.020571516956034184,0.00893236920459379,0.026371756699276903,0.05610765244963459,0.03356405398089788,0.004137504350179807,0.022272920614052047,0.040833687792428755,0.03607749120296972,0.06952554038900274,0.007965662580720003,0.01523529639225088,0.000734697034144078,0.01651134913576428,0.04473918255287885,0.046672595800626424,0.00866169134990913,0.07022156915819187,0.005568230153513012,0.0070762924867561194,0.02521170875062836,0.019140791152700978,0.023471636827655542,0.014500599358106802,0.027686477707745252,0.0005026874444143692
Oth_Othello,0.0209375,0.026458333333333334,0.08510416666666666,0.016666666666666666,0.009739583333333333,0.03333333333333333,0.017291666666666667,0.00609375,0.04859375,0.03463541666666667,0.03046875,0.022552083333333334,0.015260416666666667,0.020416666666666666,0.009895833333333333,0.024270833333333332,0.049114583333333336,0.035625,0.0033333333333333335,0.023333333333333334,0.037395833333333336,0.03598958333333333,0.06755208333333333,0.006666666666666667,0.016875,0.0009375,0.015208333333333334,0.040625,0.04953125,0.00921875,0.07369791666666667,0.005989583333333334,0.0056770833333333335,0.01984375,0.021770833333333333,0.024375,0.009583333333333333,0.025833333333333333,0.00010416666666666667
Per_Pericles,0.017164337896304702,0.025320944747854457,0.07823249875877722,0.0208525427335272,0.010000709270161005,0.03503794595361373,0.02056883466912547,0.005957869352436343,0.04312362578906306,0.03588907014681892,0.03361940563160508,0.02461167458685013,0.015533016525994751,0.020781615717426767,0.008582168948152351,0.020214199588623305,0.04957798425420243,0.03340662458330378,0.00425562096602596,0.02482445563515143,0.03808780764593234,0.04035747216114618,0.06404709553869069,0.007801971771047592,0.011702957656571387,0.0009220512093056245,0.016100432654798214,0.05262784594652103,0.04723739272288815,0.008440314915951486,0.06865735158521881,0.007305482658344563,0.00425562096602596,0.02298035321654018,0.01957585644371941,0.021490885878431093,0.012057592737073552,0.028228952407972196,0.0005674161288034612
R2_HenryIV,0.015399802566633761,0.026554787759131292,0.08835143139190524,0.021618953603158932,0.008292201382033564,0.03247778874629812,0.018756169792694965,0.005429417571569595,0.04955577492596249,0.03060217176702863,0.02744323790720632,0.023593287265547876,0.01579466929911155,0.02211253701875617,0.011154985192497533,0.018460019743336623,0.05113524185587364,0.03129318854886476,0.004837117472852912,0.025074037512339584,0.0456071076011846,0.03830207305034551,0.06969397828232972,0.010760118460019744,0.013129318854886475,0.0024679170779861796,0.015695952615992104,0.05340572556762093,0.0474827245804541,0.009081934846989142,0.060809476801579464,0.00700888450148075,0.004540967423494571,0.019052319842053307,0.020533070088845015,0.019447186574531095,0.009575518262586378,0.025370187561697927,9.871668311944718e-05
R2_RichardII,0.017321504013519222,0.025348542458808618,0.08312209547950992,0.018219264892268695,0.01436417405999155,0.02878115758343895,0.01890578791719476,0.004383185466835657,0.046208280523869875,0.03575200675961132,0.03200253485424588,0.022338403041825095,0.019433882551753275,0.02012040557667934,0.010456273764258554,0.020278833967046894,0.05307351077313054,0.031051964512040557,0.004541613857203211,0.026880016899028306,0.04140261934938741,0.036755386565272496,0.06918039712716519,0.010720321081537811,0.014416983523447401,0.0010561892691170257,0.01557879171947613,0.050644275454161385,0.04631389945078158,0.007076468103084072,0.06405787917194761,0.007287705956907478,0.003485424588086185,0.016951837769328265,0.01964512040557668,0.026404731727925644,0.00654837346852556,0.029678918462188425,0.00021123785382340515
R3_Buckingham,0.017618406052440666,0.0178256814177635,0.08519017514768369,0.028293087366566484,0.007565550834283345,0.023629391646802778,0.015027463985905275,0.0067364493729920195,0.05534252254119598,0.031298580163747536,0.028500362731889314,0.022696652502850037,0.01803295678308633,0.017618406052440666,0.011607420458078558,0.02280029018551145,0.05824437765571562,0.029536739558503472,0.0029018551145196395,0.02300756555083428,0.043631464400456,0.03243859467302311,0.06922997201782569,0.008394652295574671,0.013161985697999793,0.001658202922582651,0.017929319100424914,0.05834801533837703,0.047776971706912634,0.005389159498393616,0.06498082702870764,0.004352782671779459,0.004767333402425122,0.021245724945590218,0.0197947973883304,0.022696652502850037,0.013369261063322624,0.027153072857290912,0.00020727536532283138
R3_RichardIII,0.018224048597462926,0.026192603180275147,0.08207968554582812,0.020939789172771128,0.009004824012864034,0.03201715204573879,0.020403787743433984,0.005896015722708594,0.0504198677863141,0.035233160621761656,0.032624620332320886,0.024656065749508665,0.016365910309094157,0.018617116312310167,0.008790423441129177,0.021046989458638556,0.05156333750223334,0.032839020904055743,0.0038234768626049668,0.025656601750938004,0.04370198320528855,0.03844916919778453,0.06764338038234768,0.00914775772735394,0.011792031445417187,0.0012864034304091478,0.015544041450777202,0.048633196355190283,0.04366624977666607,0.0065392174379131675,0.06621404323744863,0.005074146864391638,0.004824012864034304,0.020368054314811507,0.01965338574236198,0.024084330891549044,0.0101125603001608,0.02665713775236734,0.00021440057173485795
Rom_FriarLawrence,0.014842300556586271,0.022495361781076067,0.08140074211502783,0.017625231910946195,0.011363636363636364,0.03235157699443414,0.01913265306122449,0.008000927643784787,0.04881725417439703,0.0425556586270872,0.03409090909090909,0.021683673469387755,0.016581632653061226,0.01982838589981447,0.008696660482374769,0.01890074211502783,0.05102040816326531,0.03397495361781076,0.003362708719851577,0.02365491651205937,0.04185992578849722,0.037685528756957326,0.07038497217068646,0.007653061224489796,0.019596474953617812,0.0006957328385899814,0.015885899814471242,0.05009276437847866,0.045802411873840446,0.008000927643784787,0.06852968460111317,0.008116883116883116,0.00510204081632653,0.019016697588126158,0.017509276437847866,0.020292207792207792,0.006725417439703154,0.026437847866419294,0.00023191094619666049
Rom_Juliet,0.018453632328895117,0.02803083391730904,0.07513820758389785,0.01744140777077007,0.012536011835240987,0.035817176672117104,0.021178852293077942,0.005450439928365647,0.04664019310130032,0.03830880635365569,0.03052246359884762,0.017129954060577747,0.017129954060577747,0.01993303745230865,0.008564977030288873,0.019465856887020166,0.05146772560928132,0.03636222066495367,0.0031145371019232265,0.020867398582885617,0.04181266059331932,0.04399283656466558,0.06672895740870513,0.007474889044615744,0.021801759713462588,0.0017908588336058553,0.014249007241298762,0.04726310052168496,0.042357704586155884,0.008487113602740792,0.07272444132990734,0.0063848010589426145,0.005995483921202211,0.019465856887020166,0.018064315191154715,0.02561706766331854,0.006618391341586856,0.025383477380674296,0.000233590282644242
Rom_Romeo,0.016265813985819548,0.02683164187404421,0.07347421103850967,0.015987765883497845,0.011886556374252746,0.03531210899485611,0.017308494369525928,0.005699986097594884,0.04580842485750035,0.03927429445294036,0.035103572918114834,0.022660920339218685,0.01529264562769359,0.020853607674127625,0.008549979146392326,0.02029751146948422,0.05623522869456416,0.03718893368552759,0.004726817739468928,0.019949951341582093,0.04420964826915056,0.03850966217155568,0.06687056860836925,0.008549979146392326,0.016543862088141247,0.0015292645627693591,0.015223133602113166,0.04441818434589184,0.047963297650493536,0.007437786737105519,0.07326567496176839,0.007924370916168497,0.00424023356040595,0.018142638676491032,0.020575559571805922,0.02363408869734464,0.004865841790629779,0.02710968997636591,0.00027804810232170165
Shr_Petruchio,0.018728509766625212,0.026044333894213182,0.08076669836857121,0.018874826249176968,0.010168995537347281,0.03197015143755944,0.019606408661935765,0.0045358109591045435,0.04543126783232131,0.033286999780525274,0.028897505303972493,0.024946960275074988,0.021801155900212157,0.020191674592142803,0.008705830711829688,0.020557465798522204,0.04769917331187358,0.03782281073962982,0.0027068549272075497,0.028019606408661937,0.039066500841319775,0.03731070305069866,0.0703782281073963,0.007388982368863852,0.013753749359865388,0.0003657912063793986,0.01353427463603775,0.04287072938766552,0.04557758431487307,0.009364254883312606,0.07337771599970737,0.005047918648035701,0.00519423513058746,0.02406906137976443,0.013900065842417148,0.029848562440558928,0.012363742775623673,0.025239593240178507,0.0005852659302070379
TGV_Proteus,0.013838518801297958,0.02758159954189731,0.07730482916587135,0.02099637335369345,0.008303111280778775,0.03722084367245657,0.016987974804351977,0.00563084558121779,0.043233441496468794,0.031112807787745753,0.03130368390914297,0.026150028631418208,0.014983775529681238,0.02300057262836419,0.007921359037984348,0.022141630082076733,0.05373162817331552,0.033307883183813704,0.005153655277724756,0.019564802443214353,0.048768849016987977,0.0346440160335942,0.06556594769994274,0.008398549341477381,0.012693262072914678,0.000954380606986066,0.015365527772475664,0.04485588852834511,0.047623592288604695,0.0101164344340523,0.06957434624928421,0.004962779156327543,0.004294712731437297,0.02481389578163772,0.02500477190303493,0.025386524145829356,0.012979576255010498,0.0245275815995419,0.0
TGV_Valentine,0.014358974358974359,0.028376068376068375,0.07931623931623932,0.020398860398860397,0.009344729344729345,0.03396011396011396,0.017435897435897435,0.00547008547008547,0.04398860398860399,0.029287749287749288,0.031452991452991456,0.025527065527065528,0.016752136752136753,0.02245014245014245,0.008660968660968662,0.022108262108262108,0.051623931623931626,0.037037037037037035,0.003988603988603989,0.02074074074074074,0.04376068376068376,0.0392022792022792,0.06951566951566951,0.006723646723646724,0.013675213675213675,0.0015954415954415955,0.014472934472934473,0.04296296296296296,0.046267806267806265,0.007293447293447293,0.06541310541310541,0.007521367521367521,0.005925925925925926,0.02245014245014245,0.025527065527065528,0.026552706552706553,0.012421652421652421,0.0260968660968661,0.0003418803418803419
TNK_Arcite,0.018042840636387877,0.026219891565194206,0.08488134388054396,0.01670962581103902,0.009599146742511777,0.0300417740645276,0.018042840636387877,0.0063105501733179276,0.044618256155008446,0.028886321215891922,0.03137498888987646,0.029152964180961694,0.016087458892542886,0.019820460403519688,0.008088169940449738,0.017420673717891744,0.046129232957070485,0.03839658697004711,0.0036441205226202117,0.024620033774775577,0.043196160341303,0.03510799040085326,0.06914940894142743,0.00835481290551951,0.01510976802062039,0.0008888098835659053,0.015376410985690162,0.046040351968713894,0.04835125766598525,0.009510265754155187,0.06363878766331882,0.006399431161674518,0.0047995733712558886,0.024708914763132167,0.019553817438449916,0.0253310816816283,0.016265220869256067,0.0300417740645276,8.888098835659053e-05
TNK_Daughter,0.01716188524590164,0.02535860655737705,0.08081454918032786,0.021004098360655737,0.009989754098360656,0.0315061475409836,0.019339139344262294,0.005507172131147541,0.044825819672131145,0.029456967213114756,0.03624487704918033,0.0195952868852459,0.015496926229508197,0.02023565573770492,0.00665983606557377,0.03125,0.0507172131147541,0.03752561475409836,0.0025614754098360654,0.0234375,0.046234631147540985,0.038550204918032786,0.06698258196721311,0.00934938524590164,0.01524077868852459,0.0012807377049180327,0.015368852459016393,0.0466188524590164,0.043545081967213115,0.006019467213114754,0.06480532786885246,0.004994877049180328,0.008452868852459017,0.021004098360655737,0.019339139344262294,0.025102459016393443,0.009989754098360656,0.028304303278688523,0.00012807377049180329
TNK_Emilia,0.015887960456631753,0.028009885842061905,0.08708956102153702,0.018006355184182653,0.00882664469812875,0.030128280569612805,0.020124749911733554,0.006002118394727551,0.04389784629869366,0.033070495468989054,0.031305166529363306,0.027539131458161704,0.014240320112981052,0.018830175356008002,0.00788513593032835,0.021066258679533954,0.05178298222902201,0.029539837589737553,0.0029422148993762504,0.021890078851359303,0.039190302459691656,0.03801341649994115,0.07261386371660586,0.0080028245263034,0.0167117806284571,0.0018830175356008003,0.013534188537130752,0.04754619277392021,0.05084147346122161,0.009297399082028951,0.06790631987760386,0.005413675414852301,0.006708249970577851,0.018359420972107802,0.018241732376132754,0.026715311286336352,0.010238907849829351,0.030481346357537954,0.00023537719195010004
TNK_Palamon,0.01733427032091825,0.02928086202857812,0.08214257827750449,0.019208245490747247,0.012571250097602873,0.03138908409463575,0.019598656984461622,0.006168501600687124,0.04520965097212462,0.03708909190286562,0.028109627547434995,0.027016475365034747,0.015226048254860623,0.022175372842976496,0.010619192629030999,0.02178496134926212,0.04763020223315374,0.035137034434293744,0.0035137034434293743,0.022721948934176624,0.04224252361989537,0.033575388459436244,0.06988365737487312,0.006793159990630124,0.01608495354103225,0.0008589052861716249,0.012102756305145623,0.04380416959475287,0.04505348637463887,0.008042476770516125,0.06824392910127274,0.005543843210744124,0.006558913094401499,0.02225345514171937,0.020769891465604748,0.02428359490903412,0.009135628952916374,0.030608261107206994,0.00023424689622862497
TN_TobyBelch,0.014955385195425412,0.030036445896694734,0.08872690712580118,0.017845921829835364,0.01231619957270328,0.029408068367475178,0.020108080935025762,0.00490134472791253,0.04272967198692975,0.03506346613045117,0.030916174437602112,0.023501319592811362,0.016212140253864523,0.017091868794771897,0.010431066985044615,0.028025637803192158,0.0559256001005404,0.03707427422395375,0.004021616187005153,0.026266180721377402,0.0410958904109589,0.036320221188890285,0.07238909136609274,0.006535126303883373,0.016463491265552344,0.0006283775292195551,0.014201332160361945,0.04159859243433455,0.045871559633027525,0.006786477315571195,0.0662309915797411,0.006032424280507729,0.004649993716224708,0.01947970340580621,0.019228352394118388,0.02463239914540656,0.009174311926605505,0.022747266557747895,0.00037702651753173305
TN_Viola,0.01625806451612903,0.031096774193548386,0.08503225806451613,0.01832258064516129,0.0070967741935483875,0.03974193548387097,0.017806451612903226,0.0070967741935483875,0.04309677419354839,0.02993548387096774,0.02464516129032258,0.02632258064516129,0.018193548387096775,0.01858064516129032,0.0064516129032258064,0.01896774193548387,0.04838709677419355,0.03535483870967742,0.0025806451612903226,0.019096774193548386,0.039096774193548386,0.0472258064516129,0.06890322580645161,0.006193548387096774,0.01561290322580645,0.0005161290322580645,0.016129032258064516,0.04296774193548387,0.04670967741935484,0.008,0.06593548387096775,0.005548387096774194,0.006193548387096774,0.02593548387096774,0.02335483870967742,0.022451612903225806,0.01690322580645161,0.027870967741935485,0.0003870967741935484
Tim_Timon,0.017936093247588426,0.0258741961414791,0.08088826366559486,0.018488745980707395,0.012108118971061094,0.028436495176848875,0.019393086816720258,0.00512459807073955,0.044513665594855305,0.04164991961414791,0.034616157556270094,0.021452974276527332,0.01673030546623794,0.0215032154340836,0.011605707395498393,0.017936093247588426,0.0458701768488746,0.0317524115755627,0.0028135048231511255,0.02451768488745981,0.04119774919614148,0.039338826366559485,0.0717443729903537,0.006983520900321543,0.014067524115755627,0.0005024115755627009,0.01547427652733119,0.04757837620578778,0.04376004823151126,0.005627009646302251,0.0698854501607717,0.007234726688102894,0.0056772508038585206,0.022206591639871383,0.019443327974276527,0.021804662379421223,0.012660771704180064,0.03125,0.0003516881028938907
Tit_Aaron,0.01716539086058919,0.027835768963117607,0.08536302482022733,0.02145673857573649,0.009278589654372536,0.029343539781953143,0.01867316167942473,0.005335189051264208,0.05254001391788448,0.042333565298074693,0.034562746462537694,0.02110879146369752,0.014613778705636743,0.019832985386221295,0.008582695430294595,0.02134075620505683,0.04871259568545581,0.02702389236836001,0.003247506379030387,0.020992809093017862,0.041289723961957785,0.033402922755741124,0.06599396891672465,0.006031083275342148,0.014845743446996056,0.0012758060774762236,0.015889584783112965,0.05068429598700997,0.04813268383205753,0.007886801206216655,0.06518209232196706,0.005219206680584551,0.005335189051264208,0.02215263279981443,0.019717003015541638,0.026096033402922755,0.011830201809324982,0.029343539781953143,0.0003479471120389701
Tit_Titus,0.018310019333560787,0.025929716820197884,0.08017741385192767,0.018764926646195838,0.010349141362447401,0.030251336290230864,0.018139429091322642,0.003525531672921642,0.0496417604912999,0.04304560445809166,0.03229841919708859,0.024053224155578302,0.014841351074718526,0.016604116911179346,0.008017741385192767,0.023882633913340157,0.04884567269418856,0.035255316729216425,0.003809848743318549,0.02183555100648243,0.03997498009780507,0.04099852155123394,0.0694302285909246,0.005686341407938132,0.014841351074718526,0.001762765836460821,0.015580575457750483,0.053849653133174115,0.044239736153758674,0.0073353804162401915,0.0648811554645741,0.004207892641874218,0.004321619470032981,0.02064141931081542,0.017059024223814397,0.026384624132832935,0.010406004776526782,0.030763107016945297,5.6863414079381326e-05
Tmp_Prospero,0.020166389351081532,0.026023294509151414,0.08299500831946756,0.018236272878535773,0.013377703826955075,0.032279534109816974,0.019168053244592347,0.007720465890183028,0.044658901830282864,0.041797004991680535,0.029151414309484192,0.021430948419301165,0.016306156405990018,0.01956738768718802,0.00805324459234609,0.019234608985024958,0.051846921797004994,0.03114808652246256,0.0032612312811980035,0.02482529118136439,0.03880199667221298,0.039800332778702166,0.06948419301164725,0.007587354409317804,0.014043261231281199,0.0009983361064891847,0.01876871880199667,0.05211314475873544,0.05118136439267887,0.007387687188019966,0.06675540765391015,0.004725457570715475,0.003793677204658902,0.019900166389351083,0.01810316139767055,0.020565723793677205,0.00805324459234609,0.026356073211314477,0.00033277870216306157
Tro_Pandarus,0.020632133450395083,0.026997366110623353,0.07341966637401229,0.01997366110623354,0.008121158911325725,0.024143985952589993,0.02030289727831431,0.005158033362598771,0.040715539947322216,0.027216856892010536,0.03424056189640035,0.022058823529411766,0.019315188762071993,0.016571553994732223,0.009218612818261633,0.0347892888498683,0.046422300263388935,0.040825285338015806,0.001646180860403863,0.026668129938542583,0.03906935908691835,0.033143107989464446,0.06881035996488148,0.006694468832309043,0.015803336259877086,0.0005487269534679544,0.014266900790166813,0.049056189640035115,0.03983757682177348,0.008560140474100088,0.07001755926251098,0.005377524143985952,0.007462686567164179,0.029631255487269536,0.013498683055311676,0.030728709394205442,0.017888498683055313,0.030838454784899036,0.0003292361720807726
Tro_Troilus,0.01743614931237721,0.026931892599869025,0.08259659462999346,0.018745907007203667,0.01006876227897839,0.029223968565815325,0.018009168303863784,0.006057629338572364,0.04535036018336608,0.03397184020956123,0.028814669286182055,0.023984937786509494,0.016863130320890634,0.020301244269810084,0.008840864440078585,0.018254747871643745,0.05157170923379175,0.03642763588736084,0.0036836935166994107,0.023739358218729537,0.04043876882776686,0.03159790438768828,0.06663392272429601,0.0063850687622789785,0.013506876227897839,0.0014734774066797642,0.017599869024230518,0.050180091683038636,0.04747871643745907,0.01031434184675835,0.07031761624099542,0.008677144728225278,0.0035199738048461034,0.022838899803536344,0.020301244269810084,0.026850032743942372,0.008759004584151932,0.03184348395546824,0.00040929927963326783
Tro_Ulysses,0.016325142419862257,0.029079159935379646,0.08715245302270215,0.019471133407023212,0.008672731910551824,0.019641186973896777,0.01581498171924156,0.006121928407448346,0.04336365955275912,0.029929427769747472,0.030354561686931382,0.025167927897287647,0.018535838789218603,0.016580222770172605,0.012243856814896693,0.02703851713289686,0.05688291811920755,0.03128985630473599,0.005696794490264433,0.02763370461695434,0.039962588215287816,0.03060964203724173,0.07252784627157555,0.00756738372587365,0.012839044298954171,0.001445455318425304,0.020746535158574952,0.04744494515772468,0.049400561176770684,0.009097865827735736,0.07099736416971346,0.006972196241816172,0.003911232038091999,0.01547487458549443,0.018535838789218603,0.01938610662358643,0.00790749085962078,0.037751891845931466,0.0004251339171839129
WT_Leontes,0.01836802114304592,0.029137760158572844,0.07684175751569211,0.018632309217046582,0.011496531219028742,0.030459200528576147,0.019953749587049884,0.006607201850016518,0.042814667988107034,0.03521638586058804,0.027618103733069044,0.02411628675256029,0.015196564255037992,0.018301949124545754,0.00905186653452263,0.022993062438057484,0.05662371985464156,0.03607532210109019,0.00356788899900892,0.024182358771060456,0.037264618434093164,0.036339610175090846,0.0681202510736703,0.008589362405021473,0.01592335645853981,0.00178394449950446,0.018301949124545754,0.04426825239511067,0.0502808060786257,0.008391146349520979,0.07069705979517674,0.006408985794516022,0.006144697720515362,0.020482325735051207,0.016385860588040965,0.024909150974562273,0.008853650479022134,0.029402048232573506,0.00019821605550049553
Wiv_Falstaff,0.015005840596639411,0.03315661784526912,0.08545242160122203,0.018689909246113755,0.008895677958486836,0.035492856501033336,0.021295713900620003,0.004582621978614431,0.04106388714170186,0.03055081319076287,0.027136310540030552,0.024081229220954264,0.014736274597897385,0.01967831790816785,0.009524665288884895,0.023182675891814178,0.04879144577230659,0.032617485847785066,0.004133345314044389,0.026776889208374517,0.043579836463294094,0.04322041513163806,0.06586395902596819,0.005301464641926499,0.016533381256177555,0.0009884086620540928,0.014556563932069368,0.04340012579746608,0.045556653787402285,0.008985533291400845,0.06981759367418457,0.005481175307754515,0.009704375954712912,0.02075658190313595,0.02255368856141612,0.025339203881750382,0.010782639949681013,0.02255368856141612,0.00017971066582801688
Wiv_MasterFord,0.01858642053356935,0.032747502844860284,0.07763307624225566,0.014919711720824378,0.007080541155645467,0.03375900872423821,0.02048299405740296,0.005436844101656341,0.038563661651283346,0.027184220508281703,0.03262106460993804,0.026931344038437225,0.019724364647869516,0.022632444051081047,0.008597799974712352,0.02566696168921482,0.05019597926412947,0.03224174990517133,0.007586294095334429,0.02301175875584777,0.04096598811480592,0.04147174105449488,0.06423062334049817,0.006069035276267543,0.014161082311290934,0.0010115058793779238,0.01820710582880263,0.03818434694651663,0.050701732203818434,0.009103552914401314,0.06536856745479833,0.005816158806423062,0.007459855860412189,0.026552029333670502,0.017574914654191427,0.02604627639398154,0.016563408774813503,0.024402579339992413,0.0005057529396889619
Wiv_MistressPage,0.016493275818320222,0.029687896472976403,0.08563816290281655,0.018523217457498097,0.008246637909160111,0.02765795483379853,0.018523217457498097,0.0040598832783557475,0.0430093884800812,0.029434153768079167,0.029687896472976403,0.02715046942400406,0.014970819588936818,0.02017254503933012,0.010022836843440752,0.035270235980715554,0.05404719614311088,0.03666582085765034,0.005074854097944684,0.02486678507992895,0.037427048972342045,0.037427048972342045,0.06838365896980461,0.0053285968028419185,0.013194620654656179,0.0008880994671403197,0.012560263892413093,0.04250190307028673,0.04427810200456737,0.005962953565085004,0.07079421466632835,0.004313625983252981,0.0064704389748794725,0.022836843440751077,0.01750824663790916,0.027277340776452677,0.016493275818320222,0.02715046942400406,0.0
