name,AA0,AA1,AA2,AE0,AE1,AE2,AH0,AH1,AH2,AO0,AO1,AO2,AW0,AW1,AW2,AY0,AY1,AY2,B,CH,D,DH,EH0,EH1,EH2,ER0,ER1,ER2,EY0,EY1,EY2,F,G,HH,IH0,IH1,IH2,IY0,IY1,IY2,JH,K,L,M,N,NG,OW0,OW1,OW2,OY0,OY1,OY2,P,R,S,SH,T,TH,UH0,UH1,UH2,UW0,UW1,UW2,V,W,Y,Z,ZH
1H4_Falstaff,10,325,5,2,596,13,924,436,0,1,303,9,0,214,1,1,541,10,331,69,749,593,2,427,11,240,77,1,2,259,1,371,190,364,242,529,17,142,392,3,50,392,679,557,1160,139,16,213,6,0,16,0,263,733,573,96,1106,114,0,102,5,10,303,1,353,360,133,403,2
1H4_HenryIV,3,136,1,6,198,2,518,260,0,1,151,3,1,101,0,1,176,5,146,70,452,273,12,247,7,151,49,0,0,104,2,151,65,187,141,282,8,107,198,0,34,172,381,254,650,40,6,95,4,0,10,0,138,403,418,65,533,39,0,34,1,3,169,1,178,194,77,266,4
1H4_HenryV,6,254,2,6,405,14,798,383,1,5,268,0,2,198,0,0,390,9,254,61,647,544,15,396,13,208,61,0,1,199,3,297,138,262,211,465,4,143,292,0,61,316,612,442,904,117,22,164,5,0,13,0,215,663,646,93,882,81,0,65,0,2,215,2,263,332,121,299,1
1H4_Hotspur,6,258,3,1,323,8,801,384,5,3,254,3,0,133,1,0,357,8,227,63,696,433,9,398,6,253,83,1,0,225,5,248,118,336,249,493,2,131,299,0,58,366,592,503,987,129,10,180,4,0,9,0,217,608,583,94,905,81,1,77,1,7,237,3,272,329,109,383,3
1H6_Talbot,3,170,2,3,242,2,565,291,2,4,196,3,0,107,0,1,327,5,244,55,537,357,11,300,0,189,44,3,0,177,6,234,91,212,190,325,3,114,208,0,62,226,411,334,697,73,6,100,7,0,11,0,147,574,490,66,685,55,1,35,1,14,166,3,219,222,89,265,2
2H4_Falstaff,23,270,2,4,552,4,1018,446,3,4,304,4,1,130,1,0,444,4,332,78,773,568,8,468,11,294,88,2,0,246,8,307,193,386,267,674,6,156,386,0,70,416,747,689,1065,130,47,211,11,0,18,0,248,709,748,148,1111,114,0,112,2,11,346,1,329,401,199,433,1
2H6_QueenMargaret,1,151,0,3,171,3,492,185,1,1,179,3,0,70,1,0,218,5,168,30,405,291,4,220,5,101,37,0,0,116,0,194,85,186,121,303,1,78,221,1,29,238,315,272,560,78,10,91,3,0,8,0,106,415,343,58,496,32,0,47,1,5,139,3,127,202,60,257,1
2H6_York,3,156,2,7,275,14,564,244,3,1,234,2,0,66,1,0,273,7,177,46,511,332,5,278,13,152,48,0,0,162,1,206,90,243,151,347,3,102,191,2,44,297,475,335,664,96,6,96,3,0,10,0,153,524,450,68,592,59,1,40,0,14,178,3,191,197,73,284,4
3H6_EdwardIV,5,150,4,1,272,7,550,322,0,4,248,4,2,185,0,0,278,6,245,59,583,440,6,346,9,249,40,0,0,197,3,230,100,249,173,379,6,95,296,3,50,294,443,334,794,102,17,119,3,0,11,0,145,584,519,78,692,66,0,36,0,10,192,6,172,401,92,314,1
3H6_HenryVI,2,172,2,1,202,0,485,212,0,1,192,6,0,106,0,0,305,8,165,39,445,349,15,309,6,192,38,1,0,124,3,214,85,187,136,314,1,93,217,1,30,245,367,354,658,81,11,109,1,0,15,0,132,512,395,54,601,59,0,49,0,10,151,3,148,276,65,270,4
3H6_RichardIII,8,146,1,2,250,3,528,267,2,4,222,3,1,114,0,0,301,14,205,53,523,408,5,287,11,201,55,0,0,177,5,230,98,232,155,360,1,99,219,0,31,294,453,311,645,90,6,111,2,0,13,0,124,538,433,75,643,76,0,52,2,10,189,3,169,288,92,270,4
3H6_Warwick,2,168,3,5,260,5,593,317,3,2,261,5,0,149,0,1,286,4,198,51,582,398,6,366,12,223,50,1,2,161,4,292,94,275,195,386,4,114,237,1,52,349,506,367,803,119,12,112,4,0,13,0,172,647,513,68,722,65,1,30,2,9,204,11,176,299,94,336,5
AWW_Helen,7,163,4,4,302,1,591,319,1,3,209,5,2,79,0,4,372,4,205,72,493,316,6,331,9,211,61,0,0,166,3,236,98,270,215,455,1,110,240,0,37,231,434,458,759,98,7,169,3,0,6,1,198,541,542,81,750,76,0,52,0,10,235,1,234,291,155,333,3
AWW_King,4,150,2,1,216,5,463,220,0,2,156,2,1,123,0,1,239,9,137,54,382,337,3,265,9,216,37,0,0,169,3,218,67,220,161,328,0,74,212,1,24,213,320,315,596,67,7,101,2,0,8,0,148,410,439,67,618,48,0,53,0,8,186,1,169,233,94,252,5
AWW_Parolles,3,137,3,7,240,0,560,257,4,1,160,5,1,74,0,2,269,8,163,53,418,279,5,269,14,163,67,0,0,150,4,158,73,194,195,366,6,118,197,2,53,194,389,358,631,75,7,127,1,0,8,1,156,444,428,54,669,46,1,58,1,5,209,0,223,226,103,257,8
AYL_Rosalind,10,327,1,2,530,3,910,491,2,15,311,13,1,146,0,2,503,7,306,100,755,552,9,477,11,330,79,0,2,260,3,357,130,401,304,597,12,150,443,2,54,435,713,667,1198,116,25,211,16,0,7,0,233,807,660,130,1073,97,1,148,1,5,479,2,379,472,338,484,4
Ado_Benedick,9,196,3,4,363,2,615,297,1,5,209,4,0,78,1,0,393,11,235,56,513,354,10,279,7,207,71,3,1,177,3,211,107,286,190,421,3,113,306,1,42,295,466,418,791,92,11,150,19,0,11,1,166,512,470,87,715,68,0,86,0,9,239,0,225,292,166,272,3
Ado_Leonato,3,122,3,2,218,3,355,231,0,0,176,3,0,61,1,0,280,4,164,50,405,267,5,228,4,207,21,0,1,123,1,165,61,211,129,311,3,77,210,1,25,177,304,312,546,64,12,112,16,0,7,0,109,394,332,93,527,58,1,37,0,5,200,0,161,194,115,188,2
Ant_Antony,34,338,2,2,509,5,951,431,0,1,351,3,4,215,0,4,583,18,286,109,848,628,7,537,11,350,98,0,1,291,0,351,168,421,275,650,3,159,513,8,72,488,754,697,1173,120,30,248,8,0,18,0,369,863,901,138,1233,104,0,96,1,5,346,1,321,490,184,549,11
Ant_Cleopatra,12,257,4,3,412,1,782,371,0,1,230,4,0,150,0,0,427,9,267,87,633,504,9,430,17,223,84,0,0,252,3,244,176,333,189,557,2,167,404,5,57,342,608,629,985,127,14,236,3,0,14,0,237,649,671,97,965,72,0,86,1,6,231,0,250,357,97,439,3
Ant_Octavius,11,158,0,6,265,5,562,247,0,2,156,3,1,78,0,3,197,8,172,63,421,285,8,245,5,168,44,0,0,128,6,167,77,210,166,331,1,97,255,12,45,223,362,314,618,70,7,133,3,0,11,0,175,434,437,90,666,47,0,45,0,6,203,4,191,217,110,259,4
Cor_Coriolanus,13,350,2,3,568,1,1068,528,1,1,341,7,2,173,2,1,596,13,375,120,834,814,12,602,15,328,132,0,1,375,7,352,186,391,300,597,9,166,436,1,67,416,749,815,1318,126,27,291,3,0,39,0,326,988,923,147,1358,98,3,101,0,18,480,3,427,521,270,629,3
Cor_Menenius,9,217,4,3,374,1,732,384,0,0,250,3,1,94,1,1,264,12,271,61,542,426,8,384,13,208,93,2,0,211,6,240,117,331,233,448,6,139,331,1,40,336,513,459,857,102,14,186,5,0,8,0,263,659,592,78,893,74,4,89,0,6,377,1,259,342,261,392,3
Cym_Belarius,1,163,4,2,201,3,382,223,0,2,142,3,0,84,0,0,181,5,158,41,318,288,2,213,2,135,48,0,0,132,3,155,51,194,142,255,0,65,195,0,26,160,267,269,549,84,6,123,1,0,20,0,119,387,382,42,504,52,0,40,1,5,146,2,155,168,84,267,5
Cym_Iachimo,6,170,6,3,282,4,627,272,2,0,203,2,1,71,0,1,289,9,218,104,473,328,15,249,7,217,52,0,0,159,3,207,84,228,176,385,3,127,206,2,48,239,347,355,687,99,3,129,3,0,11,0,172,516,497,78,714,48,0,56,3,6,185,0,200,245,133,268,4
Cym_Imogen,3,237,1,3,411,2,630,329,0,2,262,0,1,119,0,0,448,10,286,70,601,422,6,354,8,220,96,0,1,207,3,287,118,324,215,475,4,115,368,1,32,319,499,545,832,111,14,187,7,0,10,0,206,631,611,79,917,93,0,94,1,7,283,2,236,296,140,383,2
Cym_Posthumus,3,180,2,2,285,1,568,236,1,1,222,3,0,68,0,0,309,8,206,53,487,375,6,300,2,213,66,1,1,192,2,223,108,191,187,385,2,77,228,1,42,237,393,393,758,90,7,183,0,0,10,0,164,530,462,68,733,71,0,58,0,6,234,2,191,235,135,303,4
H5_Fluellen,2,112,3,3,227,9,581,152,1,1,165,0,0,39,0,0,169,8,93,26,324,196,2,175,10,93,33,0,2,114,3,109,111,129,118,369,2,86,142,0,50,218,317,242,563,36,7,70,2,0,2,0,138,325,267,56,463,33,0,61,1,3,202,5,132,147,188,349,3
H5_HenryV,4,486,4,15,668,11,1501,764,5,5,502,22,7,326,3,3,579,10,492,143,1198,1041,25,817,18,520,119,0,3,448,5,606,291,467,491,993,6,238,569,2,148,700,1099,859,1912,248,32,339,19,0,25,3,414,1330,1156,228,1618,144,2,124,3,11,453,1,526,679,251,722,7
H8_HenryVIII,3,196,5,5,272,0,616,302,2,2,193,2,0,95,0,0,295,9,188,72,527,319,13,320,13,214,52,0,0,170,6,187,109,246,171,379,3,106,232,2,37,278,398,418,737,79,10,109,3,0,12,0,186,543,494,92,725,49,2,61,0,3,288,0,215,260,184,273,7
H8_Katherine,0,180,2,3,221,3,550,216,0,1,216,4,0,63,0,0,276,5,166,62,412,218,5,259,5,131,54,0,0,148,1,179,96,202,170,323,3,86,213,0,45,210,399,415,640,90,10,131,3,0,8,0,184,477,429,73,549,53,1,66,0,11,211,1,186,204,172,239,7
H8_Wolsey,2,153,0,2,273,5,671,258,0,0,217,4,0,81,0,1,281,5,174,61,438,300,2,300,9,178,63,0,0,172,3,209,104,224,145,349,4,116,214,2,38,242,418,412,734,94,8,143,2,0,20,0,179,529,471,77,633,40,0,80,2,7,214,2,221,235,134,297,3
Ham_Claudius,5,205,7,7,352,4,718,395,6,4,244,6,6,136,0,2,233,10,231,70,609,442,10,355,6,245,79,1,0,183,6,290,135,324,247,536,6,90,305,0,66,312,496,437,876,121,13,175,2,0,15,1,206,616,630,99,936,106,0,62,0,19,281,1,242,309,173,348,4
Ham_Hamlet,19,628,22,11,983,22,2131,1054,4,7,616,10,4,297,1,2,884,19,647,198,1533,1275,14,1026,25,599,216,2,2,611,9,706,343,745,599,1366,21,316,771,2,126,945,1421,1384,2402,281,68,517,10,0,38,0,583,1532,1675,299,2437,205,1,199,2,17,766,5,709,855,438,1078,9
Ham_Polonius,1,139,1,4,215,2,470,219,1,0,171,2,2,48,0,0,254,4,161,40,399,274,3,232,7,138,28,0,0,113,7,154,73,196,154,308,1,82,224,0,30,196,364,345,521,62,10,111,0,0,3,0,97,381,384,48,586,42,0,40,1,1,227,0,168,177,136,225,3
JC_Antony,8,153,1,7,200,0,446,207,0,4,127,2,1,69,0,1,174,5,164,34,391,272,5,239,1,165,34,0,0,107,4,135,50,171,111,298,3,76,235,0,29,163,318,282,557,49,4,135,2,0,8,0,122,381,424,65,538,37,3,44,0,4,213,1,166,182,114,313,4
JC_Brutus,7,344,2,4,464,2,884,454,1,1,275,6,1,168,0,1,455,11,314,85,766,558,17,528,17,334,62,0,0,208,3,327,142,357,221,587,6,174,457,0,53,374,662,593,1145,106,23,242,11,0,17,1,278,768,804,140,1088,84,0,102,0,7,363,2,309,392,185,496,1
JC_Cassius,5,212,0,2,312,1,623,306,4,3,187,2,3,99,2,1,287,12,260,49,557,385,12,358,7,247,60,1,0,160,3,237,96,224,172,450,1,98,288,0,40,223,423,409,789,76,10,186,8,0,7,1,173,565,590,80,792,65,4,63,1,4,279,2,223,296,158,362,3
Jn_Bastard,3,237,4,3,380,2,758,348,2,0,245,4,2,154,1,0,354,5,277,58,665,447,5,363,3,231,92,1,0,205,0,276,119,290,199,428,6,128,275,0,54,303,550,441,894,111,6,151,2,0,17,0,217,611,613,91,830,96,0,61,0,9,244,0,241,260,126,367,5
Jn_KingJohn,2,163,3,6,258,3,621,315,3,1,205,4,1,156,0,0,278,5,221,43,559,411,7,298,9,190,45,0,0,165,0,241,89,228,177,383,6,100,250,0,38,251,413,370,749,91,7,123,5,0,13,0,193,530,471,73,672,84,0,42,0,2,205,3,196,228,110,290,5
LLL_Berowne,8,239,7,3,335,10,766,388,2,7,274,21,3,103,0,1,429,5,235,65,596,465,12,394,5,227,82,0,1,281,5,291,133,266,260,489,3,151,342,3,67,336,607,435,970,111,15,210,1,0,15,0,258,694,712,95,975,99,2,69,1,2,309,2,312,410,134,463,5
Lr_Edgar,3,184,3,0,229,3,501,221,0,0,159,4,0,86,1,0,263,8,186,44,451,351,5,248,5,130,71,1,1,133,3,214,84,233,161,287,4,57,209,0,34,210,367,359,570,81,17,124,5,0,7,0,192,467,453,42,607,65,1,66,0,5,158,3,151,186,79,237,2
Lr_Gloucester,3,119,0,2,196,4,419,198,1,3,133,2,0,71,0,0,226,2,148,46,439,276,5,259,4,153,39,0,1,131,3,175,78,207,132,322,2,64,183,0,27,217,317,299,535,54,12,105,1,0,10,0,113,349,348,51,502,37,0,51,1,3,169,2,141,158,79,215,6
Lr_Kent,4,133,4,2,217,2,445,198,1,4,177,3,0,69,0,0,225,4,132,50,371,268,7,211,9,152,61,0,0,149,0,150,92,176,125,300,3,67,153,0,30,200,334,308,565,79,15,133,4,0,8,0,123,411,414,64,546,37,0,44,0,4,209,1,162,149,121,213,5
Lr_Lear,2,353,3,1,420,3,852,411,2,6,333,5,2,241,0,2,518,11,297,103,764,662,5,480,11,388,120,0,0,311,2,343,173,349,244,535,3,139,428,3,72,457,712,599,1121,123,22,256,2,0,24,0,289,775,811,126,1150,104,1,81,4,6,366,4,303,413,191,441,10
MM_Duke,2,310,4,15,556,10,1244,508,4,7,448,12,2,161,0,1,466,14,392,117,929,719,11,598,26,396,132,1,2,301,3,465,155,544,405,794,7,215,454,1,107,508,783,682,1388,138,28,288,54,0,10,0,370,1040,1030,154,1429,132,0,108,3,17,579,10,419,436,395,535,17
MM_Isabella,2,148,1,8,283,2,523,271,2,1,173,3,2,66,0,0,272,5,207,46,437,318,5,276,10,191,50,0,0,125,2,177,69,222,153,375,4,91,225,0,69,197,354,343,593,66,4,132,26,0,5,0,189,443,450,59,691,65,2,63,0,5,201,1,175,196,115,252,4
MV_Bassanio,0,125,7,11,171,1,457,213,0,1,137,1,0,53,0,0,265,6,164,56,398,265,10,235,3,117,53,0,0,121,1,197,67,134,145,298,2,89,190,2,25,144,312,295,553,80,16,118,4,0,5,0,120,376,360,61,512,68,0,43,1,10,205,2,165,210,108,185,4
MV_Portia,4,210,8,10,368,2,802,387,3,2,285,15,0,115,0,1,379,18,286,110,651,523,10,466,10,192,89,0,1,207,3,326,104,305,253,537,6,145,349,1,60,315,536,501,957,113,16,160,5,0,10,1,202,671,607,122,907,106,0,80,0,12,340,5,278,327,204,402,4
MV_Shylock,5,183,4,7,239,3,520,227,3,1,160,4,0,76,0,0,292,5,184,48,411,261,3,250,3,128,37,0,0,131,3,191,95,192,133,305,1,70,226,0,69,188,317,323,641,57,12,114,5,1,2,0,136,381,358,79,560,79,0,47,0,2,209,1,143,214,119,246,0
Mac_Macbeth,6,250,1,4,419,4,975,459,3,3,268,3,5,186,2,2,478,9,364,109,803,647,5,474,7,262,88,0,4,278,5,342,137,336,244,612,2,106,405,3,53,392,666,553,1131,134,10,208,13,0,22,1,259,763,781,105,1108,126,2,98,1,8,300,1,290,411,139,474,4
Oth_Desdemona,4,136,3,1,221,3,396,212,1,3,212,3,0,61,2,0,332,4,162,55,415,202,2,221,7,124,30,1,0,114,1,176,67,235,130,313,5,76,215,2,17,152,363,378,549,60,11,117,19,0,4,0,109,372,333,65,504,51,0,54,0,2,220,0,166,199,111,183,4
Oth_Iago,15,432,7,9,687,9,1453,660,0,4,459,11,2,215,1,1,723,18,464,154,1126,776,24,762,25,430,135,0,1,380,9,532,231,682,447,998,6,243,623,2,107,576,1056,933,1798,206,30,356,8,0,19,0,427,1157,1207,224,1816,144,0,182,1,26,623,3,495,607,375,716,13
Oth_Othello,7,392,3,7,496,5,1108,525,1,3,306,11,2,184,1,1,622,17,332,117,933,665,12,556,17,321,112,0,4,283,6,392,190,466,286,653,4,182,502,0,64,448,718,691,1297,128,53,266,5,0,18,0,292,780,951,177,1415,115,0,109,0,9,371,1,418,468,184,496,2
Per_Pericles,4,232,6,8,348,1,743,360,0,2,290,2,2,139,0,2,481,11,290,84,608,506,11,455,8,274,73,0,0,217,2,293,121,285,217,480,2,108,362,1,60,350,537,569,903,110,10,154,1,0,13,0,227,742,666,119,968,103,0,60,0,13,309,2,276,303,170,398,8
R2_HenryIV,1,154,1,4,257,8,596,299,0,0,213,6,0,84,0,1,319,9,190,55,502,310,5,260,13,185,54,0,9,148,3,224,113,187,182,333,3,94,223,0,49,254,462,388,706,109,7,122,4,0,25,0,159,541,481,92,616,71,2,43,1,3,190,0,208,197,97,257,1
R2_RichardII,10,317,1,3,472,5,1019,555,0,3,333,9,6,266,0,1,523,21,358,83,875,677,15,580,11,330,93,0,9,353,6,381,198,384,323,677,5,150,438,0,86,509,784,696,1310,203,14,253,6,0,20,0,295,959,877,134,1213,138,2,64,0,7,305,9,372,500,124,562,4
R3_Buckingham,2,167,1,1,164,7,559,263,0,1,266,6,0,73,0,2,223,3,145,65,534,302,11,253,11,171,48,0,0,170,4,170,112,220,210,347,5,90,194,1,28,222,421,313,668,81,6,114,7,0,16,0,173,563,461,52,627,42,0,46,0,15,186,4,191,219,129,262,2
R3_RichardIII,22,481,7,11,701,21,1504,792,1,5,574,7,0,252,0,6,849,41,571,165,1411,986,23,858,32,544,146,0,3,450,5,521,246,589,478,956,9,295,624,0,107,718,1223,1076,1893,256,24,295,11,0,34,2,435,1361,1222,183,1853,142,0,134,1,26,543,1,550,674,283,746,6
Rom_FriarLawrence,0,127,1,0,194,0,455,246,1,2,148,2,0,98,0,1,266,12,165,69,421,367,1,282,11,142,45,0,0,138,5,171,75,163,156,281,3,112,181,0,29,204,361,325,607,66,6,141,22,0,6,0,137,432,395,69,591,70,1,42,1,16,146,2,151,175,58,228,2
Rom_Juliet,4,231,2,1,355,4,601,363,1,0,216,8,0,161,0,1,447,12,272,70,599,492,5,374,13,142,78,0,4,214,2,256,110,250,184,475,2,132,335,0,40,268,537,565,857,96,12,221,47,0,23,0,183,607,544,109,934,82,0,77,0,4,240,6,232,329,85,326,3
Rom_Romeo,9,223,2,4,377,5,673,383,1,2,222,6,1,168,2,3,490,15,249,82,659,565,7,464,34,237,89,0,4,209,7,300,123,292,265,535,9,167,367,1,68,287,636,554,962,123,17,212,9,0,20,2,219,639,690,107,1054,114,1,57,3,3,258,0,296,340,70,390,4
Shr_Petruchio,4,250,2,5,347,4,741,357,6,0,244,14,2,137,0,1,425,11,268,62,621,455,10,382,3,260,80,1,1,292,5,276,119,281,168,483,1,126,391,0,37,383,534,510,962,101,15,168,5,0,5,0,185,586,623,128,1003,69,1,68,2,25,304,0,190,408,169,345,8
TGV_Proteus,9,134,2,3,284,2,516,292,2,4,209,7,0,87,0,0,352,38,178,59,453,326,8,313,7,207,66,1,0,156,1,241,83,232,178,383,2,93,255,1,54,205,511,363,687,88,12,118,3,0,10,0,161,470,499,106,729,52,0,43,2,7,253,0,262,266,136,257,0
TGV_Valentine,4,122,0,3,245,1,448,247,1,5,172,2,0,82,0,0,283,15,153,48,386,257,9,259,8,167,57,0,1,143,3,197,76,194,149,302,2,102,223,0,35,182,384,344,610,59,11,108,1,0,14,0,127,377,406,64,574,66,0,52,0,3,194,0,224,233,109,229,3
TNK_Arcite,5,196,2,2,286,7,613,342,0,2,184,2,2,106,0,0,332,6,203,71,502,325,10,330,13,244,84,0,2,177,2,223,91,196,175,339,5,113,318,1,41,277,486,395,778,94,10,158,2,0,9,1,173,518,544,107,716,72,0,54,0,7,270,1,220,285,183,338,1
TNK_Daughter,3,131,0,2,195,1,416,214,1,1,162,1,0,78,0,0,242,4,151,43,350,230,5,272,6,123,30,0,1,119,1,158,52,244,103,293,0,77,215,1,20,183,361,301,523,73,9,103,7,0,10,0,120,364,340,47,506,39,0,66,0,2,162,0,151,196,78,221,1
TNK_Emilia,5,128,2,3,235,0,491,248,1,0,152,1,0,75,0,1,254,1,171,51,373,281,6,255,5,182,52,0,0,120,1,160,67,179,138,298,4,85,165,1,25,186,333,323,617,68,9,132,1,0,16,0,115,404,432,79,577,46,0,57,0,5,150,1,155,227,87,259,2
TNK_Palamon,4,218,0,4,367,4,687,365,0,0,243,3,1,159,1,0,396,6,251,79,579,475,6,348,6,280,66,0,0,195,0,284,136,279,191,419,0,122,328,0,45,291,541,430,895,87,15,185,6,0,11,0,155,561,577,103,874,71,0,81,3,9,275,1,266,311,117,392,3
TN_TobyBelch,4,110,5,1,236,2,490,215,1,2,133,7,0,98,0,0,226,8,160,39,340,279,2,241,3,131,56,0,0,125,4,136,83,223,115,326,4,83,212,0,32,209,327,289,576,52,5,126,0,0,5,0,113,331,365,54,527,48,0,36,1,13,142,0,153,196,73,181,3
TN_Viola,2,123,1,1,238,2,422,233,4,1,139,2,0,55,0,2,304,2,138,55,334,232,4,183,4,135,69,0,0,139,2,144,50,147,115,259,1,89,185,0,20,148,303,366,534,48,16,103,2,0,4,0,125,333,362,62,511,43,0,48,0,3,196,2,181,174,131,216,3
Tim_Timon,11,346,0,4,505,6,1115,494,1,5,357,6,0,241,0,2,555,9,386,102,886,829,12,659,18,303,124,0,3,325,5,428,231,357,312,596,5,150,481,1,56,488,820,783,1428,139,19,252,9,0,10,0,308,947,871,112,1391,144,4,107,2,8,434,0,387,434,252,622,7
Tit_Aaron,3,143,2,2,236,2,505,231,0,1,180,4,0,79,1,0,245,8,161,46,453,365,13,281,4,141,41,0,2,123,1,171,74,184,124,295,1,67,166,0,28,181,356,288,569,52,6,118,4,0,11,0,137,437,415,68,562,45,1,44,1,3,187,1,170,225,102,253,3
Tit_Titus,4,316,2,1,453,2,952,455,3,4,319,7,1,180,1,1,520,11,319,62,873,757,12,547,9,322,101,0,0,259,2,292,141,420,252,605,2,141,478,1,67,384,703,721,1221,100,24,230,7,0,31,0,274,947,778,129,1141,74,0,76,0,12,347,4,300,464,183,541,1
Tmp_Prospero,8,293,2,7,377,7,891,353,3,4,266,4,1,200,0,0,472,13,288,116,671,628,13,416,9,228,94,0,3,240,2,294,121,289,261,516,2,138,328,2,49,373,583,598,1044,114,21,186,4,0,15,0,282,783,769,111,1003,71,0,56,1,14,280,5,272,309,121,396,5
Tro_Pandarus,4,182,2,1,243,2,411,257,1,1,180,1,0,74,0,0,219,1,185,47,371,248,1,307,4,164,37,0,2,171,3,151,84,317,128,292,3,64,308,0,15,243,356,302,627,61,9,134,1,0,5,0,130,447,363,78,638,49,0,66,2,2,267,1,123,280,163,281,3
Tro_Troilus,7,205,1,4,317,8,696,310,3,5,223,1,3,119,1,1,353,3,220,74,554,415,6,334,12,220,73,0,2,202,2,248,108,223,216,412,2,119,326,0,45,290,494,386,814,78,8,154,3,0,17,1,215,613,580,126,859,106,0,41,2,7,269,3,248,328,107,389,5
Tro_Ulysses,4,178,10,3,313,26,728,297,0,10,215,4,2,99,1,4,222,5,186,72,510,352,14,332,11,231,64,1,1,213,4,195,144,318,222,443,4,125,242,1,67,325,470,360,853,89,10,136,5,0,17,0,244,558,581,107,835,82,0,46,0,7,172,3,218,228,93,444,5
WT_Leontes,5,269,4,7,430,4,784,377,2,3,265,14,1,173,0,0,444,17,302,100,648,533,16,398,4,302,63,0,0,228,2,277,137,348,260,592,5,149,396,1,54,366,564,550,1031,130,28,211,2,0,27,0,277,670,761,127,1070,97,1,91,1,12,296,2,248,377,134,445,3
Wiv_Falstaff,8,156,3,5,359,5,656,294,1,1,204,3,1,98,0,0,387,8,237,51,457,340,11,286,5,222,46,0,0,159,5,219,106,258,192,345,6,76,286,1,46,298,485,481,733,59,20,159,5,0,11,0,162,483,507,100,777,61,1,107,0,3,226,2,251,282,120,251,2
Wiv_MasterFord,6,137,4,2,246,11,423,187,4,3,115,0,0,56,0,0,259,8,162,43,305,215,6,245,7,150,62,1,1,152,3,179,68,203,118,276,3,80,175,0,60,182,324,328,508,48,9,101,2,0,8,0,144,302,401,72,517,46,1,57,1,2,208,0,139,206,131,193,4
Wiv_MistressPage,3,124,3,1,227,6,436,239,0,1,145,0,2,63,0,0,210,8,146,32,339,232,2,225,7,172,42,0,0,116,2,159,79,278,117,309,0,73,215,1,40,196,295,295,539,42,4,97,3,0,7,0,99,335,349,47,558,34,0,51,0,2,177,1,138,215,130,214,0
