name,AA0,AA1,AA2,AE0,AE1,AE2,AH0,AH1,AH2,AO0,AO1,AO2,AW0,AW1,AW2,AY0,AY1,AY2,EH0,EH1,EH2,ER0,ER1,ER2,EY0,EY1,EY2,IH0,IH1,IH2,IY0,IY1,IY2,OW0,OW1,OW2,OY0,OY1,OY2,UH0,UH1,UH2,UW0,UW1,UW2
1H4_Falstaff,10,325,5,2,596,13,924,436,0,1,303,9,0,214,1,1,541,10,2,427,11,240,77,1,2,259,1,242,529,17,142,392,3,16,213,6,0,16,0,0,102,5,10,303,1
1H4_HenryV,6,254,2,6,405,14,798,383,1,5,268,0,2,198,0,0,390,9,15,396,13,208,61,0,1,199,3,211,465,4,143,292,0,22,164,5,0,13,0,0,65,0,2,215,2
1H4_Hotspur,6,258,3,1,323,8,801,384,5,3,254,3,0,133,1,0,357,8,9,398,6,253,83,1,0,225,5,249,493,2,131,299,0,10,180,4,0,9,0,1,77,1,7,237,3
1H6_Charles,0,53,2,3,86,0,168,99,0,2,64,1,0,58,0,0,83,4,4,94,1,66,17,1,1,52,0,64,101,1,30,85,1,1,39,0,1,4,0,1,12,0,3,35,0
1H6_HenryVI,1,58,0,4,98,2,293,141,1,2,115,9,3,32,0,1,98,4,5,148,10,97,22,0,1,56,4,79,139,1,49,84,0,2,50,0,0,9,0,1,20,0,6,92,1
2H4_ChiefJustice,2,78,0,2,89,3,230,90,0,0,98,1,0,26,0,0,71,2,3,96,7,54,28,1,0,48,0,57,120,3,41,75,0,5,37,1,0,5,1,0,20,0,0,103,0
2H4_Falstaff,23,270,2,4,552,4,1018,446,3,4,304,4,1,130,1,0,444,4,8,468,11,294,88,2,0,246,8,267,674,6,156,386,0,47,211,11,0,18,0,0,112,2,11,346,1
2H4_HenryV,4,149,0,2,192,8,437,200,0,1,149,5,1,81,0,0,225,2,3,213,5,117,36,2,2,101,3,123,292,4,76,195,0,12,104,3,0,14,0,1,34,3,4,172,0
AWW_Bertram,2,116,1,5,164,2,331,157,0,0,145,4,0,34,0,0,232,4,3,152,5,142,31,0,0,97,0,117,231,5,59,145,0,5,94,3,0,4,2,0,22,0,4,147,1
AWW_Fool,2,72,3,0,166,2,287,141,0,2,108,0,0,16,0,0,130,2,1,153,0,65,54,0,0,77,3,77,181,1,56,106,0,7,67,0,0,2,0,0,48,0,2,91,1
AWW_Helen,7,163,4,4,302,1,591,319,1,3,209,5,2,79,0,4,372,4,6,331,9,211,61,0,0,166,3,215,455,1,110,240,0,7,169,3,0,6,1,0,52,0,10,235,1
AYL_DukeFrederick,2,35,0,0,36,0,85,43,0,0,27,1,0,29,0,0,41,0,0,40,0,36,12,0,0,25,1,27,79,1,10,47,0,0,11,0,0,0,0,0,6,0,1,37,0
AYL_Rosalind,10,327,1,2,530,3,910,491,2,15,311,13,1,146,0,2,503,7,9,477,11,330,79,0,2,260,3,304,597,12,150,443,2,25,211,16,0,7,0,1,148,1,5,479,2
Ado_Beatrice,3,119,3,0,229,2,395,193,1,0,137,6,0,45,0,0,207,1,2,213,7,104,27,0,1,107,4,144,301,3,68,170,3,11,87,6,0,3,0,0,58,2,1,158,0
Ado_Dogberry,2,107,2,0,156,1,279,84,0,3,101,1,1,36,0,0,93,4,1,146,4,77,44,0,0,99,0,83,173,2,48,95,0,10,61,2,0,3,0,1,30,0,2,118,1
Ado_DonJohn,2,46,0,1,77,1,127,76,1,0,43,2,0,18,0,0,83,4,2,88,1,61,17,0,0,41,0,63,118,1,35,60,0,9,35,6,0,1,0,0,14,0,3,78,0
Ant_Antony,34,338,2,2,509,5,951,431,0,1,351,3,4,215,0,4,583,18,7,537,11,350,98,0,1,291,0,275,650,3,159,513,8,30,248,8,0,18,0,0,96,1,5,346,1
Ant_Octavius,11,158,0,6,265,5,562,247,0,2,156,3,1,78,0,3,197,8,8,245,5,168,44,0,0,128,6,166,331,1,97,255,12,7,133,3,0,11,0,0,45,0,6,203,4
Cor_Coriolanus,13,350,2,3,568,1,1068,528,1,1,341,7,2,173,2,1,596,13,12,602,15,328,132,0,1,375,7,300,597,9,166,436,1,27,291,3,0,39,0,3,101,0,18,480,3
Cor_TRIBUNES.Brutus,4,92,1,2,134,1,273,118,2,1,103,0,0,37,0,0,55,0,2,167,8,97,33,0,0,71,3,99,177,0,44,144,0,3,80,1,0,8,0,1,25,0,4,125,0
Cym_Cloten,3,120,3,3,169,3,330,156,3,1,102,2,1,46,0,1,179,5,6,172,1,128,46,0,0,84,4,94,279,3,53,139,1,9,84,2,0,6,0,0,32,1,5,123,2
Cym_Iachimo,6,170,6,3,282,4,627,272,2,0,203,2,1,71,0,1,289,9,15,249,7,217,52,0,0,159,3,176,385,3,127,206,2,3,129,3,0,11,0,0,56,3,6,185,0
Cym_Imogen,3,237,1,3,411,2,630,329,0,2,262,0,1,119,0,0,448,10,6,354,8,220,96,0,1,207,3,215,475,4,115,368,1,14,187,7,0,10,0,0,94,1,7,283,2
Err_AntipholusOfEphesus,1,82,0,0,122,3,265,114,0,2,107,1,0,67,0,0,189,1,2,134,5,93,23,0,0,103,1,99,196,6,33,156,0,4,71,3,0,0,0,0,23,0,1,108,0
Err_AntipholusOfSyracuse,2,110,2,5,139,2,277,156,5,2,128,7,0,86,0,0,225,7,3,191,5,111,39,0,0,94,1,102,226,1,55,199,1,3,87,1,0,3,0,0,24,2,3,129,1
Err_DromioOfEphesus,0,65,1,1,134,0,179,78,3,0,74,1,1,34,0,0,149,2,0,89,0,73,41,0,0,72,0,64,146,0,17,101,0,1,91,0,0,0,0,0,20,0,1,96,0
Err_DromioOfSyracuse,0,92,2,1,221,0,298,155,0,1,117,5,0,33,0,0,172,4,1,188,4,119,62,0,0,122,3,97,189,0,42,158,0,7,77,1,0,4,1,1,32,0,0,126,0
H5_Dauphin,2,57,1,1,56,0,194,67,1,0,69,1,1,18,0,0,69,2,2,89,3,59,14,0,1,42,1,47,120,1,28,45,0,2,45,2,0,1,0,0,9,1,0,42,0
H5_HenryV,4,486,4,15,668,11,1501,764,5,5,502,22,7,326,3,3,579,10,25,817,18,520,119,0,3,448,5,491,993,6,238,569,2,32,339,19,0,25,3,2,124,3,11,453,1
H8_HenryVIII,3,196,5,5,272,0,616,302,2,2,193,2,0,95,0,0,295,9,13,320,13,214,52,0,0,170,6,171,379,3,106,232,2,10,109,3,0,12,0,2,61,0,3,288,0
H8_Wolsey,2,153,0,2,273,5,671,258,0,0,217,4,0,81,0,1,281,5,2,300,9,178,63,0,0,172,3,145,349,4,116,214,2,8,143,2,0,20,0,0,80,2,7,214,2
Ham_Claudius,5,205,7,7,352,4,718,395,6,4,244,6,6,136,0,2,233,10,10,355,6,245,79,1,0,183,6,247,536,6,90,305,0,13,175,2,0,15,1,0,62,0,19,281,1
Ham_Gravedigger,2,37,1,1,74,1,101,42,1,0,40,1,0,24,1,0,33,2,1,69,0,32,14,0,0,43,2,30,105,0,17,67,0,4,23,0,0,2,0,0,8,0,1,42,0
Ham_Hamlet,19,628,22,11,983,22,2131,1054,4,7,616,10,4,297,1,2,884,19,14,1026,25,599,216,2,2,611,9,599,1366,21,316,771,2,68,517,10,0,38,0,1,199,2,17,766,5
JC_Antony,8,153,1,7,200,0,446,207,0,4,127,2,1,69,0,1,174,5,5,239,1,165,34,0,0,107,4,111,298,3,76,235,0,4,135,2,0,8,0,3,44,0,4,213,1
JC_Brutus,7,344,2,4,464,2,884,454,1,1,275,6,1,168,0,1,455,11,17,528,17,334,62,0,0,208,3,221,587,6,174,457,0,23,242,11,0,17,1,0,102,0,7,363,2
JC_PLEBEIANS,0,1,0,0,9,0,22,7,0,0,0,0,0,2,0,0,5,2,0,8,0,4,1,0,0,3,0,0,13,0,5,17,0,0,8,0,0,0,0,0,0,0,0,6,0
Jn_KingJohn,2,163,3,6,258,3,621,315,3,1,205,4,1,156,0,0,278,5,7,298,9,190,45,0,0,165,0,177,383,6,100,250,0,7,123,5,0,13,0,0,42,0,2,205,3
Jn_KingPhilip,2,72,1,3,120,0,276,157,0,1,87,0,1,64,1,0,72,1,3,139,3,98,23,0,2,87,2,86,182,3,54,103,0,4,63,0,0,11,0,0,18,1,5,89,2
LLL_Costard,4,81,0,0,142,2,248,105,0,1,76,3,0,31,0,0,125,0,1,102,3,84,68,0,0,85,0,71,178,0,47,97,0,8,85,4,0,4,0,0,21,1,0,89,9
LLL_King,5,130,3,3,198,7,400,207,2,0,141,3,0,79,0,0,193,8,10,208,11,122,41,0,1,131,2,135,259,1,62,183,2,10,107,1,0,3,0,2,28,0,4,153,3
LLL_Princess,3,115,3,3,150,1,323,181,3,2,148,6,1,72,0,0,144,2,6,211,6,114,42,0,0,153,1,129,241,3,61,154,1,3,98,0,0,2,0,0,35,0,3,153,0
Lr_Fool,1,79,1,0,164,2,252,96,0,0,104,1,0,73,0,0,149,3,1,174,0,77,19,0,0,78,0,60,165,0,33,123,0,11,70,1,0,5,0,0,25,0,0,92,1
Lr_Goneril,0,83,1,3,144,1,251,125,1,3,101,0,0,32,0,1,136,1,6,128,1,103,27,0,0,75,2,64,172,6,35,83,0,5,69,1,0,3,0,0,26,1,2,112,3
Lr_Lear,2,353,3,1,420,3,852,411,2,6,333,5,2,241,0,2,518,11,5,480,11,388,120,0,0,311,2,244,535,3,139,428,3,22,256,2,0,24,0,1,81,4,6,366,4
MM_Angelo,2,129,1,0,192,6,394,211,0,1,173,0,0,59,0,0,228,3,7,222,7,148,25,0,1,141,2,121,237,0,69,187,0,13,92,12,0,5,0,0,43,0,6,160,1
MM_Duke,2,310,4,15,556,10,1244,508,4,7,448,12,2,161,0,1,466,14,11,598,26,396,132,1,2,301,3,405,794,7,215,454,1,28,288,54,0,10,0,0,108,3,17,579,10
MM_Pompey,3,57,4,0,127,0,216,91,1,0,101,0,0,31,0,0,94,1,2,105,1,90,62,0,0,65,0,70,134,0,51,89,0,5,33,4,0,1,0,0,40,0,0,94,1
MND_Bottom,5,98,0,0,176,1,319,156,0,1,124,2,0,45,0,0,202,3,1,154,5,99,33,0,1,123,3,63,223,1,58,141,0,5,82,0,0,6,0,1,46,1,0,158,2
MV_LanceletGobbo,2,100,1,0,157,2,245,122,0,0,95,2,0,20,0,0,134,4,0,116,2,78,42,0,0,52,1,76,140,0,40,100,0,7,62,1,0,2,0,0,30,0,1,121,0
MV_Portia,4,210,8,10,368,2,802,387,3,2,285,15,0,115,0,1,379,18,10,466,10,192,89,0,1,207,3,253,537,6,145,349,1,16,160,5,0,10,1,0,80,0,12,340,5
MV_Shylock,5,183,4,7,239,3,520,227,3,1,160,4,0,76,0,0,292,5,3,250,3,128,37,0,0,131,3,133,305,1,70,226,0,12,114,5,1,2,0,0,47,0,2,209,1
Mac_Macbeth,6,250,1,4,419,4,975,459,3,3,268,3,5,186,2,2,478,9,5,474,7,262,88,0,4,278,5,244,612,2,106,405,3,10,208,13,0,22,1,2,98,1,8,300,1
Mac_Porter,0,22,0,0,19,0,45,21,0,0,15,1,0,3,0,0,12,2,1,27,2,20,8,0,0,26,1,25,46,0,3,18,0,0,13,1,0,0,0,0,4,0,0,20,0
Oth_Clown,0,10,0,0,17,0,35,10,0,0,13,1,0,0,0,0,28,1,0,23,1,11,6,0,0,16,0,15,23,0,6,19,0,0,13,0,0,1,0,0,1,0,1,23,0
Oth_Iago,15,432,7,9,687,9,1453,660,0,4,459,11,2,215,1,1,723,18,24,762,25,430,135,0,1,380,9,447,998,6,243,623,2,30,356,8,0,19,0,0,182,1,26,623,3
Oth_Othello,7,392,3,7,496,5,1108,525,1,3,306,11,2,184,1,1,622,17,12,556,17,321,112,0,4,283,6,286,653,4,182,502,0,53,266,5,0,18,0,0,109,0,9,371,1
Per_Antiochus,0,20,0,3,35,0,82,39,0,0,40,1,0,22,0,0,43,1,0,46,2,37,5,0,0,21,1,38,59,0,9,45,0,1,10,0,0,2,0,0,0,0,0,29,0
Per_Pericles,4,232,6,8,348,1,743,360,0,2,290,2,2,139,0,2,481,11,11,455,8,274,73,0,0,217,2,217,480,2,108,362,1,10,154,1,0,13,0,0,60,0,13,309,2
R2_HenryIV,1,154,1,4,257,8,596,299,0,0,213,6,0,84,0,1,319,9,5,260,13,185,54,0,9,148,3,182,333,3,94,223,0,7,122,4,0,25,0,2,43,1,3,190,0
R2_RichardII,10,317,1,3,472,5,1019,555,0,3,333,9,6,266,0,1,523,21,15,580,11,330,93,0,9,353,6,323,677,5,150,438,0,14,253,6,0,20,0,2,64,0,7,305,9
R3_RichardIII,22,481,7,11,701,21,1504,792,1,5,574,7,0,252,0,6,849,41,23,858,32,544,146,0,3,450,5,478,956,9,295,624,0,24,295,11,0,34,2,0,134,1,26,543,1
Rom_Romeo,9,223,2,4,377,5,673,383,1,2,222,6,1,168,2,3,490,15,7,464,34,237,89,0,4,209,7,265,535,9,167,367,1,17,212,9,0,20,2,1,57,3,3,258,0
Rom_Tybalt,0,13,0,0,24,0,44,20,0,0,14,1,0,12,0,0,21,0,1,20,0,14,7,0,0,9,0,12,42,0,7,23,0,1,7,3,0,4,0,0,4,0,0,13,2
Shr_Grumio,1,80,1,0,127,0,222,91,0,0,83,5,0,64,0,0,138,2,0,118,1,98,48,0,0,70,0,59,136,1,38,112,0,4,66,2,0,3,0,0,23,0,1,92,0
Shr_Petruchio,4,250,2,5,347,4,741,357,6,0,244,14,2,137,0,1,425,11,10,382,3,260,80,1,1,292,5,168,483,1,126,391,0,15,168,5,0,5,0,1,68,2,25,304,0
TGV_Lance,6,86,1,0,200,0,275,128,4,2,109,4,0,55,1,0,162,6,0,156,1,117,38,0,0,84,2,76,225,0,33,158,0,1,71,0,0,4,0,0,30,1,7,85,1
TGV_Proteus,9,134,2,3,284,2,516,292,2,4,209,7,0,87,0,0,352,38,8,313,7,207,66,1,0,156,1,178,383,2,93,255,1,12,118,3,0,10,0,0,43,2,7,253,0
TGV_Speed,3,76,1,0,155,3,211,99,1,1,93,1,0,35,1,0,139,2,1,122,0,123,41,0,0,52,1,79,121,0,38,129,0,1,59,1,0,0,1,0,20,0,3,130,0
TGV_Valentine,4,122,0,3,245,1,448,247,1,5,172,2,0,82,0,0,283,15,9,259,8,167,57,0,1,143,3,149,302,2,102,223,0,11,108,1,0,14,0,0,52,0,3,194,0
TNK_Theseus,2,125,3,3,202,3,433,188,1,1,173,0,0,72,0,0,167,4,9,241,5,155,39,0,0,120,0,109,253,2,75,165,2,10,79,3,0,8,0,0,36,0,2,189,0
TN_Feste,1,120,3,3,218,5,389,177,0,0,109,3,0,62,0,0,222,3,4,225,3,95,97,0,2,150,1,119,242,5,86,136,1,6,106,2,0,4,0,0,55,0,4,178,1
TN_Malvolio,0,100,2,2,207,7,364,181,2,4,111,3,0,45,0,0,201,3,4,199,5,98,42,0,0,117,1,133,242,8,72,196,0,24,89,2,0,6,0,1,37,1,1,180,1
TN_Viola,2,123,1,1,238,2,422,233,4,1,139,2,0,55,0,2,304,2,4,183,4,135,69,0,0,139,2,115,259,1,89,185,0,16,103,2,0,4,0,0,48,0,3,196,2
Tim_Fool,0,8,1,0,16,0,40,20,0,0,12,1,0,5,0,0,14,4,0,14,0,15,2,0,0,6,1,7,16,0,7,11,0,1,8,1,0,0,0,0,5,0,0,17,0
Tim_Timon,11,346,0,4,505,6,1115,494,1,5,357,6,0,241,0,2,555,9,12,659,18,303,124,0,3,325,5,312,596,5,150,481,1,19,252,9,0,10,0,4,107,2,8,434,0
Tit_Aaron,3,143,2,2,236,2,505,231,0,1,180,4,0,79,1,0,245,8,13,281,4,141,41,0,2,123,1,124,295,1,67,166,0,6,118,4,0,11,0,1,44,1,3,187,1
Tit_CountryFellow,0,5,0,0,14,0,29,16,0,0,8,0,0,2,0,0,21,0,0,19,0,7,7,0,0,13,0,5,13,0,4,11,0,0,6,0,0,0,0,0,3,0,0,11,0
Tit_Titus,4,316,2,1,453,2,952,455,3,4,319,7,1,180,1,1,520,11,12,547,9,322,101,0,0,259,2,252,605,2,141,478,1,24,230,7,0,31,0,0,76,0,12,347,4
Tmp_Antonio,6,61,0,1,100,2,176,71,1,2,52,1,0,32,0,0,76,1,1,86,3,42,17,0,1,50,2,42,102,1,25,89,0,14,50,1,0,0,0,0,16,0,1,66,0
Tmp_Prospero,8,293,2,7,377,7,891,353,3,4,266,4,1,200,0,0,472,13,13,416,9,228,94,0,3,240,2,261,516,2,138,328,2,21,186,4,0,15,0,0,56,1,14,280,5
Tro_Thersites,2,136,11,1,208,21,450,189,0,2,103,0,0,94,0,0,159,3,2,198,4,128,31,1,2,115,2,113,258,8,66,163,2,10,93,5,0,6,0,0,47,0,3,119,2
Tro_Troilus,7,205,1,4,317,8,696,310,3,5,223,1,3,119,1,1,353,3,6,334,12,220,73,0,2,202,2,216,412,2,119,326,0,8,154,3,0,17,1,0,41,2,7,269,3
WT_Autolycus,3,129,3,1,217,2,466,194,2,1,144,4,0,40,0,0,232,2,1,203,4,106,67,0,1,95,1,121,265,6,82,165,0,8,106,0,0,2,0,0,42,0,6,149,1
WT_Leontes,5,269,4,7,430,4,784,377,2,3,265,14,1,173,0,0,444,17,16,398,4,302,63,0,0,228,2,260,592,5,149,396,1,28,211,2,0,27,0,1,91,1,12,296,2
WT_Polixenes,3,121,0,3,164,3,337,184,0,0,99,3,1,65,0,0,148,6,8,189,9,115,22,2,0,114,0,125,230,2,56,170,0,14,78,4,0,6,0,0,30,0,2,127,2
Wiv_Falstaff,8,156,3,5,359,5,656,294,1,1,204,3,1,98,0,0,387,8,11,286,5,222,46,0,0,159,5,192,345,6,76,286,1,20,159,5,0,11,0,1,107,0,3,226,2
Wiv_MistressPage,3,124,3,1,227,6,436,239,0,1,145,0,2,63,0,0,210,8,2,225,7,172,42,0,0,116,2,117,309,0,73,215,1,4,97,3,0,7,0,0,51,0,2,177,1
