character,AA0,AA1,AA2,AE0,AE1,AE2,AH0,AH1,AH2,AO0,AO1,AO2,AW0,AW1,AW2,AY0,AY1,AY2,EH0,EH1,EH2,ER0,ER1,ER2,EY0,EY1,EY2,IH0,IH1,IH2,IY0,IY1,IY2,OW0,OW1,OW2,OY0,OY1,OY2,UH0,UH1,UH2,UW0,UW1,UW2
1H4_Falstaff,0.5486847772217979,1.379667275558927,0.3208257134386138,-0.8952505226997693,3.542803245826303,1.1322959077573587,0.044017305425086195,-0.24482624616548224,-0.9534267269428564,-0.8171989489000872,-0.3255893248682824,0.6896113214411715,-0.817962530548704,1.3666807110089139,0.6335096059667514,-0.05068682357458297,0.9231442160411969,-0.3081130252940259,-1.6570042414409802,-1.3532774510943926,-0.25099719551989813,-1.3656760336465268,-0.7403260748753075,0.5887135710962317,0.3515859144980003,-0.14145401758626625,-1.3028160243389195,-0.9808739483459199,-1.3811290007118646,3.65970243848956,-0.7040879641566473,-0.15793580217555228,0.5728873682628963,-0.2799269160809447,-0.24953450550610107,-0.25341179876502584,-0.11111111111111109,-0.1823924075397517,-0.41976392584585986,-0.6040506645322868,0.5061948915962423,2.9649696947081656,-0.09284006622447036,-0.9041322803865015,-0.636127621208837
1H4_HenryIV,-0.27118440958231704,-0.2507131722894384,-0.6383659749590781,1.707740582702782,-1.0143944100181181,-0.377069822029384,1.4850311369544136,2.2046176274586435,-0.9534267269428564,-0.46573207896595004,-0.3269714596452387,-0.02717125620769505,0.4270942993604154,1.0808372129309682,-0.5652226913437216,0.6631136076016451,-1.835703045775953,-0.30383948822984264,2.352277406918414,0.35113141245954416,0.256538663111479,0.0893134169764153,0.38293603106412705,-0.47786578123346163,-0.5715633161929935,-1.8835743215208862,-0.19258370349698253,0.34442286965782976,-0.6015935422918275,3.3694317156363613,2.459259557775895,-0.04259736739310344,-0.5481810080963883,-0.7878434915642324,-1.0306401491759742,-0.06541785748657801,-0.11111111111111109,0.3509510096687994,-0.41976392584585986,-0.6040506645322868,-1.1166675363707028,0.6793806502229187,-0.7072612846315488,-0.22586509315793227,-0.2870096395661198
1H4_HenryV,0.0003647132348888495,0.9299871981297297,-0.49753772849961614,0.48887093625040995,1.2333637274724374,1.8243153577111129,0.6926635588220283,0.681166188892153,-0.3797268655533482,0.9691937707416873,0.30202115993086937,-1.474286176678375,0.6998662918672225,2.0741340596857443,-0.5652226913437216,-0.7600454350172938,-0.01755672978933408,-0.1707826833795576,1.3113002806797358,0.07070583374915151,0.5656586711866556,-1.0336661535087899,-0.8670112485007255,-0.47786578123346163,-0.0071033667399507065,-0.6827094287863708,-0.31929521352520396,-0.4611643218477196,-0.5404651454684587,-0.040361421387662175,0.7269624986256582,-0.9264363503540433,-0.5481810080963883,1.117758319251739,-0.6833767227679955,-0.24278191007443115,-0.11111111111111109,-0.19582112439527302,-0.41976392584585986,-0.6040506645322868,-0.575075360757088,-0.8523129909673619,-1.258680165088707,-1.6579812755355419,-0.13451328925540973
1H4_Hotspur,0.0029644490248436567,1.0998908340381448,-0.10369878555411287,-1.0962260154852832,-1.050237508105371,0.5948911516065172,0.759610587793662,0.7392597157011609,1.920007868431855,0.1171294451740185,-0.11878560374245206,-0.5906912510459238,-0.817962530548704,0.08238842659856743,0.9032301018441032,-0.7600454350172938,-0.5990587016524577,-0.33540716129597387,-0.017878153477362036,0.15234242571748607,-0.8596021439881637,0.2506723895987298,0.5605217823558726,0.8286990227674321,-0.5715633161929935,0.4338255420783703,0.5859550373046477,1.062239381566359,0.20753529089434006,-0.7864595127660494,0.10016167015618797,-0.7241601712106674,-0.5481810080963883,-0.7606074826553414,0.011966457371294398,-0.3555278214230817,-0.11111111111111109,-0.8355084393435432,-0.41976392584585986,0.30180488421533175,0.13756687606126486,0.08292491573532529,-0.3127552755307445,-1.142531873104378,0.2919565626340367
1H6_Talbot,-0.478894204475628,0.09499769932434823,-0.21100207885785335,-0.1146402487649844,-0.8558826679198863,-0.4899957003287472,0.2888585354054723,1.1850523710584833,0.6135199885541583,1.166786612550523,0.2917033826368934,-0.26967709250236466,-0.817962530548704,0.4789390791204897,-0.5652226913437216,0.42462226947186205,0.9981418853230577,-0.5332953495952936,1.316220465589605,0.4871369350451395,-2.0851635046286012,0.38275495232997625,-0.9257679506618598,4.8658718964277385,-0.5715633161929935,1.124933362646229,2.021526565921449,1.4604552754862647,-1.0892143618303305,-0.0041317056466235146,1.4021797781904706,-1.1402959098420586,-0.5481810080963883,-1.046419869074158,-1.8530323284334635,0.2748512825802671,-0.11111111111111109,0.12882198017442795,-0.41976392584585986,0.6309064309847298,-1.585507217980513,0.42270121022152435,1.9722147337239957,-1.3888916223594838,0.7551807945081997
2H4_Falstaff,3.0971194120571575,-0.5692575609975266,-0.6577857673859929,-0.40478922715947274,2.190033573572907,-0.3974280379535101,0.8734887616028147,-0.30546825816926115,0.41571883568703094,0.19267401758764982,-0.5098105624898861,-0.5386887765501727,-0.2142413350530721,-0.8343763776148635,0.6009343697107055,-0.7600454350172938,-0.6782320269742186,-1.1419307246066035,-0.606769473935233,-0.6500414675184967,-0.30084018463944556,-0.3021376936034962,-0.28649309336719947,1.5973248942572549,-0.5715633161929935,-0.8225750649180978,1.1968372103969345,-0.40565739744498547,1.3049220934803683,0.24851661104640732,-0.2791999398048698,-0.5208997079449494,-0.5481810080963883,3.5300326383624014,-0.5191588306645482,0.18300976338544506,-0.11111111111111109,0.015953716430635936,-0.41976392584585986,-0.6040506645322868,0.8403261878981787,0.6331066203767268,0.015357343283280882,-0.27215154477891135,-0.6455557742827183
2H6_QueenMargaret,-1.0706368880189163,1.3059945785455376,-1.2811708629796188,0.24840736731860177,-1.7449309857514947,0.025587724421871974,1.6353155442205365,-1.4093107397741005,0.04896982980306645,-0.42016835942752473,1.6906747709393084,0.0669225782343799,-0.817962530548704,-0.25344979975800896,1.9961232777011302,-0.7600454350172938,-0.1809461528428498,-0.21480912854460238,-0.46796714853196686,-0.2821777535278584,-0.3037609600275874,-1.9248770116212672,-0.6318129739820285,-0.47786578123346163,-0.5715633161929935,-0.5269574104034254,-1.6713550009310156,-0.4446278268892806,1.129778692029846,-0.8821963885808094,0.3695240813150677,1.6077126880641643,0.250285831484616,0.4080475648126792,-0.896559639542715,-0.21533701906700364,-0.11111111111111109,-0.03881093863020451,-0.41976392584585986,-0.6040506645322868,0.4305672956855864,0.7789739346617666,0.012653990454484282,-1.0169377944331501,1.2408949593710166
2H6_York,-0.4284059628512827,-0.23740698736996535,-0.15863460691750458,1.7660544473861923,0.9230051262385311,3.067795190656366,0.8443051420571843,-0.4898743141304365,1.5120084346326135,-0.5546184762288823,2.386961924028108,-0.6319160188538167,-0.817962530548704,-1.1072056188208463,1.5346888890733126,-0.7600454350172938,0.001586612961403679,0.0007025297134000415,-0.4294572793535019,0.13846986519129886,1.712077665757387,-0.7584412952433962,-0.36680066813846784,-0.47786578123346163,-0.5715633161929935,0.7162318877277181,-1.0257569249326146,-0.2509000817415598,0.2910578715188182,0.07078589470008587,0.8926578798063366,-1.4216516617557136,0.7610601356452364,-0.9835674329010119,-1.812413266390999,-0.322542689960699,-0.11111111111111109,0.01686146484836797,-0.41976392584585986,0.6913376283870113,-1.0274155131313663,-0.8523129909673619,2.148785445274439,-0.7382949223581272,0.8402402397545106
3H6_EdwardIV,0.047710614414640105,-1.683623224046657,0.6584784637446204,-1.0214217839888353,-0.6837259238364758,0.7282697024582634,-1.1013011816005944,1.2236408252510258,-0.9534267269428564,0.9480085452838838,1.5097090451907447,-0.018740575675902323,1.060502993650506,3.0260485502015046,-0.5652226913437216,-0.7600454350172938,-0.8425585888272233,-0.43358431573956174,-0.3709956887506577,1.0501188239989059,0.18606162911376817,1.7976694188543196,-1.6081504122162402,-0.47786578123346163,-0.5715633161929935,1.2132495779800445,0.001954702896677638,-0.33807924727002653,-0.4354392937302881,1.2397586978109219,-0.6266504923318874,1.0743972105337527,1.1485138798843146,0.9671488984886155,-1.3964496899431373,-0.3889140076475905,-0.11111111111111109,-0.0973110780790052,-0.41976392584585986,-0.6040506645322868,-1.7760630563647912,-0.8523129909673619,0.6995869687893221,-1.13766644789891,2.1674607817963367
3H6_HenryVI,-0.7550752955497715,1.0838607974620227,-0.10560898932510585,-0.9381619866168114,-1.6257850235162166,-1.0509369993772169,-0.38430705846292307,-1.5915917979968648,-0.9534267269428564,-0.5257158309003324,0.9233959905782637,1.1721982527423818,-0.817962530548704,0.8753313161404555,-0.5652226913437216,-0.7600454350172938,1.1952216645270854,0.3301744936694398,2.97754918395077,2.124547825857274,-0.24980379162827807,1.2285045617433896,-1.1245381411504218,1.4788019799256207,-0.5715633161929935,-1.2320357274192906,0.35692821865285307,-0.7378910905291477,-0.38372673371922045,-0.9745378982379268,0.5413548072350646,-0.023835321037220317,0.13736209293522686,0.25585136150019894,-0.7040283942100549,-0.6401108986544826,-0.11111111111111109,1.3296850925693129,-0.41976392584585986,-0.6040506645322868,-0.07538710405199939,-0.8523129909673619,1.1950849272918145,-1.3929476883543412,0.9263686979201087
3H6_RichardIII,1.2464631175193515,-1.142187221991586,-0.7449685092743152,-0.5459171721460497,-0.5295522749178381,-0.20776707337213263,-0.4607565606309872,0.06515143720356466,0.616793839095808,1.1716615466471698,1.4129972281453076,-0.26716028062631125,0.2206145169127031,0.7829023600013151,-0.5652226913437216,-0.7600454350172938,0.37601937760698617,1.524986244459639,-0.500500498533081,-0.027798458884421874,0.984394528478886,0.862207526899119,0.052818313094925455,-0.47786578123346163,-0.5715633161929935,1.1463030314126792,1.4124759758281265,-0.4168420023168061,0.1767592378775374,-1.0237305685935705,0.3267469423104602,-0.7191038557790147,-0.5481810080963883,-1.0437362714019225,-1.1990790756412766,-0.4996931885238319,-0.11111111111111109,0.5732689914057559,-0.41976392584585986,-0.6040506645322868,-0.21311866956668854,1.703043232569727,0.9466409768459312,-0.6539583660130652,0.7588125603260879
3H6_Warwick,-0.8858357248352798,-0.813093169939912,0.17701011169197714,0.5531375103232914,-1.0787767268987942,0.22293359984684694,-0.26098254234082496,1.0396637891052085,1.1816494617510518,-0.1067321428810917,2.032608002556776,0.3494531920019248,-0.817962530548704,1.6694272534582948,-0.5652226913437216,0.31608382211454594,-0.6497390361564119,-0.8447935223983839,-0.36709121891203444,1.835369529729387,0.9503059449500583,0.906560495741093,-0.8008324401085691,1.1401835771303346,0.8288960280939119,-0.6520160098442035,0.5650065161164759,0.7639285413198014,-0.1814883337739278,0.3191755664522776,0.6428781716752061,-0.8724466954226004,0.018722886767113606,0.0026585941748471153,-1.751804089754555,-0.24708218322653536,-0.11111111111111109,0.306180798781487,-0.41976392584585986,0.5177605039096622,-2.2070679617698485,1.464083547840288,0.47099087239875226,-0.782292660326374,4.806579892307743
AWW_Helen,0.6070375861716057,-1.2948233040319153,0.6015607393473935,0.10994525526760356,0.04978104507199575,-0.8042231336677971,-0.6535962926262575,0.688496175411625,-0.26425036892336473,0.37285055821030416,-0.22330302565527652,0.2917557979446387,1.0053806674016526,-1.0961983254487462,-0.5652226913437216,3.40829017445074,1.0037071508560802,-0.8709979330551957,-0.4193917803734942,0.12011605664742353,0.11941403234186919,0.25167857687026146,-0.0754358855921788,-0.47786578123346163,-0.5715633161929935,-0.665229102246195,-0.047147461727335443,1.4129821434836105,1.574916143760642,-1.0862192347085002,0.1489144046065305,-1.0258158062854572,-0.5481810080963883,-1.0127041356588613,0.9800624117913326,-0.40128276204662505,-0.11111111111111109,-1.1257357124500253,2.281409187377001,-0.6040506645322868,-0.7238738805281173,-0.8523129909673619,0.6310465812693598,-0.10982933951467778,-0.47339252476519506
AWW_King,0.024684086839956806,-0.040318714280182244,-0.08680273480183698,-0.9305512829492114,-0.8915676787651265,0.5141675413797481,-0.719058306155516,-0.9870747926483092,-0.9534267269428564,0.13554848806381647,-0.636017694073077,-0.5780121693129782,0.3387307547129968,1.7503147049820635,-0.5652226913437216,0.5621098826455598,-0.4795524283031802,0.6166347513344201,-1.0046945506009601,0.3108514803355008,0.7119182918417867,2.392759885099354,-1.164005501328523,-0.47786578123346163,-0.5715633161929935,1.796023275518666,0.38937603048447395,0.9020214630724042,0.36493223493174326,-1.5351293708324512,-0.881399886300556,-0.0887885094419879,0.14832918733800143,-0.6584362280314886,-1.1123430809823514,-0.46435479758355036,-0.11111111111111109,-0.3253578200892735,-0.41976392584585986,-0.6040506645322868,0.3517883193483282,-0.8523129909673619,0.6650741773444563,-0.08248536558697399,-0.3364103054314488
AWW_Parolles,-0.44213495508779355,-1.3731811273091197,0.38127351947998195,1.7257149423206517,-0.6050519264016333,-1.0509369993772169,0.6010812247209111,-0.0018058359168684301,2.2921195874226203,-0.5623802660889949,-0.9921149933765657,0.6049243748211084,0.2553739106738945,-0.7961611850073123,-0.5652226913437216,1.6937035431877754,-0.1890666400292761,0.21554828191778636,-0.4496372966420003,-0.40218816981292177,1.9522976148109759,-0.3967526695954667,1.3093745245369344,-0.47786578123346163,-0.5715633161929935,-0.126464901464735,0.8782782104073389,2.1072617564989415,0.8243151594922071,1.6359572911475868,1.998597631770596,-1.2866555229017942,0.7444516784911591,-0.7789588445056141,-0.017576937198707416,-0.6498558644600194,-0.11111111111111109,-0.4664265255149678,2.760402638223808,0.6749049024039594,0.4252210869393828,0.46812681738938744,-0.3015293321025817,0.19583778262758506,-0.9830731200784198
AYL_Rosalind,0.4163670958715316,0.7853179105859271,-0.9813579522994775,-0.9285749733126728,1.2487588731746582,-0.579485824337283,-0.8621479848188268,0.4260357878631215,-0.07545147177900634,3.736087218907863,-0.6295956706408357,1.450514530476199,-0.2372511528136387,-0.5791020402128537,-0.5652226913437216,0.5675158915378729,-0.10932682071526328,-0.7789950032379744,-0.49069140804647177,-0.8721000469554069,-0.36884666631543406,0.22456438935533765,-0.9024844774154165,-0.47786578123346163,0.292271419535378,-0.6848844291184288,-0.6367765421099799,0.3957836868762925,-0.7526514340639454,1.8962012607785421,-0.7753840942042474,0.3381288415306934,0.1511770678099878,0.6678195257004391,-0.7919034982399505,0.5794946197578358,-0.11111111111111109,-1.4229647218796964,-0.41976392584585986,0.08790762628237325,2.2589144282079827,-0.13791032012014284,-0.9140708384433791,1.827562343359022,-0.3337662401846446
Ado_Benedick,1.1233281503289927,-0.07265362335365434,0.08484298421772457,0.06026566441138026,1.7058075597538302,-0.5735957342521385,-0.5810364533471937,-0.6429069054365071,-0.28671852696924305,1.3154294306075505,-0.47725774366761653,-0.10751303969800936,-0.817962530548704,-1.2270738322340353,1.1383649247941163,-0.7600454350172938,1.18031110584216,0.46073706601992376,0.560859336111831,-2.1115839086905996,-0.4263928850318356,-0.11331046246523578,0.5197598460118511,4.069466547261998,0.08440699543573661,-0.3994079066742259,-0.10009900492160045,-0.07255386865157297,0.08837658072280247,-0.23230434503559577,0.10517602556067462,0.7858074278714793,-0.01710936207655422,-0.32700414905892455,-0.24348048699407127,1.6962950852162575,-0.11111111111111109,-0.23060728987738777,2.1933469900729956,-0.6040506645322868,1.477381080074111,-0.8523129909673619,0.33780556253780814,-0.21460800692789925,-0.9830731200784198
Ado_Leonato,-0.2629811392090332,-1.0782068540254646,0.660006709353448,-0.36646654619787583,-0.02802963991171008,-0.03344640792639202,-2.5451173133836624,0.6280374514208192,-0.9534267269428564,-1.1664787194569117,1.0048362898722067,-0.01759375437035368,-0.817962530548704,-0.916736863290535,1.8556649736942585,-0.7600454350172938,1.2824467350223112,-0.570438057382082,-0.18630208314255312,-0.5214183938412981,-0.7381918736778442,2.7498388595597296,-2.5638383492424532,-0.47786578123346163,0.3606050213846756,-0.5081073091865412,-0.9270758449265559,-0.38049222726571663,0.7195714563241855,0.31625356056308007,-0.11622992431757218,0.5487200371769236,0.2064997520370601,0.7755942022674471,0.21025226885490148,2.189305131330273,-0.11111111111111109,-0.4269974284608945,-0.41976392584585986,0.8893405663214139,-0.803975492558581,-0.8523129909673619,-0.07776211897844522,0.993979729588842,-0.9830731200784198
Ant_Antony,4.80246075237818,0.7467675751826495,-0.7033971715943347,-0.9462616514909155,0.4002277335980629,-0.2938201552626192,-0.7879335341626847,-1.6004599276667877,-0.9534267269428564,-0.8515519191574701,0.0163557197242358,-0.8239294782144165,1.4202316524988419,0.8600973988049155,-0.5652226913437216,1.798316733056375,0.6979083922983528,0.542211748105421,-0.8739463423336862,0.06860080732059945,-0.4313943040139159,0.3812720858961023,-0.14137453421485888,-0.47786578123346163,-0.15538628859570291,-0.024534914472620146,-1.6713550009310156,-0.7879051677837505,-0.1710878383337086,-0.7085586600799507,-0.6448103097605192,1.3948825827069131,2.1473046279282992,1.1364180810427567,0.12029957333863552,-0.14078792616964747,-0.11111111111111109,-0.15224604948225948,-0.41976392584585986,-0.6040506645322868,-0.23551344900905116,-0.1639452563449113,-0.9403851978539944,-0.735411028821422,-0.6702510071255162
Ant_Cleopatra,1.3191356668498748,0.4195934921928507,0.18639083275848492,-0.5230387786807427,0.6947338141915134,-0.8586271562348848,-0.31271067764721444,-0.5642523059263399,-0.9534267269428564,-0.766517180906495,-1.330941134382194,-0.3730031040113862,-0.817962530548704,0.3046727344150757,-0.5652226913437216,-0.7600454350172938,0.15904607175078875,-0.26635418383638154,-0.14848277145705027,0.27275504806378337,1.1607709461002584,-1.0106723528074122,0.2712721457239034,-0.47786578123346163,-0.5715633161929935,0.8815645477663022,-0.4053090241607418,-1.8099493395557562,0.9262096668647429,-0.8352916246663776,1.4390094432556597,1.3965849647014263,1.5913847995371282,-0.2758954241621571,1.746167451889496,-0.49150306974252694,-0.11111111111111109,-0.17826349221882803,-0.41976392584585986,-0.6040506645322868,0.3370700234323771,0.02192387285711213,-0.5757972612387657,-1.6279735745972184,-0.9830731200784198
Ant_Octavius,2.5440628297664407,0.06066546413085658,-1.2811708629796188,1.3711614418119271,0.753257700250561,0.4520879757966506,1.0687083914413165,-0.06986849689968093,-0.9534267269428564,0.08390383346383222,-0.9286232748714495,-0.18320096550984102,0.2928507417221695,-0.503753853517099,-0.5652226913437216,3.0490914215119442,-1.8427958420152324,0.2814920335068894,0.5804699517274052,-1.0664276359418827,-0.592865674668143,0.03765337991479083,-0.6476712477161838,-0.47786578123346163,-0.5715633161929935,-1.175580631508963,2.286630075050243,0.8062929685469769,-0.03535992404833254,-0.9881612105607547,0.6725396859891045,1.260416814288922,7.478418048563159,-0.724772463205261,0.624216760286154,-0.31191300517216936,-0.11111111111111109,0.30195284556272683,-0.41976392584585986,-0.6040506645322868,-0.5242125142734099,-0.8523129909673619,0.02131246654505266,0.2312338553453358,1.500979122107375
Cor_Coriolanus,0.7418564620300379,0.42564803937824464,-0.7420115110002052,-0.7593229144816823,0.8351653799190352,-0.9096337060179089,-0.2735755690756229,-0.008769752592777878,-0.5587067592851591,-0.8725994167089953,-0.733735857180475,-0.05820619629131873,0.22634196386561514,-0.354282964628342,1.4519717837522634,-0.16320063694417264,0.342684393524609,-0.1800756103463377,-0.18649472407379697,0.6238515486549452,0.019258592768368436,-0.5341166559225609,1.0554227003660845,-0.47786578123346163,-0.18320064088654073,1.814195521744189,0.4992311773797849,-0.6432206686349361,-1.9470770056319546,0.7788562021657186,-0.8055062583083199,-0.7116550230775595,-0.23376372186957212,0.5811351006800217,0.860618507718138,-0.5760892161116864,-0.11111111111111109,2.024971873669428,-0.41976392584585986,1.2624922880013763,-0.3113079325890722,-0.8523129909673619,0.7011817409854827,0.993181658035884,-0.10732728627210947
Cor_Menenius,0.8076403858989595,-0.2951576496667338,0.32188891631970357,-0.44078669385682107,0.6036533490013993,-0.8408714357964069,-0.060926087254732385,1.022933911527528,-0.9534267269428564,-1.1664787194569117,-0.07930379597161677,-0.5720638350849041,-0.04171589484116395,-1.057902653834142,0.9341871390614144,0.1272413075407564,-2.1716878534006767,0.3757296834939969,-0.20284085045534764,-0.02751416443895405,0.626198627183217,-0.8993862390044782,1.3329391359722986,2.1903522510635027,-0.5715633161929935,0.028957642581098113,1.0945217455091376,0.6219241097616595,-0.71596431084902,0.7582292242555911,0.6830188358335599,0.32686711953024283,-0.08075917481443785,-0.08616348328541096,0.4356694945945126,-0.2298181352235434,-0.11111111111111109,-0.9692055683434219,-0.41976392584585986,3.09575833449078,0.9540373822953461,-0.8523129909673619,-0.47789709477374076,2.266588335548354,-0.5491034232686821
Cym_Belarius,-1.060581801051358,2.35645100171394,1.5198097814100224,-0.2803712189488856,-0.050186827276526076,0.050187709583720076,-1.070397286066648,1.224792563291989,-0.9534267269428564,0.3602503185568208,-0.13920139225096306,0.10214119575796589,-0.817962530548704,0.6018859131741474,-0.5652226913437216,-0.7600454350172938,-1.2119754228526287,-0.18148573170001905,-1.2263696824938217,-0.39548509488222344,-1.3563195440203555,-0.0932440891880236,0.7308270281257898,-0.47786578123346163,-0.5715633161929935,0.8789699427124569,0.7450137869293024,1.2347079924295499,-0.7808285949518067,-1.5351293708324512,-0.7014749581390182,0.5944323378426856,-0.5481810080963883,-0.6499616743382863,1.6965514897553657,-0.6075248601598666,-0.11111111111111109,3.4554989688102324,-0.41976392584585986,-0.6040506645322868,-0.19403713983247373,0.8162509551314637,0.05033109117514087,-0.6014990062559654,0.5334526348712981
Cym_Iachimo,0.4963789986268908,-0.14800120560418786,1.8414433002714943,-0.15020934122925145,0.38015207386046096,0.04023246295433094,1.2251241974410214,-0.07836979400423688,0.5706225879778142,-1.1664787194569117,0.35282690033106656,-0.6931987147462497,0.19007587622689226,-1.1144857682435965,-0.5652226913437216,0.39219030189649345,-0.12765632699783558,0.3223671300242113,2.4049250000455165,-1.9137503891245558,-0.18924545044309626,1.2343198222435394,-0.3467620429545622,-0.47786578123346163,-0.5715633161929935,-0.16674040773885246,0.1245368332911523,0.44167304268060126,0.6621528270038542,-0.04604494971254738,2.0944968479100297,-1.421133619766832,0.6658124275960993,-1.7062199832814529,-0.37018894335734864,-0.3580357708902194,-0.11111111111111109,0.06279808370524112,-0.41976392584585986,-0.6040506645322868,-0.02394702516821257,2.8680136173685744,-0.13203873441602437,-0.9511223375767909,-0.9830731200784198
Cym_Imogen,-0.7398488615273414,0.4635080258211577,-0.8814203154060971,-0.44324979256838687,1.6349477408963433,-0.631869288230609,-1.6811937955673877,-0.9748043418726201,-0.9534267269428564,-0.2949114415253962,0.2804671983214603,-1.474286176678375,-0.04368069356861689,-0.2810569332667494,-0.5652226913437216,-0.7600454350172938,1.186746543435965,0.029939732322354497,-0.6606416681063229,-0.9884366303285819,-0.42085626747643917,-0.5685305541590925,1.5147411744253474,-0.47786578123346163,0.004326507625920866,-0.16683889548288997,-0.2919170558363014,-0.13000621759733233,-0.03178347906633374,-0.010093534560898563,-0.6396061575230116,1.3199464850612561,-0.08194229082547086,-0.09184514473042844,0.45863640728628363,0.0003643756286585393,-0.11111111111111109,-0.6449423024648689,-0.41976392584585986,-0.6040506645322868,1.2401419891401517,0.1002239034955969,-0.28827676371849825,0.038054160778906845,-0.11733061355338617
Cym_Posthumus,-0.5336398951205663,0.11844973782246211,-0.26778546695908234,-0.5936862256914923,0.21159375019939816,-0.7853481834284288,-0.2778544947253748,-2.0406833653922245,-0.2115246357086455,-0.6141132777668497,0.8942430641408498,-0.33359391212177286,-0.817962530548704,-1.3103632282066127,-0.5652226913437216,-0.7600454350172938,0.15473073836643036,0.05381228024142056,-0.2969179131114983,-0.1738738282069097,-1.5577769072684393,0.8729477974525954,0.7028471021105578,1.2088668174162607,0.15838982673246157,1.4030231744852204,-0.5057095112952058,0.7608700933237693,0.3120123722081457,-0.5686209731164228,-1.584663488176572,-0.8498000863506159,0.04278692179093446,-0.9118582996569988,2.4141139071813975,-0.8104179661521896,-0.11111111111111109,-0.20675645394526956,-0.41976392584585986,-0.6040506645322868,0.012598402202256965,-0.8523129909673619,-0.17175712887717326,0.3572366472276149,0.11427473616851322
H5_Fluellen,-0.6232164515678047,-1.236416244107017,0.7898972059554255,0.26238103511765665,1.0920382768512271,2.2057855762853253,4.143670533839593,-3.3482382708996132,0.057396162660715476,-0.4138947350157107,1.0069209386496931,-1.474286176678375,-0.817962530548704,-1.9014273193190447,-0.5652226913437216,-0.7600454350172938,-1.6736382565819887,0.6797674588744808,-1.2375810849066782,-2.5948359572181046,1.5075911902324888,-2.281386775505803,-1.0511413834705945,-0.47786578123346163,1.4175221815433507,-0.6039724753949213,0.7108888746595875,-0.5837179446949751,4.260379151151728,-0.21828605289521272,1.1808591277501106,-2.0517575419690863,-0.5481810080963883,-0.3975071265892787,-2.417053252603863,-0.4103624269662509,-0.11111111111111109,-1.7171498882906477,-0.41976392584585986,-0.6040506645322868,1.9200221682245429,0.792686837533565,-0.6385479286102891,1.583422819844532,2.754698831428451
H5_HenryV,-0.9921926251399822,0.7822748386608104,-0.47452365255329254,1.0344154616022625,-0.48235804620600353,0.11179993260091686,0.3033640760521564,1.038636537983817,0.5229445890776832,-0.06728179885572733,0.0032855606827606196,1.8549830906376625,1.9162463490415222,1.1450710074208696,1.6982513960245658,0.5793819244144588,-1.6694215187310624,-0.813959531197796,0.8375781276791361,0.8155951451247156,-0.19608242884720592,0.652083999368844,-0.8510601238416603,-0.47786578123346163,0.29999256293497356,0.653493152635051,-0.5115486155061306,1.1923283981121369,0.6543723787334866,-0.381129166271402,-0.3645934880513386,-0.9034125772296986,-0.0777749474140522,0.2508854065950161,-0.23666256255969823,0.2997646434755805,-0.11111111111111109,-0.21715646543634284,3.0521495757388917,0.32680688885123,-0.6443371523261672,0.589263324707451,-0.5676389021743312,-1.2404290062669665,-0.7647029445793249
H8_HenryVIII,-0.5603754291898623,0.6443496474434331,1.1829659737193814,0.5805230562988205,-0.5296628017216313,-1.0509369993772169,0.3379920168934901,0.5711824797550079,0.48977407655259375,-0.09197810988987777,-0.48121300570080205,-0.7346342234085156,-0.817962530548704,-0.34005295034272215,-0.5652226913437216,-0.7600454350172938,-0.35778839109679395,0.2165116368677895,1.6114537913976301,0.26824421228453893,1.2490439368673052,0.6954370377462765,-0.5829807076466981,-0.47786578123346163,-0.5715633161929935,-0.05535838158364353,1.7298899755483186,-0.29926322846540665,-0.23692479477764436,-0.12503862639701646,0.21203373605724787,-0.9315538100406493,0.6014119116844239,-0.3591875286847736,-1.830210005785583,-0.38203396223752983,-0.11111111111111109,0.14029476757848633,-0.41976392584585986,1.6708078930763508,0.11368365474513749,-0.8523129909673619,-0.9239850028533267,1.7291600258339574,-0.9830731200784198
H8_Katherine,-1.5106594997932568,1.2918130009292605,-0.13417711307034122,-0.021369356122515844,-1.052504871303696,-0.1491220142728964,0.8001293469717488,-1.657145030337432,-0.9534267269428564,-0.5412874429965397,1.796127501902136,0.24716077154633684,-0.817962530548704,-1.1788904321447933,-0.5652226913437216,-0.7600454350172938,0.23341866363719935,-0.45147276540599174,-0.39479768588979586,-0.443331495095347,-0.592865674668143,-1.4932091727102372,0.29595896912371794,-0.47786578123346163,-0.5715633161929935,0.0630980746140015,-1.011690821600806,1.0383906865853554,-0.33897350136309656,0.1057751099826384,-0.18454526493191148,-0.3943852915927438,-0.5481810080963883,-0.03645060245849202,0.4994118449636816,-0.31191300517216936,-0.11111111111111109,-0.4030027227021165,-0.41976392584585986,0.7195611721992193,1.2812544621988216,-0.8523129909673619,1.4025236258862595,0.5005893355389495,-0.3620600595319711
H8_Wolsey,-0.8488601955248278,-1.0950999653492168,-1.2811708629796188,-0.5805233141028789,-0.06466202020131877,0.29831811875779946,1.9718514487846126,-0.8581400053520057,-0.9534267269428564,-1.1664787194569117,0.8333548979458791,0.07104483501783086,-0.817962530548704,-0.7417107178398389,-0.5652226913437216,0.37976649630790454,-0.39071361738730026,-0.5764517180792013,-1.4365830761228144,0.015441899336511616,0.3261622767819288,-0.3020587525851004,0.5370247827938518,-0.47786578123346163,-0.5715633161929935,0.4596740455211733,0.10517290428624927,-1.2729836544111877,-0.7072990999209776,0.42890875732469386,1.2282733493427425,-1.2175973723020383,0.6527227290668172,-0.6831187497999902,0.3353002662397476,-0.5120816638605693,-0.11111111111111109,1.9360073272678953,-0.41976392584585986,-0.6040506645322868,1.7812352392722313,1.6011621795249933,0.09972425352470402,-0.1355502307106878,0.1318851330591361
Ham_Claudius,-0.18519966380365543,-0.5309184868578508,1.6058985798414436,0.922836272636301,0.26676235095266443,-0.18619944837320798,0.04721239928737369,1.8282022908334554,2.66994081867509,0.6319823249208559,-0.0441648668436184,0.3827186670272704,3.9751811191858004,0.3877121449612201,-0.5652226913437216,1.0662181174635783,-2.6163753047022658,0.08399301443460917,0.3176818859867051,-0.6078584879188837,-0.7973146742730111,0.37672946982874056,0.5614947681894744,0.8951033810262159,-0.5715633161929935,-0.9521805225581392,1.17508665676543,1.4813252629944753,2.0319478514595564,0.8250305493435314,-1.8422419116710718,-0.14438730370136305,-0.5481810080963883,-0.18578519659399048,0.17827360463311695,-0.5714133109615545,-0.11111111111111109,0.25201023198135525,1.947153936725076,-0.6040506645322868,-0.5596178912824217,-0.8523129909673619,2.1384666710924902,0.20043220667112643,-0.5364626828031513
Ham_Hamlet,0.2910743634945915,0.2597710614876019,1.9646335255966498,-0.10035548550616924,0.2560348018797394,0.6503887701642288,0.7602104773029342,1.1666586151721934,-0.08933150599401402,-0.040631249774752756,-0.8164169048554218,-0.36714689911217974,0.32509912933336765,-0.5755174369538686,-0.013233861136369552,-0.10675857354490365,-1.0434289704617765,-0.47886150465826954,-0.8493993010098193,-0.22317665815886942,-0.1656369771571868,-0.5375602888376061,0.4438911106196886,0.5044050566119932,-0.14647419070665488,0.6319325198101376,-0.14402100710956128,0.11565381891696583,0.7393935925682202,1.4198193421041787,-0.5512626859876147,-0.9717619389740321,-0.20403009520425952,1.6828701707204163,0.6243602554460529,-0.3829369466282668,-0.11111111111111109,0.014283422812897859,-0.41976392584585986,-0.2635411520647105,0.00834081034062216,-0.14920441235831386,-0.42802780081406716,0.03122057174511199,-0.184270749872798
Ham_Polonius,-1.1012186643259136,-0.14098950854249548,-0.644149822850048,0.6484683459348938,-0.3213857165711565,-0.38313316306043804,0.17479211058524094,-0.26147661866354205,-0.020697197411046715,-1.1664787194569117,0.612725039187998,-0.5182234905715695,1.6497455145829913,-1.6147232479973468,-0.5652226913437216,-0.7600454350172938,0.3946447923158026,-0.5875439014126753,-0.9369492581508837,-0.5012884673734567,0.23546842952027136,-0.5711434074973851,-1.864816620799286,-0.47786578123346163,-0.5715633161929935,-1.329387401037479,3.4577744852666434,1.099781721220081,0.38651269596625343,-0.9275755347255092,0.21149359400775822,1.016596150297892,-0.5481810080963883,0.21769243641481084,0.018605071429247697,-0.8104179661521896,-0.11111111111111109,-1.4998433028010205,-0.41976392584585986,-0.6040506645322868,-0.5731617615264357,0.66559873412161,-1.3293003444322193,1.8858834001540044,-0.9830731200784198
JC_Antony,1.898130458776319,1.1161774290021689,-0.6182329190540111,2.342081096210735,-0.6342461161596633,-1.0509369993772169,0.029240135004015864,-0.4649888722121983,-0.9534267269428564,1.7242991555552056,-1.3461192608594892,-0.47932652626757927,0.4660902672329322,-0.4244901596233216,-0.5652226913437216,0.7076878494918734,-1.7340814715059467,-0.26095398493299554,-0.1412973796961095,0.32547182255923035,-1.7401569672531774,0.9782222578613001,-1.0909367431823407,-0.47786578123346163,-0.5715633161929935,-1.4426744771495545,1.378819699749838,-1.3805741484110179,0.47605053050757123,0.36168627053597646,-0.040184051781801254,1.916427013020323,-0.5481810080963883,-1.2699624936901899,2.0628583729934857,-0.42625097437337733,-0.11111111111111109,-0.10982133041115155,-0.41976392584585986,3.986065940729701,-0.02021858838732457,-0.8523129909673619,-0.35884394037210743,1.6863905258504621,-0.26520849083841774
JC_Brutus,-0.08116480945300143,1.8838141096173875,-0.645727095620409,-0.38526913030676674,0.427388712509469,-0.7178618269152889,-0.5485154009850288,0.1615489132478961,-0.4882166876855022,-0.8201177213559938,-1.094278452087242,-0.043742983863967154,-0.20256303894707486,0.17468422865201128,-0.5652226913437216,-0.0566146114139371,-0.39539413709450505,-0.18416330866844555,1.0414909272315853,1.0483717411519957,0.7257695170796464,0.7426233519518399,-1.5584160537185199,-0.47786578123346163,-0.5715633161929935,-1.9662494533932098,-0.5749772098436661,-1.721496137009355,-0.25537640179062837,0.2830192027726311,0.6255870285106092,1.1887748165876757,-0.5481810080963883,0.5927180435970503,0.6909841066603081,0.2022264867206671,-0.11111111111111109,-0.069761578186537,1.4035906269053193,-0.6040506645322868,0.4652539566720423,-0.8523129909673619,-0.5648579889450936,0.16742761868387276,-0.2949806543537877
JC_Cassius,-0.03884619094734208,0.6928790604309389,-1.2811708629796188,-0.6725423941334989,0.10296090087536257,-0.810882151680476,-0.3746668266124224,-0.20488174337034465,1.728872870363432,0.3313027458976267,-1.231386867763892,-0.7869361795063395,1.8432318803790635,-0.45610424087427004,2.861713093249413,0.2539117325323139,-0.9967969231848915,0.6682210254829329,1.09504346325478,0.753409815029635,-0.4167725334571052,1.2477538462409319,-0.278302007361363,1.0467026974033162,-0.5715633161929935,-1.1897274862387184,-0.09098621083365828,-0.8558487197785037,1.040858100803721,-1.0983357028037484,-0.7876141033124076,0.2749761223522843,-0.5481810080963883,-0.49860737266767674,1.5936054629375376,0.25116148826581786,-0.11111111111111109,-0.9693154566996899,2.2085022173346265,3.6239487782504862,-0.06768211504116288,0.23897174915348504,-0.7537432533832854,0.8979457483931639,0.00877464113339665
Jn_Bastard,-0.7073146462758579,0.8537072603588416,0.3853216795022052,-0.4022807838042588,1.2069635411701478,-0.6141813653575378,0.8148445137750735,0.22753805089254237,0.2666168094536627,-1.1664787194569117,0.0696779330203115,-0.2237220381547408,0.7959625971825167,1.020929586550443,0.9935184939577215,-0.7600454350172938,-0.26152964476477886,-0.7856301480272595,-0.8394205131043481,-0.23391078959399053,-1.4347057654331743,0.02989563049270467,1.507053205217267,0.9090336687926495,-0.5715633161929935,0.12035680214135851,-1.6713550009310156,-0.4374173480600585,-0.7972279226429712,0.8489769771050572,0.3598605244370463,-0.9153805974623752,-0.5481810080963883,-1.3307787767523354,-0.8300340204863744,-0.5689883448983378,-0.11111111111111109,0.6191447043355717,-0.41976392584585986,-0.6040506645322868,-0.5831804949134468,-0.8523129909673619,0.1699720442468741,-0.6355354638328968,-0.9830731200784198
Jn_KingJohn,-0.8596344318548023,-0.72604979372014,0.2381573158592615,1.0455276982396893,-0.7720273529857486,-0.25456362821947953,0.7641333066424105,1.5260975527069307,1.2711815170243532,-0.6143857816848022,0.20810098850577655,0.04588651070309256,0.16297272222133247,2.1860009340338653,-0.5652226913437216,-0.7600454350172938,-0.5682680300080907,-0.5943050769849696,-0.010688823516305098,-0.2582997388435401,0.28690536963513663,0.02875384694842457,-1.0497964481633009,-0.47786578123346163,-0.5715633161929935,-0.07885804942761772,-1.6713550009310156,0.2437393973962346,0.23861500668963986,1.3629653708143274,-0.004725405739709882,-0.08826225772225293,-0.5481810080963883,-0.9125583482535903,-0.8972395101015912,-0.07671965982573316,-0.11111111111111109,0.4147503735880014,-0.41976392584585986,-0.6040506645322868,-1.2043323951137845,-0.8523129909673619,-1.148253805725913,-0.5084472551937504,0.6621366160510471
LLL_Berowne,0.4151016278408141,-0.04688793747860877,1.340469357079347,-0.5045130222427842,-1.144002790732305,0.9121528988797861,-0.3137240962999823,0.2569045009398953,0.14332163996010702,1.6914733761463214,0.11289887538450782,4.427683066642214,1.3582750732800413,-0.986981853902744,-0.5652226913437216,0.06913551757754219,0.34266636533252387,-0.8753141394581322,0.5273360709475797,-0.5189818031217174,-1.1106238783501554,-0.7798471784242087,0.2534766747938956,-0.47786578123346163,-0.032021153636637385,2.262125601744596,0.48260136718477337,1.026324314888724,-0.4778897281598426,-0.4635427160863693,0.7979854718142658,0.013083960986499443,0.762254262919718,-0.08332646795991394,0.8825460879337452,-0.701902353826489,-0.11111111111111109,0.018959007444978124,-0.41976392584585986,1.12470904925786,-0.5190370994766221,0.04010391708841272,-1.2753429713304647,0.19053818287719196,-0.17197251564343755
Lr_Edgar,-0.3345206292841239,2.1703015744239353,0.5487033013141485,-1.413900154056959,-0.12667724268866234,-0.09178737172615711,0.4163310095092933,-0.6817121394727844,-0.9534267269428564,-1.1664787194569117,-0.33332270409328785,0.35660511109478876,-0.817962530548704,0.10241155314462815,1.7168559067446658,-0.7600454350172938,0.3312040772250168,0.4057578025442093,-0.2914567894498667,-0.2311635832877001,-0.49798993622145915,-1.1926221188497532,2.326081541395801,1.552627531223067,0.30715627237918247,-0.34221408430573397,0.4334558386430939,1.1101023998235955,-1.012745788691367,0.791841530858189,-2.16177121879864,-0.02845410695878024,-0.5481810080963883,1.8176150157146234,0.5545469932359671,0.07324600706452294,-0.11111111111111109,-0.5334104273484549,-0.41976392584585986,0.8037123703752571,1.6420107021288466,-0.8523129909673619,-0.1671165781279961,-0.9456759444400266,0.9984124028772722
Lr_Gloucester,-0.20452837536774,-0.9156192821398913,-1.2811708629796188,-0.31739509376765807,-0.6215368672696197,0.36927531632649685,-0.43325781341954,-0.7424942643126584,0.038386956224752564,1.0488146850908928,-0.8791204893965797,-0.45766128808641376,-0.817962530548704,-0.2399954479395101,-0.5652226913437216,-0.7600454350172938,-0.0048202505253413875,-1.095930432546483,-0.10038333801129404,1.644585349018098,-0.6750872971041036,0.5636344215632305,-0.4529054728382414,-0.47786578123346163,0.4042763852698716,0.4797779851263663,0.6660891712915027,0.22076502365074963,1.836543993593533,-0.24305017995638808,-0.9954868042305037,-0.2704135732867197,-0.5481810080963883,0.9211290234566765,0.06374757357819004,-0.6141518537241161,-0.11111111111111109,0.49259243011823667,-0.41976392584585986,-0.6040506645322868,0.7858296265942903,0.7617515058857416,-0.6573083379719138,0.11711768708283941,0.4839191311629437
Lr_Kent,0.16879046865885533,-0.30351889530677706,1.3317706735620383,-0.356468770749014,0.02157469836293967,-0.3661352925846689,-0.1651344529500341,-1.169198372331135,0.0030439296530782992,1.6819906025006217,1.1426381173867275,-0.003689595073745061,-0.817962530548704,-0.4770319348466296,-0.5652226913437216,-0.7600454350172938,-0.2847465195356542,-0.5599133099476685,0.5717815986083212,-1.2739517017594806,0.97445062717706,0.25006877017850415,1.7568294460882725,-0.47786578123346163,-0.5715633161929935,1.4081068841133502,-1.6713550009310156,-0.5642503333726199,0.3711688027833629,0.3339250489314753,-0.9391211402141797,-1.9202315222626423,-0.5481810080963883,1.5892708779562439,1.778175793607411,-0.053329087030979445,-0.11111111111111109,-0.14162562368271958,-0.41976392584585986,-0.6040506645322868,-0.08421832739469477,-0.8523129909673619,-0.3775380737725036,1.4116566090048368,-0.2757149410277401
Lr_Lear,-1.1107722838201515,1.9340107587606035,-0.3479350391897974,-1.162119333016287,-0.7726862910008676,-0.5617706892751764,-1.1661948089024223,-1.3019860875183693,-0.042460886433455546,0.8682347075686627,0.18976306668607185,-0.30709298072298313,0.3871015648239407,1.8693171225522436,-0.5652226913437216,0.6174000141114611,0.36418752509793206,-0.2152952190896188,-1.1385623994261467,-0.38264031254535913,-0.30435476087578767,1.7944466712646596,1.342530664164336,-0.47786578123346163,-0.5715633161929935,1.344755178267596,-0.9557193154758185,-1.1461411686485967,-1.5839041734965535,-0.6450630009357813,-1.0106996019216177,0.36042415381735,0.5402744700415353,0.40713459668942587,0.9899329818523078,-0.6301505156159802,-0.11111111111111109,0.7761956823954398,-0.41976392584585986,0.11390848327056054,-0.6156582442505752,2.11267457870643,-0.7370980245841191,0.08063965505526989,0.3643370355314508
MM_Duke,-1.1890735822323337,-1.2137945949807802,-0.28050371915721983,1.6232999535373545,-0.1687309406278362,0.2603410342824507,0.6356013652402077,-1.3706058579247042,0.5117553243211976,0.742537167968082,0.861693252327974,0.7784663789367593,0.1511398246918778,-0.8534614939279156,-0.5652226913437216,-0.20618044389692206,-1.677874690643054,-0.1810131903227893,-0.4603542408736093,-0.3607549059756909,1.2998269184911613,0.23378350201663542,0.6337893947505003,0.3549160500969484,0.14922872356183634,-0.9711918531695305,-0.8080927508997675,1.4251966496010648,0.5473167784981564,0.1350329413898853,0.4220988879968647,-0.9837825811922093,-0.25640544432114376,0.4715225996766281,0.16426951203638565,3.1037601361449365,-0.11111111111111109,-1.2578483197987071,-0.41976392584585986,-0.6040506645322868,-0.34271985488635115,0.9360004572945207,0.41236671899360017,1.9001375349371772,1.7258665128645394
MM_Isabella,-0.79888613802883,-0.7848504915619184,-0.7274710754020549,2.1713283656160405,1.0910523560551841,-0.47048075222269203,-0.20824927513104818,0.6799963539181129,0.6680335069735527,-0.5628690188829819,-0.4278119265982324,-0.2277691712891215,1.3269735615385274,-1.146408132892587,-0.5652226913437216,-0.7600454350172938,-0.11847152854607916,-0.4936426207911269,-0.45090801383612883,-0.11075429000642881,0.7964040418969872,0.7164745864477534,-0.2443634894508446,-0.47786578123346163,-0.5715633161929935,-1.6286270342176905,-0.3975698002826064,-0.254483737924545,1.1432306454955512,0.5772180010906054,-0.03972253565497612,-0.22760449682519704,-0.5481810080963883,-1.4447754451946,0.2774691233788956,3.3608191579057296,-0.11111111111111109,-1.148516683963139,-0.41976392584585986,1.951790961950341,0.8363566820510172,-0.8523129909673619,-0.30260911494446,-0.06972077098749677,-0.3834974035853545
MV_Bassanio,-1.5106594997932568,-0.7495701822804085,3.328140133288261,4.448603889417316,-2.064659590437312,-0.7057907895553793,0.23420108457115063,-0.1947709913991264,-0.9534267269428564,-0.44865166053191763,-0.8696073985218313,-0.9801569211744888,-0.817962530548704,-1.2755199865030098,-0.5652226913437216,-0.7600454350172938,0.9762712582578998,0.010058415436094072,1.712339256193125,0.03825050801746605,-1.0571148392164575,-1.3551786240875454,0.9426392280536414,-0.47786578123346163,-0.5715633161929935,-0.4987170075537645,-0.9139471234447581,0.8344305366735026,0.38799989980358174,-0.2791024216517754,1.0767175388142405,-0.19137015190388018,0.9878049135863773,1.884139579868926,0.7792422372085187,-0.0472587785069159,-0.11111111111111109,-0.9338672750708951,-0.41976392584585986,-0.6040506645322868,-0.14838376432202918,0.7167150686739967,1.5355947715777603,1.3212899130595976,0.4429863775202244
MV_Portia,-0.5521501025088935,-1.141541152971939,1.7013877894084064,1.603629206517647,-0.30434169944784834,-0.6601013784494923,0.15924457119537005,0.16472193179323216,0.6842274987776935,-0.3536278860709914,0.4007503200141994,2.7222682594786534,-0.817962530548704,-0.6496104890983576,-0.5652226913437216,0.06537130406476373,-0.5450048857831685,1.185841313879759,0.09310177690943967,1.5122147436166027,-0.14493244188720275,-1.749082954750543,0.6599428635510507,-0.47786578123346163,-0.03447050066113511,-0.7688657529159809,-0.38484813948077906,0.7175546817611026,0.6513335498116434,0.5983146245617819,0.4591916500193807,0.15242902330703667,-0.11335223527934964,0.05562562248251376,-1.1846386453649826,-0.27030303354869323,-0.11111111111111109,-0.7552884906092978,1.7197888469665823,-0.6040506645322868,0.07817183886312663,-0.8523129909673619,0.5188193588038539,0.8382191176964753,1.0354730545686535
MV_Shylock,0.42314444614936797,1.9639384679707,1.1257679557045628,1.9953243277950483,0.16917058475794916,-0.10471846283751361,0.7017343277493089,-0.5216267388031146,1.6897625523780901,-0.5105042851872366,-0.3892099323495668,0.3319213481294997,-0.817962530548704,-0.4253440875272003,-0.5652226913437216,-0.7600454350172938,1.0317754723757655,-0.3913232508410425,-0.9969558990336717,-0.2960362007049775,-1.1456981650169178,-1.3565709226311942,-1.1363013377257787,-0.47786578123346163,-0.5715633161929935,-0.5902940517869685,0.40507913916466237,-0.728531419524518,-0.4521612124839592,-0.9612296012624999,-1.162661608794454,0.5562506192304174,-0.5481810080963883,0.5579969599683777,-0.21115682005810993,0.06133260062607959,8.999999999999996,-1.7897734654317845,-0.41976392584585986,-0.6040506645322868,-0.15330208757672012,-0.8523129909673619,-1.0564532399701962,0.7797338191159188,-0.33148262864926203
Mac_Macbeth,-0.24097270116152444,-0.7495701822804085,-0.9519343632461988,-0.34799032797072715,-0.2504994700416392,-0.360644579733542,1.0179873221602076,0.7752514054037039,0.4927826734809839,-0.08973813106942048,-1.0260315130319253,-0.7330922934225457,2.370548946944663,0.7916076179332912,1.8983682519422023,0.6978025387238513,0.1917126472279133,-0.4107263793214613,-1.0870979973905674,0.14045357702830652,-0.8857733949811002,-0.690105455757479,-0.032465505319727105,-0.47786578123346163,1.3256593490629038,0.7812774732442432,0.22216469278462825,-0.697875918047481,0.7366004792733869,-0.9071158962421132,-2.143910733233708,0.3741052309591007,0.603808433165686,-1.0136704346925194,-0.22384024450449055,0.4297157137713802,-0.11111111111111109,0.6849530805340689,1.4696711478998294,0.915683259617422,0.4438980807957741,-0.06779896114668259,-0.3674466461675334,-0.8049165514257528,-0.6265582456787587
Oth_Desdemona,0.10752298053935763,-0.42854086716817025,0.6070438632658811,-0.9044723739010928,-0.16831933256776935,-0.06120749395923185,-1.7826042499839738,-0.8037496211293094,-0.031848776703425785,0.8919376843396534,2.553021279909629,-0.057337968222411946,-0.817962530548704,-1.0012548647372124,4.144450246219436,-0.7600454350172938,2.5557676101765665,-0.6005224230635264,-1.3066818964147697,-1.1757164177624295,0.2077232899029183,-1.2826829108540538,-1.6927807656190643,1.617364289192251,-0.5715633161929935,-1.3543574355686467,-0.9473826643270454,-0.5472309095168121,0.4395365734545051,1.4663206809343692,-0.3864315033016904,0.5102215003104241,0.919999281237414,0.4390302659911459,0.33753275338508454,2.6545633792249803,-0.11111111111111109,-1.2513122232014824,-0.41976392584585986,-0.6040506645322868,0.7021513643761604,-0.8523129909673619,-1.0297968473570356,1.5257214470452853,-0.9830731200784198
Oth_Iago,0.4610923869154499,-0.16009133323347038,0.1504290659339432,0.0758678277954087,-0.06793183456584115,-0.08615037321720076,0.08734747703644909,-0.6657583305199565,-0.9534267269428564,-0.2746828155907371,-0.5796901541801337,0.21389443944596898,-0.02571001242344702,-0.5635717120823658,0.19994082705108976,-0.30725432214500664,-0.2441509099361674,-0.10478871452064484,0.7620717351639119,0.12351814468449261,0.5756723511630316,-0.5688178319370358,-0.25679646997865535,-0.47786578123346163,-0.27693535174096195,-0.7103635587361739,0.4458259790489982,0.42358258150162365,0.9094857402590734,-0.364806023622964,-0.13342860638419413,-0.033183497137292774,-0.07112113123545953,0.12376244146470242,0.24686184473274447,-0.3363607199966037,-0.11111111111111109,-0.6907244029860575,-0.41976392584585986,-0.6040506645322868,1.1869298838692341,-0.3649905992986941,0.9251328020310827,0.8765943191028783,-0.31869616318342436
Oth_Othello,-0.27256880297262553,1.74469336227424,-0.45563052830426415,0.14517690425681237,-0.35503290096548834,-0.32974286841321127,0.3894252749267971,0.1815321250416191,-0.5505065723146534,-0.26652505249746994,-1.3451694129210348,0.7972116393345309,0.24803707130888283,-0.040680681479221756,0.46432784627395857,-0.15080136825346976,0.8235179967854652,0.31987092571641895,-0.14839914723433092,-0.09686274371667575,0.3493960968026677,-0.5405604550435927,0.27149869785487496,-0.47786578123346163,1.0141598496742865,-0.6930255414115217,0.22779880847964054,-0.8630156625368539,-0.7060433743654654,-0.48532585185500915,-0.08101124922074708,0.7038468793593587,-0.5481810080963883,3.5040263589754312,0.2893879722480526,-0.4117565355333109,-0.11111111111111109,-0.25333784934311476,-0.41976392584585986,-0.6040506645322868,0.10351397166505599,-0.8523129909673619,-0.44320100899696,-0.6099514679111021,-0.6850933912543632
Per_Pericles,-0.533700171485837,-0.17873641837178034,0.9988056082448201,1.04658982390852,-0.6592176038455299,-0.8517576763669468,-0.4911096861519654,-0.5033410355489153,-0.9534267269428564,-0.3379816734720397,0.7131529566318451,-0.9039752314031141,0.6540757869525832,0.13090535284146101,-0.5652226913437216,0.9225642196652496,1.3558392823003187,0.10766781936529436,0.3491830864673325,1.4473495489743444,-0.5031013225050579,0.5983210402886273,-0.2353591588922635,-0.47786578123346163,-0.5715633161929935,-0.1980721608135905,-0.7971748188091756,-0.482830938444089,-0.5270040365088238,-0.810292793459631,-1.3096450192932227,0.6638739488982235,-0.10498240511592707,-0.8105950605628537,-1.307787814045504,-0.7003156920878751,-0.11111111111111109,-0.2587845313043607,-0.41976392584585986,-0.6040506645322868,-0.9750899525426313,-0.8523129909673619,0.7433359347003932,0.28987961751686264,-0.1601130028264167
R2_HenryIV,-1.1688755545170983,-0.7903919758367534,-0.7494125588258744,0.3076781094690038,-0.34268511920331046,1.1788809384098624,0.8588513041606626,1.478445888546658,-0.9534267269428564,-1.1664787194569117,0.9559077985023353,0.9199562765634544,-0.817962530548704,-0.5088597815398728,-0.5652226913437216,0.41725836765685576,0.7533520736862621,0.3657801378107796,-0.5130961431851572,-1.2410084450054262,1.5124299170942543,0.18394887518934444,-0.07489430490706846,-0.47786578123346163,6.32300576337331,-0.6040110943867986,0.16360829510795172,0.9661043602602715,-0.8792322766140492,-0.0136483966501096,-0.09425782007728996,-0.6398370932033044,-0.5481810080963883,-0.8416617924022648,-0.6162846209293013,-0.1941189899600208,-0.11111111111111109,3.1641953923923327,-0.41976392584585986,1.8505105245372768,-0.9652193280649584,0.41477571402143815,-0.8677281895530481,-0.6720505497600486,-0.9830731200784198
R2_RichardII,0.31860001325255277,0.02225125311297556,-0.9965688651507295,-0.7228466114169109,-0.5094039259953351,-0.3050499171589683,-0.1916845904650821,1.3854484717595723,-0.9534267269428564,-0.2357115571080906,-0.5083907112121362,0.44784511912839736,2.489532491405602,1.9269374817976226,-0.5652226913437216,-0.12994147298168374,-0.1991026485951331,0.8730930457705532,0.399674564881448,0.8397668137130984,-0.4559234562825285,-0.13757239244900604,-0.44460893157780496,-0.47786578123346163,3.118474279621464,1.7463892899738391,0.2928238973241696,0.47503733991887154,0.15311491690118878,-0.17794472031077563,-1.0853733674423882,-0.22257398339959644,-0.5481810080963883,-0.7367947191595297,0.15951134990676127,-0.31564453662391884,-0.11111111111111109,0.04937796910373068,-0.41976392584585986,0.7096533486362169,-1.6624764120044278,-0.8523129909673619,-0.6765303992113697,-1.5075072955814963,1.7905671364791875
R3_Buckingham,-0.7869809625235846,0.39262754767519736,-0.718209850548139,-0.9582507384089098,-3.5154372737039576,1.0146405096909001,0.7717151029379741,0.5019789825439005,-0.9534267269428564,-0.5527729970198041,3.8448332682900555,1.0604465110010062,-0.817962530548704,-0.7891611931998348,-0.5652226913437216,1.7327266966662218,-1.2671533304797515,-0.9535814545433692,1.4900422919381653,-0.9172374929310134,1.1375778468297397,0.03179943793245437,-0.35343042441200584,-0.47786578123346163,-0.5715633161929935,1.2322178558633756,0.918826257091634,3.135511622603913,0.3299316650824651,1.1494689480223248,-0.0017067423608799535,-1.2834090168666685,0.10841401573235637,-0.9795037687681591,-0.6921209063813997,0.3313912215051825,-0.11111111111111109,1.4078071932575906,-0.41976392584585986,-0.6040506645322868,-0.5108931671034358,-0.8523129909673619,2.431368768597069,-0.4561968551940359,1.4553439424456123
R3_RichardIII,1.1854597312289792,0.1679106711810888,0.05350889986986564,0.2836562730931888,-0.5576001843493705,1.0478263296267087,-0.31828487609803496,0.7654240813782799,-0.6742488597733707,-0.12720273054154596,0.6533583889737291,-0.4727199498370098,-0.817962530548704,-0.24353033420651402,-0.5652226913437216,1.7727758774594284,0.3980471230613575,1.6572985449878663,0.46562602857560254,0.7252548301889582,1.0901269745740378,0.569806556715813,-0.21925191226977636,-0.47786578123346163,0.2524811122432836,0.16280894965740636,-0.5747735735526024,0.3954231040180419,-0.5348786959380389,0.10150827069374324,0.7565057619928149,-0.6126955248352516,-0.5481810080963883,-0.5001047533329874,-1.5550244905275479,-0.2027184440065358,-0.11111111111111109,0.37335622035725924,1.7686679314866287,-0.6040506645322868,-0.5628563804294175,-0.39798261485650044,0.7517330484314354,-0.5253403623548827,-0.7766070393989727
Rom_FriarLawrence,-1.5106594997932568,-1.0547189246584001,-0.6576911143195499,-1.413900154056959,-1.466681689488706,-1.0509369993772169,-0.4385722132716655,0.9767112097033946,-0.04052442700935411,0.19288038757505427,-0.7061529867303857,-0.5385467180320844,-0.817962530548704,0.7808576755628165,-0.5652226913437216,0.6203280791414949,0.5798867148520246,1.51430336043638,-1.6668215254178493,1.6741979325834846,1.4840249887721184,-0.5260371475839104,-0.1832206387109871,-0.47786578123346163,-0.5715633161929935,0.1886586431241275,1.9144296361812696,1.014955371903375,-1.003491238016301,0.2487874349124686,2.6018622107150735,-1.0336520024740614,-0.5481810080963883,-0.8342322914503439,1.8902873946028431,3.163896309258925,-0.11111111111111109,-0.7500929022790166,-0.41976392584585986,0.8349199930743919,-0.46742697100229946,0.6333321623766275,3.168947153505318,-1.2594949503314308,0.36720125390049707
Rom_Juliet,-0.454323447993179,0.4801116758874324,-0.45943029370301003,-1.0813499401549307,0.315466962732143,-0.18948742385231065,-1.8728063539171873,0.5990425231274968,-0.35182831315838115,-1.1664787194569117,-0.9854411717975669,0.9923058083704418,-0.817962530548704,1.177120504217922,-0.5652226913437216,0.1496143572830646,1.3962077614647181,0.4273907033725449,-0.8557256568402244,-0.04522794428746669,0.6945659733125525,-2.704119804136405,0.4735057231507095,-0.47786578123346163,1.7960733739282346,0.39233823020185865,-0.7261487723930325,-1.1768025128433777,0.31774959291422766,-0.7514007281377648,0.4831037504507016,0.6695737570057779,-0.5481810080963883,-0.358319473370029,2.2049333278870384,4.784835501561653,-0.11111111111111109,1.5891750969211125,-0.41976392584585986,-0.6040506645322868,0.3497279935542099,-0.8523129909673619,-0.8445081929547265,-0.8144322024575247,1.6864006723045537
Rom_Romeo,0.6242767422346462,-0.7502747376198873,-0.5430371896603281,-0.21903880667717437,-0.1654774567466018,-0.08368382462933882,-1.8162592684187002,-0.09675370477760481,-0.41303713972714134,-0.3618104578253706,-1.5251002649765868,0.18743773343607834,-0.1031123571297345,0.8516650508053057,2.1964082851673377,1.6912775824866921,1.267148866607593,0.6853714924800371,-0.55579369174008,1.3192060503826137,4.445215494572801,-0.6028915646381575,0.6049838709822359,-0.47786578123346163,1.5551813432597792,-0.7730490181835807,1.3002761933913027,1.0695776440244513,0.46911862173844765,1.632822116486273,1.4883902131114597,0.518841719931049,-0.1177294438498609,0.17925575093030305,0.8382561804972002,0.15200218141664346,-0.11111111111111109,0.7415521384461967,3.8162659572668916,0.247743399012346,-1.2393797701755227,1.7859556536282286,-1.1028240865797447,-1.013433705915147,-0.9830731200784198
Shr_Petruchio,-0.523283657884355,0.5875344725835423,-0.5130755347575436,0.1403024449595351,-0.5858027925401795,-0.2457249662874383,-0.40360314563783756,-0.47598280347093347,2.4205208304993695,-1.1664787194569117,-0.5927099916792354,2.560455735266189,0.6697709205286351,0.11482246154629959,-0.5652226913437216,0.09022953358070297,0.45957656737697483,0.1266544765348956,0.15674723699260934,-0.5853105660428755,-1.4855646010081254,0.29051402500111445,0.2556437537241231,0.8005929710539822,-0.018295427091993856,3.0074739679787945,0.537397114671445,-2.2978512031750657,-0.32206348590378614,-1.1688469140848503,-0.31099612086822265,1.5297905203529802,-0.5481810080963883,-0.02615023791308606,-0.6548585306983108,-0.25403694597870397,-0.11111111111111109,-1.4960838470075237,-0.41976392584585986,0.2823186537428333,-0.47805704224737117,0.9779262495720157,2.988565351468714,0.25064447987668387,-0.9830731200784198
TGV_Proteus,1.4146238288769957,-2.168963124679151,-0.2697822854734085,-0.18600353912954348,0.15504325228492555,-0.5208060229119513,-1.3262316758690105,0.4666223956193247,0.5274537034418838,1.038629428058489,0.35612579828213786,1.1820845451511375,-0.817962530548704,-0.5616227031137586,-0.5652226913437216,-0.7600454350172938,1.1370775305982246,6.513498156283409,0.2729964108037556,0.3130660017099143,-0.24294756281534594,0.6387069903117033,0.692004754713667,1.2055432063844385,-0.5715633161929935,-0.5836996734107976,-1.0896806753147223,0.2815005913074906,0.21964556822835438,-0.5705254231611834,-0.4958286931437084,0.0725926425793531,0.04162245296357027,0.09691882211969977,-1.1823804991970268,-0.3708495522831077,-0.11111111111111109,-0.21084734613074685,-0.41976392584585986,-0.6040506645322868,-1.133234684615204,1.557652275023651,0.06894043755681842,0.9076080229743737,-0.9830731200784198
TGV_Valentine,0.024684086839956806,-1.6719521836422848,-1.2811708629796188,0.036146459266283196,0.3477513636139185,-0.7379160912258239,-1.0686485400127916,0.45249200089344377,-0.07902670551149436,2.088589299344909,0.12059334186637989,-0.5780121693129782,-0.817962530548704,-0.17127821747232652,-0.5652226913437216,-0.7600454350172938,0.7245819629397822,2.143111761286785,1.0264038453673825,0.03278065208436686,0.40113142556729886,0.2816652120376869,0.8012046070407897,-0.47786578123346163,0.2887537679064667,0.11923133302411149,0.38937603048447395,0.1769692548896863,-0.6625674660738671,-0.3960101074393892,1.390380627748909,0.36251282113240557,-0.5481810080963883,0.29723267306350165,-0.6574839800543177,-0.63738638186787,-0.11111111111111109,1.1427869934000456,-0.41976392584585986,-0.6040506645322868,0.2622626846247818,-0.8523129909673619,-0.773185261411076,0.19799532641219422,-0.9830731200784198
TNK_Arcite,-0.01516107196999394,0.1188083421153195,-0.35047330525631554,-0.6606121128654651,-0.5983108609401661,0.6564884710605491,-0.3770853149277665,1.4921549603473254,-0.9534267269428564,-0.15188906862820284,-1.232800650797761,-0.7758750168138613,0.9847172132091052,-0.14319133863318814,-0.5652226913437216,-0.7600454350172938,0.05976738671471051,-0.4835911987219083,0.6176061627699463,-0.05301877845186973,1.0631384448890655,1.2783681330604004,1.6320982915720936,-0.47786578123346163,0.7692209699058026,-0.2080524000853543,-0.6008211106308565,-0.5863459456937304,-2.1579023489568985,0.6839844253741145,0.25886710108895866,1.3799029137616636,-0.005433489532600452,-0.4691219443603596,0.3249904696512683,-0.5407522423219581,-0.11111111111111109,-0.5668319254811023,2.2507975247158174,-0.6040506645322868,-0.6259322571519776,-0.8523129909673619,-0.0670950655034416,0.7727836710881854,-0.47916859678823703
TNK_Daughter,-0.2152133485714828,-0.1932843520328793,-1.2811708629796188,-0.3263651940645273,-0.7473365833158405,-0.6987884777068997,-0.6025282282030895,0.11925894683285322,0.030273297167425994,-0.43408841522650204,0.6052972867650939,-0.9701320475353392,-0.817962530548704,0.09821347287188645,-0.5652226913437216,-0.7600454350172938,0.4303900378065574,-0.5282230061298536,-0.11608900236481036,2.2110021400515856,0.01264784272418943,-0.951601829113135,-1.4833521439385362,-0.47786578123346163,0.3962934034188993,-0.4692581467936876,-0.8985808641502071,-1.824476944781362,0.42915096624459315,-1.5351293708324512,0.14292972048067562,1.1369048770043737,0.2353929617673002,0.08818010094897268,-0.1457674915102796,0.5522057600868274,-0.11111111111111109,0.469887287217441,-0.41976392584585986,-0.6040506645322868,2.2542080572236842,-0.8523129909673619,-0.988924177224406,-0.21396068996158335,-0.9830731200784198
TNK_Emilia,0.5009682634860834,-0.9630159689055108,-0.029269148139614513,0.10599626563978089,0.40416695921422535,-1.0509369993772169,0.48474003204838834,1.1427558256558321,-0.03690621667425188,-1.1664787194569117,-0.47892863447711015,-1.0045620856231563,-0.817962530548704,-0.3300296851141195,-0.5652226913437216,0.6257990717280998,0.2657894053894213,-1.406412676184766,0.10869414328656428,0.41668229860790923,-0.45637501948883274,1.3056354480580663,0.5560326630332519,-0.47786578123346163,-0.5715633161929935,-0.991289409378473,-0.951355683247433,-0.08600953891154582,-0.25335076995573225,0.8528535727927604,0.3432936377694459,-1.6909832830914884,0.18188059309368243,-0.07702241945372862,1.3152098280471602,-0.629051323844418,-0.11111111111111109,1.82075955767804,-0.41976392584585986,-0.6040506645322868,0.9557042321206405,-0.8523129909673619,-0.12859947635905386,-1.0913179765199552,-0.30526008448199105
TNK_Palamon,-0.45601189722682545,-0.055058602764643264,-1.2811708629796188,-0.08582549362264488,0.6510470452036802,-0.19086436623077202,-0.5114182379846212,0.6510070206710792,-0.9534267269428564,-1.1664787194569117,-0.11963633095825346,-0.5507926589993836,-0.023414775357949256,1.1044336170921654,0.9695378603376993,-0.7600454350172938,0.4240295377129541,-0.6245237285858896,-0.625055679586298,-0.8920016219172673,-0.8042621105206835,1.3732159470886962,-0.3448800133016217,-0.47786578123346163,-0.5715633161929935,-0.4645468807214947,-1.6713550009310156,-0.8985007096520035,-1.2230850160238098,-1.5351293708324512,-0.0860011229043014,0.45718322467075223,-0.5481810080963883,0.13087372599476843,0.5822618611792477,-0.09727200798696577,-0.11111111111111109,-0.43398978064782373,-0.41976392584585986,-0.6040506645322868,0.5881324175705493,2.0800922977210035,0.14218569087900845,0.019227412830306816,-0.5388719698773636
TN_TobyBelch,0.15553723342801498,-1.824917821394982,1.959231302957261,-0.889356776888892,0.8226941627701503,-0.3715393464577161,0.883495106776592,-0.2766825092191397,-0.004503976412230429,0.24651671597751507,-1.1876236801468347,1.930027311524851,-0.817962530548704,0.9700670244400236,-0.5652226913437216,-0.7600454350172938,-0.3081996262435542,0.5356852129278553,-1.285509290952644,0.150486769724761,-1.073340354769048,-0.7883249104057904,1.1719146956650002,-0.47786578123346163,-0.5715633161929935,-0.3545649916361724,1.3104603551323066,-1.2851507046984778,1.3838993772314476,0.9372772122138541,0.4227533349344144,0.6525018992494218,-0.5481810080963883,-1.0344593609907393,1.2099489196973028,-0.8104179661521896,-0.11111111111111109,-0.9551585781486119,-0.41976392584585986,-0.6040506645322868,-0.8954665462319856,0.6919513682377382,2.4220388326424085,-1.200822442918882,-0.9830731200784198
TN_Viola,-0.6565314656759447,-0.8064622802337745,-0.6167311178865421,-0.8761158761060088,1.1940730852894377,-0.354389502791787,-0.566958270428098,1.1051370254520378,2.938077834456526,-0.4421470787681959,-0.6996501513432273,-0.4770725723669722,-0.817962530548704,-1.146408132892587,-0.5652226913437216,2.182071058267425,2.2362329350354804,-1.106950455048687,-0.5136814432260891,-2.534290042637919,-0.7020110822963189,-0.4419713610545828,2.743900657857909,-0.47786578123346163,-0.5715633161929935,0.8708448684126339,-0.14281276015292438,-1.0948051685246625,-1.2091604735617636,-0.901425159255534,1.1488660973718057,-0.3417243831531443,-0.5481810080963883,1.922333721867265,-0.22861682775074246,-0.4253806931622279,-0.11111111111111109,-1.1938913861276148,-0.41976392584585986,-0.6040506645322868,0.38812008178953405,-0.8523129909673619,-0.6759980216660421,1.0420243602485233,0.4559085995049372
Tim_Timon,0.42582741853968326,0.46613071237595055,-1.2811708629796188,-0.5271587352370893,-0.22423590095886337,-0.18954488446967488,0.40869043810968436,-0.6367568763496493,-0.5523878697282055,0.3264406840437099,-0.2701903030134353,-0.24107244776072512,-0.817962530548704,1.166026308558076,-0.5652226913437216,0.4527533862540219,-0.05406172186034369,-0.6229150831879979,-0.15713908333989093,2.0370594888149847,0.4805694772991451,-0.9259965354912576,0.788620550850591,-0.47786578123346163,0.6121760655308368,0.5100204903797655,-0.09611636565743571,-0.17968885285298772,-1.7947066366712539,-0.2290020937695685,-1.3035704113900577,0.2643776598682302,-0.22873036083072232,-0.24887294831328485,-0.16503780294043233,-0.09617793401165889,-0.11111111111111109,-1.160623061274899,-0.41976392584585986,1.9245141036100786,0.0003978144342172999,0.452977694721474,-0.5807010206213815,0.37511050191620393,-0.9830731200784198
Tit_Aaron,-0.3025778891329756,-0.03882500039306413,-0.028123067839181202,-0.3997082597216306,0.45863842197626636,-0.39413755950874624,0.8380352999980464,0.2045186117234736,-0.9534267269428564,-0.48348062066895575,0.9170898085225099,0.40633026355490814,-0.817962530548704,-0.12997363073662802,1.7788348494452657,-0.7600454350172938,0.014058492600069155,0.46221695188394424,2.5966778112464777,1.6921968169123012,-0.7809398290085975,-0.5400515657582523,-0.5730331786881389,-0.47786578123346163,1.2336061285027307,-0.7808817285692006,-0.950696544415254,-0.9654618271774859,-0.36643260236299424,-0.9375871023635242,-1.182270421270793,-1.6414443701936154,-0.5481810080963883,-0.8269250005696733,0.36902746058574826,-0.08428725297612505,-0.11111111111111109,0.5409536500614273,-0.41976392584585986,0.8419457881679855,-0.2604118480364587,0.6405858463722037,-0.7307879889717156,0.2746845848898423,-0.30463956598739556
Tit_Titus,-0.7221158411668767,0.6761890730573904,-0.6677502438169038,-1.16565494657736,-0.17967712100528255,-0.7294055138007336,-0.11445973559231,-0.2574069089915245,0.3938337781427529,0.1709486900011891,-0.2654404819865812,0.1368379838576007,-0.22389149458668917,0.31835150646348914,0.5822939745011411,-0.08099404838375769,0.2886036792972664,-0.23576606479972112,0.06607722104114927,1.0494104802986035,-0.6485983393663973,0.21175578861617678,0.2974250214474608,-0.47786578123346163,-0.5715633161929935,-0.5243398429925059,-0.9657685766698413,-1.0057265776740736,-0.3177808745330522,-0.9500842516891367,-1.0098535649034426,1.2855495023824353,-0.1904573672383913,0.6140995876109071,0.0005464252918252019,-0.18834176247928305,-0.11111111111111109,1.6129413254162692,-0.41976392584585986,-0.6040506645322868,-0.8986015361705285,-0.8523129909673619,0.1366953886101263,-0.3553506757858951,0.3454161280579927
Tmp_Prospero,0.33014651619453356,1.4541835724781655,-0.5651747645183782,0.6143952133500241,-0.46409705864597656,0.2626046179848448,0.938789815585577,-1.4341218967475617,0.6191211058458215,0.39459173894108795,-0.4723601543899208,-0.3996950564265059,-0.1245516299855431,1.6048069669409364,-0.5652226913437216,-0.7600454350172938,0.7232983291471033,0.30960925334312905,0.6178821366054846,-0.41294886473771536,-0.4083775907201108,-1.0245969193312294,0.7374166625468142,-0.47786578123346163,0.9756573299102029,0.17562668941610593,-0.8477812391168391,0.6279197004991737,-0.37288848793105994,-0.8522536903537505,-0.17326872519561165,-0.7194442928788772,0.2869025322361076,0.6768756850808795,-0.4298788083158103,-0.39550421775149847,-0.11111111111111109,-0.08258699798075182,-0.41976392584585986,-0.6040506645322868,-1.387631541216725,0.0007348712753158454,0.7780283275128071,-0.71870214013696,0.9552239651493802
Tro_Pandarus,-0.023754922090443026,1.489805485720399,-0.12448420814153027,-0.945800599446132,-0.06534695846747329,-0.4446463615042652,-2.233174640708969,0.5533592996459387,-0.10661341041299077,-0.5360041364349027,0.23035522454492083,-1.0402875798724265,-0.817962530548704,-0.6556437354318366,-0.5652226913437216,-0.7600454350172938,-1.2159708029936906,-1.4266944743820977,-1.692407303264044,1.8084652424790286,-0.8812364665985302,-0.07050348714543213,-1.2787073420198247,-0.47786578123346163,1.0947860557134539,1.577077484717535,0.3243614176623515,-1.3358708994889328,-1.421826291722692,0.1196419084120618,-1.8565742421704,3.451170588131862,-0.5481810080963883,-0.2484408093363703,0.7572834094398324,-0.6428454064988119,-0.11111111111111109,-1.0980293393012577,-0.41976392584585986,-0.6040506645322868,1.329206502620216,1.9038726371801067,-1.0789875781357734,2.4620473235263196,-0.3568120618372123
Tro_Troilus,0.4585143840222899,-0.026157385938123324,-0.8434989780216979,0.003071424598709676,-0.19383066617453776,0.7843490926705153,0.3785005158807285,-0.6033630755701398,0.9690976433498463,1.2191371084349365,-0.28442581985254267,-1.1458498051880495,1.7252339188627608,0.07310341046718581,1.0722696474253066,0.20895264260472513,0.05987649015906069,-1.1137087789196198,-0.5316664121240013,-0.6259605052843861,0.6481178756784244,0.0333492153807438,0.457408044381809,-0.47786578123346163,0.6894770313379994,0.444550911720212,-0.6644917470396702,0.7391770967671726,-0.6644713977632488,-0.7002770946556558,0.19073772146582202,1.0157938212536097,-0.5481810080963883,-0.9300511422043509,-0.3413252530213532,-0.4299771730785438,-0.11111111111111109,0.7657618135556346,2.091964302650861,-0.6040506645322868,-1.7029500013744603,1.2334808653369471,-0.16041499615914537,0.3083699496120372,0.4387303909573635
Tro_Ulysses,-0.31777560129721416,-0.7222861948644104,3.3586456620771203,-0.287287666688528,0.27019070723873034,5.272297562845768,1.6725813127072628,-0.4137060926066449,-0.9534267269428564,3.891565957894799,-0.11376372053690068,-0.08156751574177186,0.9794212049223592,-0.4094635923663838,1.17070421513436,3.3489443793328904,-2.2999104795823904,-0.6847515808792063,1.6618966655296805,-0.0160152796980075,0.5709580114772903,0.8191436358219522,0.08633444863702347,1.0666857418690638,0.09685931321580744,1.5696672941289829,0.46342263703703046,1.5958185958402415,1.0046881113492627,0.23494612184341193,0.9943317245732151,-1.0725558721387598,-0.00702800201651667,-0.47459144790558794,-0.8092064733808209,-0.13823425228835806,-0.11111111111111109,0.9490250564333196,-0.41976392584585986,-0.6040506645322868,-1.1934544836528667,-0.8523129909673619,-0.0717046917563439,-1.918397881572711,0.5241992573834694
WT_Leontes,-0.389670871937967,0.37471780277358946,0.11408487085497664,0.5623611323988766,0.61108869045076,-0.3195976298736564,-0.8371563729244257,-0.9761504552185541,0.06804363448460642,-0.02571176240893414,-0.6934287378934061,2.190295926830908,-0.1423404587291784,0.7215093050135686,-0.5652226913437216,-0.7600454350172938,0.07707099650616989,0.8531531055778037,1.1433835185296777,-1.1967119244082889,-1.3590437314368322,0.6865453175309467,-1.1838378969175714,-0.47786578123346163,-0.5715633161929935,-0.514446920473301,-0.8689092781983785,0.3501022617875475,1.067818410072723,0.12826343733325857,0.1758365455872521,0.7031531081797981,-0.14135089394357955,1.5765723105385234,0.333111309646971,-0.6082832101992536,-0.11111111111111109,1.5760468542615726,-0.41976392584585986,0.20100036766254717,0.36547725432134726,-0.021149299162782065,0.38006129773785563,-0.542019098732399,-0.2276443885948022
Wiv_Falstaff,0.9090110254622961,-1.6179668648645638,0.1305541970737439,0.49047002571434,1.9669165452633115,0.18234959496668535,0.5376343185985392,-0.36491348168492455,-0.26440832820780646,-0.6534865650383622,-0.411401502392907,-0.41490385809406327,0.09350011321240707,-0.3951666791472451,-0.5652226913437216,-0.7600454350172938,1.3253382169251393,-0.06928277743285281,0.9139788482034229,-1.5260327016869573,-0.860678922630334,0.6234799253178654,-1.2379429845485146,-0.47786578123346163,-0.5715633161929935,-1.0228963756866085,1.0350371168802965,0.31557891857103776,-1.8538142323907403,1.1577141044451198,-2.026439450919279,0.4595473559645091,0.0006620017370822608,1.4344304766985962,0.46604376480698484,-0.1286822490200662,-0.11111111111111109,-0.161931508434148,-0.41976392584585986,0.4820209319606751,3.155276491563305,-0.8523129909673619,-0.9561405647595337,-0.35996067772114887,0.036054432869683115
Wiv_MasterFord,1.0197869291832475,-0.009478361072132206,1.3434616871483545,-0.35173753413466075,1.4286676745538975,2.732324331549399,-0.677742081009968,-1.761939089246651,2.8895739425119507,0.9794318938970018,-2.0377974165788353,-1.474286176678375,-0.817962530548704,-1.130659198563486,-0.5652226913437216,-0.7600454350172938,0.7677441932543174,0.5632153737090496,0.21143291659197344,0.505252227155366,0.3051838024221551,0.18744314951682567,1.8941289822657363,1.7064232854743286,0.37371317314351793,1.6677194448277513,0.592880628984757,-0.9920007442249743,-0.6129316297910523,0.3422877085277343,0.2464002059021953,-0.8977716145228708,-0.5481810080963883,0.03174363750044001,-0.4642264905215459,-0.4301798154526109,-0.11111111111111109,-0.13204504822682553,-0.41976392584585986,0.9103406347642273,1.2138266218685339,0.7111991502796041,-1.004023832885358,1.4089969335504986,-0.9830731200784198
Wiv_MistressPage,-0.229881939737048,-0.7442278800499543,0.7115034938669748,-0.8762898600199367,0.667552887161366,1.0380294494571196,-0.20758513644326881,1.4564819024966404,-0.9534267269428564,-0.4423814144656041,-0.3864351875962827,-1.474286176678375,1.7551280645530285,-0.7302991978563567,-0.5652226913437216,-0.7600454350172938,-0.6280196028477031,0.5907078529123887,-1.2672062973461407,-0.3723307308832496,0.33457014912805266,1.328981929031597,-0.20940675748798462,-0.47786578123346163,-0.5715633161929935,-0.7822169893445163,-0.1433072739804164,-0.9628983558015385,0.9849403291577342,-1.5351293708324512,-0.2976267357660533,1.024539128154522,0.22652039983095953,-1.2679031711837048,-0.6646736002658706,-0.23304890749529134,-0.11111111111111109,-0.3777632911628163,-0.41976392584585986,-0.6040506645322868,0.685300996100717,-0.8523129909673619,-0.9962527395538785,0.2986271890544054,-0.2638150298952148
